======== Resolving module './client' from '/Users/marcela-dev/Projects/motherboard-systems-hq-clean/db/audit.ts'. ========
Explicitly specified module resolution kind: 'Node10'.
Loading module as file / folder, candidate module location '/Users/marcela-dev/Projects/motherboard-systems-hq-clean/db/client', target file types: TypeScript, Declaration.
File '/Users/marcela-dev/Projects/motherboard-systems-hq-clean/db/client.ts' exists - use it as a name resolution result.
======== Module name './client' was successfully resolved to '/Users/marcela-dev/Projects/motherboard-systems-hq-clean/db/client.ts'. ========
======== Resolving module 'better-sqlite3' from '/Users/marcela-dev/Projects/motherboard-systems-hq-clean/db/client.ts'. ========
Explicitly specified module resolution kind: 'Node10'.
'baseUrl' option is set to '/Users/marcela-dev/Projects/motherboard-systems-hq-clean', using this value to resolve non-relative module name 'better-sqlite3'.
Resolving module name 'better-sqlite3' relative to base url '/Users/marcela-dev/Projects/motherboard-systems-hq-clean' - '/Users/marcela-dev/Projects/motherboard-systems-hq-clean/better-sqlite3'.
Loading module as file / folder, candidate module location '/Users/marcela-dev/Projects/motherboard-systems-hq-clean/better-sqlite3', target file types: TypeScript, Declaration.
File '/Users/marcela-dev/Projects/motherboard-systems-hq-clean/better-sqlite3.ts' does not exist.
File '/Users/marcela-dev/Projects/motherboard-systems-hq-clean/better-sqlite3.tsx' does not exist.
File '/Users/marcela-dev/Projects/motherboard-systems-hq-clean/better-sqlite3.d.ts' does not exist.
Directory '/Users/marcela-dev/Projects/motherboard-systems-hq-clean/better-sqlite3' does not exist, skipping all lookups in it.
Loading module 'better-sqlite3' from 'node_modules' folder, target file types: TypeScript, Declaration.
Searching all ancestor node_modules directories for preferred extensions: TypeScript, Declaration.
Directory '/Users/marcela-dev/Projects/motherboard-systems-hq-clean/db/node_modules' does not exist, skipping all lookups in it.
Found 'package.json' at '/Users/marcela-dev/Projects/motherboard-systems-hq-clean/node_modules/better-sqlite3/package.json'.
File '/Users/marcela-dev/Projects/motherboard-systems-hq-clean/node_modules/better-sqlite3.ts' does not exist.
File '/Users/marcela-dev/Projects/motherboard-systems-hq-clean/node_modules/better-sqlite3.tsx' does not exist.
File '/Users/marcela-dev/Projects/motherboard-systems-hq-clean/node_modules/better-sqlite3.d.ts' does not exist.
'package.json' does not have a 'typesVersions' field.
'package.json' does not have a 'typings' field.
'package.json' does not have a 'types' field.
'package.json' has 'main' field 'lib/index.js' that references '/Users/marcela-dev/Projects/motherboard-systems-hq-clean/node_modules/better-sqlite3/lib/index.js'.
File name '/Users/marcela-dev/Projects/motherboard-systems-hq-clean/node_modules/better-sqlite3/lib/index.js' has a '.js' extension - stripping it.
File '/Users/marcela-dev/Projects/motherboard-systems-hq-clean/node_modules/better-sqlite3/lib/index.ts' does not exist.
File '/Users/marcela-dev/Projects/motherboard-systems-hq-clean/node_modules/better-sqlite3/lib/index.tsx' does not exist.
File '/Users/marcela-dev/Projects/motherboard-systems-hq-clean/node_modules/better-sqlite3/lib/index.d.ts' does not exist.
Loading module as file / folder, candidate module location '/Users/marcela-dev/Projects/motherboard-systems-hq-clean/node_modules/better-sqlite3/lib/index.js', target file types: TypeScript, Declaration.
File name '/Users/marcela-dev/Projects/motherboard-systems-hq-clean/node_modules/better-sqlite3/lib/index.js' has a '.js' extension - stripping it.
File '/Users/marcela-dev/Projects/motherboard-systems-hq-clean/node_modules/better-sqlite3/lib/index.ts' does not exist.
File '/Users/marcela-dev/Projects/motherboard-systems-hq-clean/node_modules/better-sqlite3/lib/index.tsx' does not exist.
File '/Users/marcela-dev/Projects/motherboard-systems-hq-clean/node_modules/better-sqlite3/lib/index.d.ts' does not exist.
File '/Users/marcela-dev/Projects/motherboard-systems-hq-clean/node_modules/better-sqlite3/lib/index.js.ts' does not exist.
File '/Users/marcela-dev/Projects/motherboard-systems-hq-clean/node_modules/better-sqlite3/lib/index.js.tsx' does not exist.
File '/Users/marcela-dev/Projects/motherboard-systems-hq-clean/node_modules/better-sqlite3/lib/index.js.d.ts' does not exist.
Directory '/Users/marcela-dev/Projects/motherboard-systems-hq-clean/node_modules/better-sqlite3/lib/index.js' does not exist, skipping all lookups in it.
File '/Users/marcela-dev/Projects/motherboard-systems-hq-clean/node_modules/better-sqlite3/index.ts' does not exist.
File '/Users/marcela-dev/Projects/motherboard-systems-hq-clean/node_modules/better-sqlite3/index.tsx' does not exist.
File '/Users/marcela-dev/Projects/motherboard-systems-hq-clean/node_modules/better-sqlite3/index.d.ts' does not exist.
File '/Users/marcela-dev/Projects/motherboard-systems-hq-clean/node_modules/@types/better-sqlite3.d.ts' does not exist.
Directory '/Users/marcela-dev/Projects/node_modules' does not exist, skipping all lookups in it.
File '/Users/marcela-dev/node_modules/better-sqlite3.ts' does not exist.
File '/Users/marcela-dev/node_modules/better-sqlite3.tsx' does not exist.
File '/Users/marcela-dev/node_modules/better-sqlite3.d.ts' does not exist.
File '/Users/marcela-dev/node_modules/@types/better-sqlite3.d.ts' does not exist.
Directory '/Users/node_modules' does not exist, skipping all lookups in it.
Directory '/node_modules' does not exist, skipping all lookups in it.
'baseUrl' option is set to '/Users/marcela-dev/Projects/motherboard-systems-hq-clean', using this value to resolve non-relative module name 'better-sqlite3'.
Resolving module name 'better-sqlite3' relative to base url '/Users/marcela-dev/Projects/motherboard-systems-hq-clean' - '/Users/marcela-dev/Projects/motherboard-systems-hq-clean/better-sqlite3'.
Loading module as file / folder, candidate module location '/Users/marcela-dev/Projects/motherboard-systems-hq-clean/better-sqlite3', target file types: JavaScript, JSON.
File '/Users/marcela-dev/Projects/motherboard-systems-hq-clean/better-sqlite3.js' does not exist.
File '/Users/marcela-dev/Projects/motherboard-systems-hq-clean/better-sqlite3.jsx' does not exist.
Directory '/Users/marcela-dev/Projects/motherboard-systems-hq-clean/better-sqlite3' does not exist, skipping all lookups in it.
Loading module 'better-sqlite3' from 'node_modules' folder, target file types: JavaScript, JSON.
Searching all ancestor node_modules directories for fallback extensions: JavaScript, JSON.
Directory '/Users/marcela-dev/Projects/motherboard-systems-hq-clean/db/node_modules' does not exist, skipping all lookups in it.
File '/Users/marcela-dev/Projects/motherboard-systems-hq-clean/node_modules/better-sqlite3/package.json' exists according to earlier cached lookups.
File '/Users/marcela-dev/Projects/motherboard-systems-hq-clean/node_modules/better-sqlite3.js' does not exist.
File '/Users/marcela-dev/Projects/motherboard-systems-hq-clean/node_modules/better-sqlite3.jsx' does not exist.
'package.json' has 'main' field 'lib/index.js' that references '/Users/marcela-dev/Projects/motherboard-systems-hq-clean/node_modules/better-sqlite3/lib/index.js'.
File name '/Users/marcela-dev/Projects/motherboard-systems-hq-clean/node_modules/better-sqlite3/lib/index.js' has a '.js' extension - stripping it.
File '/Users/marcela-dev/Projects/motherboard-systems-hq-clean/node_modules/better-sqlite3/lib/index.js' exists - use it as a name resolution result.
'package.json' does not have a 'peerDependencies' field.
Resolution of non-relative name failed; trying with '--moduleResolution bundler' to see if project may need configuration update.
'baseUrl' option is set to '/Users/marcela-dev/Projects/motherboard-systems-hq-clean', using this value to resolve non-relative module name 'better-sqlite3'.
Resolving module name 'better-sqlite3' relative to base url '/Users/marcela-dev/Projects/motherboard-systems-hq-clean' - '/Users/marcela-dev/Projects/motherboard-systems-hq-clean/better-sqlite3'.
Loading module as file / folder, candidate module location '/Users/marcela-dev/Projects/motherboard-systems-hq-clean/better-sqlite3', target file types: TypeScript, Declaration.
File '/Users/marcela-dev/Projects/motherboard-systems-hq-clean/better-sqlite3.ts' does not exist.
File '/Users/marcela-dev/Projects/motherboard-systems-hq-clean/better-sqlite3.tsx' does not exist.
File '/Users/marcela-dev/Projects/motherboard-systems-hq-clean/better-sqlite3.d.ts' does not exist.
Directory '/Users/marcela-dev/Projects/motherboard-systems-hq-clean/better-sqlite3' does not exist, skipping all lookups in it.
Loading module 'better-sqlite3' from 'node_modules' folder, target file types: TypeScript, Declaration.
Searching all ancestor node_modules directories for preferred extensions: TypeScript, Declaration.
Directory '/Users/marcela-dev/Projects/motherboard-systems-hq-clean/db/node_modules' does not exist, skipping all lookups in it.
File '/Users/marcela-dev/Projects/motherboard-systems-hq-clean/node_modules/better-sqlite3/package.json' exists according to earlier cached lookups.
File '/Users/marcela-dev/Projects/motherboard-systems-hq-clean/node_modules/better-sqlite3.ts' does not exist.
File '/Users/marcela-dev/Projects/motherboard-systems-hq-clean/node_modules/better-sqlite3.tsx' does not exist.
File '/Users/marcela-dev/Projects/motherboard-systems-hq-clean/node_modules/better-sqlite3.d.ts' does not exist.
'package.json' does not have a 'typings' field.
'package.json' does not have a 'types' field.
'package.json' has 'main' field 'lib/index.js' that references '/Users/marcela-dev/Projects/motherboard-systems-hq-clean/node_modules/better-sqlite3/lib/index.js'.
File name '/Users/marcela-dev/Projects/motherboard-systems-hq-clean/node_modules/better-sqlite3/lib/index.js' has a '.js' extension - stripping it.
File '/Users/marcela-dev/Projects/motherboard-systems-hq-clean/node_modules/better-sqlite3/lib/index.ts' does not exist.
File '/Users/marcela-dev/Projects/motherboard-systems-hq-clean/node_modules/better-sqlite3/lib/index.tsx' does not exist.
File '/Users/marcela-dev/Projects/motherboard-systems-hq-clean/node_modules/better-sqlite3/lib/index.d.ts' does not exist.
Loading module as file / folder, candidate module location '/Users/marcela-dev/Projects/motherboard-systems-hq-clean/node_modules/better-sqlite3/lib/index.js', target file types: TypeScript, Declaration.
File name '/Users/marcela-dev/Projects/motherboard-systems-hq-clean/node_modules/better-sqlite3/lib/index.js' has a '.js' extension - stripping it.
File '/Users/marcela-dev/Projects/motherboard-systems-hq-clean/node_modules/better-sqlite3/lib/index.ts' does not exist.
File '/Users/marcela-dev/Projects/motherboard-systems-hq-clean/node_modules/better-sqlite3/lib/index.tsx' does not exist.
File '/Users/marcela-dev/Projects/motherboard-systems-hq-clean/node_modules/better-sqlite3/lib/index.d.ts' does not exist.
File '/Users/marcela-dev/Projects/motherboard-systems-hq-clean/node_modules/better-sqlite3/lib/index.js.ts' does not exist.
File '/Users/marcela-dev/Projects/motherboard-systems-hq-clean/node_modules/better-sqlite3/lib/index.js.tsx' does not exist.
File '/Users/marcela-dev/Projects/motherboard-systems-hq-clean/node_modules/better-sqlite3/lib/index.js.d.ts' does not exist.
Directory '/Users/marcela-dev/Projects/motherboard-systems-hq-clean/node_modules/better-sqlite3/lib/index.js' does not exist, skipping all lookups in it.
File '/Users/marcela-dev/Projects/motherboard-systems-hq-clean/node_modules/better-sqlite3/index.ts' does not exist.
File '/Users/marcela-dev/Projects/motherboard-systems-hq-clean/node_modules/better-sqlite3/index.tsx' does not exist.
File '/Users/marcela-dev/Projects/motherboard-systems-hq-clean/node_modules/better-sqlite3/index.d.ts' does not exist.
File '/Users/marcela-dev/Projects/motherboard-systems-hq-clean/node_modules/@types/better-sqlite3.d.ts' does not exist.
Directory '/Users/marcela-dev/Projects/node_modules' does not exist, skipping all lookups in it.
File '/Users/marcela-dev/node_modules/better-sqlite3.ts' does not exist.
File '/Users/marcela-dev/node_modules/better-sqlite3.tsx' does not exist.
File '/Users/marcela-dev/node_modules/better-sqlite3.d.ts' does not exist.
File '/Users/marcela-dev/node_modules/@types/better-sqlite3.d.ts' does not exist.
Directory '/Users/node_modules' does not exist, skipping all lookups in it.
Directory '/node_modules' does not exist, skipping all lookups in it.
Resolving real path for '/Users/marcela-dev/Projects/motherboard-systems-hq-clean/node_modules/better-sqlite3/lib/index.js', result '/Users/marcela-dev/Projects/motherboard-systems-hq-clean/node_modules/better-sqlite3/lib/index.js'.
======== Module name 'better-sqlite3' was successfully resolved to '/Users/marcela-dev/Projects/motherboard-systems-hq-clean/node_modules/better-sqlite3/lib/index.js' with Package ID 'better-sqlite3/lib/index.js@12.11.1'. ========
======== Resolving module '../server/ellis/assignment-boundary.js' from '/Users/marcela-dev/Projects/motherboard-systems-hq-clean/db/governance-lifecycle-composition.ts'. ========
Explicitly specified module resolution kind: 'Node10'.
Loading module as file / folder, candidate module location '/Users/marcela-dev/Projects/motherboard-systems-hq-clean/server/ellis/assignment-boundary.js', target file types: TypeScript, Declaration.
File name '/Users/marcela-dev/Projects/motherboard-systems-hq-clean/server/ellis/assignment-boundary.js' has a '.js' extension - stripping it.
File '/Users/marcela-dev/Projects/motherboard-systems-hq-clean/server/ellis/assignment-boundary.ts' exists - use it as a name resolution result.
======== Module name '../server/ellis/assignment-boundary.js' was successfully resolved to '/Users/marcela-dev/Projects/motherboard-systems-hq-clean/server/ellis/assignment-boundary.ts'. ========
======== Resolving module '../server/ellis/lifecycle-transition-authorization.js' from '/Users/marcela-dev/Projects/motherboard-systems-hq-clean/db/governance-lifecycle-composition.ts'. ========
Explicitly specified module resolution kind: 'Node10'.
Loading module as file / folder, candidate module location '/Users/marcela-dev/Projects/motherboard-systems-hq-clean/server/ellis/lifecycle-transition-authorization.js', target file types: TypeScript, Declaration.
File name '/Users/marcela-dev/Projects/motherboard-systems-hq-clean/server/ellis/lifecycle-transition-authorization.js' has a '.js' extension - stripping it.
File '/Users/marcela-dev/Projects/motherboard-systems-hq-clean/server/ellis/lifecycle-transition-authorization.ts' exists - use it as a name resolution result.
======== Module name '../server/ellis/lifecycle-transition-authorization.js' was successfully resolved to '/Users/marcela-dev/Projects/motherboard-systems-hq-clean/server/ellis/lifecycle-transition-authorization.ts'. ========
======== Resolving module './invocation' from '/Users/marcela-dev/Projects/motherboard-systems-hq-clean/server/ellis/assignment-boundary.ts'. ========
Explicitly specified module resolution kind: 'Node10'.
Loading module as file / folder, candidate module location '/Users/marcela-dev/Projects/motherboard-systems-hq-clean/server/ellis/invocation', target file types: TypeScript, Declaration.
File '/Users/marcela-dev/Projects/motherboard-systems-hq-clean/server/ellis/invocation.ts' exists - use it as a name resolution result.
======== Module name './invocation' was successfully resolved to '/Users/marcela-dev/Projects/motherboard-systems-hq-clean/server/ellis/invocation.ts'. ========
======== Resolving module './decision' from '/Users/marcela-dev/Projects/motherboard-systems-hq-clean/server/ellis/assignment-boundary.ts'. ========
Explicitly specified module resolution kind: 'Node10'.
Loading module as file / folder, candidate module location '/Users/marcela-dev/Projects/motherboard-systems-hq-clean/server/ellis/decision', target file types: TypeScript, Declaration.
File '/Users/marcela-dev/Projects/motherboard-systems-hq-clean/server/ellis/decision.ts' exists - use it as a name resolution result.
======== Module name './decision' was successfully resolved to '/Users/marcela-dev/Projects/motherboard-systems-hq-clean/server/ellis/decision.ts'. ========
======== Resolving module './decision' from '/Users/marcela-dev/Projects/motherboard-systems-hq-clean/server/ellis/invocation.ts'. ========
Resolution for module './decision' was found in cache from location '/Users/marcela-dev/Projects/motherboard-systems-hq-clean/server/ellis'.
======== Module name './decision' was successfully resolved to '/Users/marcela-dev/Projects/motherboard-systems-hq-clean/server/ellis/decision.ts'. ========
======== Resolving module './assignment-boundary' from '/Users/marcela-dev/Projects/motherboard-systems-hq-clean/server/ellis/lifecycle-transition-authorization.ts'. ========
Explicitly specified module resolution kind: 'Node10'.
Loading module as file / folder, candidate module location '/Users/marcela-dev/Projects/motherboard-systems-hq-clean/server/ellis/assignment-boundary', target file types: TypeScript, Declaration.
File '/Users/marcela-dev/Projects/motherboard-systems-hq-clean/server/ellis/assignment-boundary.ts' exists - use it as a name resolution result.
======== Module name './assignment-boundary' was successfully resolved to '/Users/marcela-dev/Projects/motherboard-systems-hq-clean/server/ellis/assignment-boundary.ts'. ========
======== Resolving module './governance-lifecycle-composition' from '/Users/marcela-dev/Projects/motherboard-systems-hq-clean/db/governance-lifecycle-integration.ts'. ========
Explicitly specified module resolution kind: 'Node10'.
Loading module as file / folder, candidate module location '/Users/marcela-dev/Projects/motherboard-systems-hq-clean/db/governance-lifecycle-composition', target file types: TypeScript, Declaration.
File '/Users/marcela-dev/Projects/motherboard-systems-hq-clean/db/governance-lifecycle-composition.ts' exists - use it as a name resolution result.
======== Module name './governance-lifecycle-composition' was successfully resolved to '/Users/marcela-dev/Projects/motherboard-systems-hq-clean/db/governance-lifecycle-composition.ts'. ========
======== Resolving module './governance-lifecycle-persistence' from '/Users/marcela-dev/Projects/motherboard-systems-hq-clean/db/governance-lifecycle-integration.ts'. ========
Explicitly specified module resolution kind: 'Node10'.
Loading module as file / folder, candidate module location '/Users/marcela-dev/Projects/motherboard-systems-hq-clean/db/governance-lifecycle-persistence', target file types: TypeScript, Declaration.
File '/Users/marcela-dev/Projects/motherboard-systems-hq-clean/db/governance-lifecycle-persistence.ts' exists - use it as a name resolution result.
======== Module name './governance-lifecycle-persistence' was successfully resolved to '/Users/marcela-dev/Projects/motherboard-systems-hq-clean/db/governance-lifecycle-persistence.ts'. ========
======== Resolving module './governance-lifecycle-composition' from '/Users/marcela-dev/Projects/motherboard-systems-hq-clean/db/governance-lifecycle-persistence.ts'. ========
Resolution for module './governance-lifecycle-composition' was found in cache from location '/Users/marcela-dev/Projects/motherboard-systems-hq-clean/db'.
======== Module name './governance-lifecycle-composition' was successfully resolved to '/Users/marcela-dev/Projects/motherboard-systems-hq-clean/db/governance-lifecycle-composition.ts'. ========
======== Resolving module 'better-sqlite3' from '/Users/marcela-dev/Projects/motherboard-systems-hq-clean/db/governance-lifecycle-persistence.ts'. ========
Resolution for module 'better-sqlite3' was found in cache from location '/Users/marcela-dev/Projects/motherboard-systems-hq-clean/db'.
======== Module name 'better-sqlite3' was successfully resolved to '/Users/marcela-dev/Projects/motherboard-systems-hq-clean/node_modules/better-sqlite3/lib/index.js' with Package ID 'better-sqlite3/lib/index.js@12.11.1'. ========
======== Resolving module 'better-sqlite3' from '/Users/marcela-dev/Projects/motherboard-systems-hq-clean/db/governance-runtime.ts'. ========
Resolution for module 'better-sqlite3' was found in cache from location '/Users/marcela-dev/Projects/motherboard-systems-hq-clean/db'.
======== Module name 'better-sqlite3' was successfully resolved to '/Users/marcela-dev/Projects/motherboard-systems-hq-clean/node_modules/better-sqlite3/lib/index.js' with Package ID 'better-sqlite3/lib/index.js@12.11.1'. ========
======== Resolving module './client' from '/Users/marcela-dev/Projects/motherboard-systems-hq-clean/db/legacy-sql.ts'. ========
Resolution for module './client' was found in cache from location '/Users/marcela-dev/Projects/motherboard-systems-hq-clean/db'.
======== Module name './client' was successfully resolved to '/Users/marcela-dev/Projects/motherboard-systems-hq-clean/db/client.ts'. ========
======== Resolving module 'node:crypto' from '/Users/marcela-dev/Projects/motherboard-systems-hq-clean/db/matilda-assignment-runtime.ts'. ========
Explicitly specified module resolution kind: 'Node10'.
'baseUrl' option is set to '/Users/marcela-dev/Projects/motherboard-systems-hq-clean', using this value to resolve non-relative module name 'node:crypto'.
Resolving module name 'node:crypto' relative to base url '/Users/marcela-dev/Projects/motherboard-systems-hq-clean' - '/Users/marcela-dev/Projects/motherboard-systems-hq-clean/node:crypto'.
Loading module as file / folder, candidate module location '/Users/marcela-dev/Projects/motherboard-systems-hq-clean/node:crypto', target file types: TypeScript, Declaration.
File '/Users/marcela-dev/Projects/motherboard-systems-hq-clean/node:crypto.ts' does not exist.
File '/Users/marcela-dev/Projects/motherboard-systems-hq-clean/node:crypto.tsx' does not exist.
File '/Users/marcela-dev/Projects/motherboard-systems-hq-clean/node:crypto.d.ts' does not exist.
Directory '/Users/marcela-dev/Projects/motherboard-systems-hq-clean/node:crypto' does not exist, skipping all lookups in it.
Skipping module 'node:crypto' that looks like an absolute URI, target file types: TypeScript, Declaration.
'baseUrl' option is set to '/Users/marcela-dev/Projects/motherboard-systems-hq-clean', using this value to resolve non-relative module name 'node:crypto'.
Resolving module name 'node:crypto' relative to base url '/Users/marcela-dev/Projects/motherboard-systems-hq-clean' - '/Users/marcela-dev/Projects/motherboard-systems-hq-clean/node:crypto'.
Loading module as file / folder, candidate module location '/Users/marcela-dev/Projects/motherboard-systems-hq-clean/node:crypto', target file types: JavaScript, JSON.
File '/Users/marcela-dev/Projects/motherboard-systems-hq-clean/node:crypto.js' does not exist.
File '/Users/marcela-dev/Projects/motherboard-systems-hq-clean/node:crypto.jsx' does not exist.
Directory '/Users/marcela-dev/Projects/motherboard-systems-hq-clean/node:crypto' does not exist, skipping all lookups in it.
Skipping module 'node:crypto' that looks like an absolute URI, target file types: JavaScript, JSON.
======== Module name 'node:crypto' was not resolved. ========
======== Resolving module 'better-sqlite3' from '/Users/marcela-dev/Projects/motherboard-systems-hq-clean/db/matilda-assignment-runtime.ts'. ========
Resolution for module 'better-sqlite3' was found in cache from location '/Users/marcela-dev/Projects/motherboard-systems-hq-clean/db'.
======== Module name 'better-sqlite3' was successfully resolved to '/Users/marcela-dev/Projects/motherboard-systems-hq-clean/node_modules/better-sqlite3/lib/index.js' with Package ID 'better-sqlite3/lib/index.js@12.11.1'. ========
======== Resolving module 'node:crypto' from '/Users/marcela-dev/Projects/motherboard-systems-hq-clean/db/matilda-canonical-package-runtime.ts'. ========
Resolution for module 'node:crypto' was found in cache from location '/Users/marcela-dev/Projects/motherboard-systems-hq-clean/db'.
======== Module name 'node:crypto' was not resolved. ========
======== Resolving module 'better-sqlite3' from '/Users/marcela-dev/Projects/motherboard-systems-hq-clean/db/matilda-canonical-package-runtime.ts'. ========
Resolution for module 'better-sqlite3' was found in cache from location '/Users/marcela-dev/Projects/motherboard-systems-hq-clean/db'.
======== Module name 'better-sqlite3' was successfully resolved to '/Users/marcela-dev/Projects/motherboard-systems-hq-clean/node_modules/better-sqlite3/lib/index.js' with Package ID 'better-sqlite3/lib/index.js@12.11.1'. ========
======== Resolving module './matilda-reconciled-intent-runtime.ts' from '/Users/marcela-dev/Projects/motherboard-systems-hq-clean/db/matilda-canonical-package-runtime.ts'. ========
Explicitly specified module resolution kind: 'Node10'.
Loading module as file / folder, candidate module location '/Users/marcela-dev/Projects/motherboard-systems-hq-clean/db/matilda-reconciled-intent-runtime.ts', target file types: TypeScript, Declaration.
File name '/Users/marcela-dev/Projects/motherboard-systems-hq-clean/db/matilda-reconciled-intent-runtime.ts' has a '.ts' extension - stripping it.
File '/Users/marcela-dev/Projects/motherboard-systems-hq-clean/db/matilda-reconciled-intent-runtime.ts' exists - use it as a name resolution result.
======== Module name './matilda-reconciled-intent-runtime.ts' was successfully resolved to '/Users/marcela-dev/Projects/motherboard-systems-hq-clean/db/matilda-reconciled-intent-runtime.ts'. ========
======== Resolving module './matilda-living-draft-runtime' from '/Users/marcela-dev/Projects/motherboard-systems-hq-clean/db/matilda-reconciled-intent-runtime.ts'. ========
Explicitly specified module resolution kind: 'Node10'.
Loading module as file / folder, candidate module location '/Users/marcela-dev/Projects/motherboard-systems-hq-clean/db/matilda-living-draft-runtime', target file types: TypeScript, Declaration.
File '/Users/marcela-dev/Projects/motherboard-systems-hq-clean/db/matilda-living-draft-runtime.ts' exists - use it as a name resolution result.
======== Module name './matilda-living-draft-runtime' was successfully resolved to '/Users/marcela-dev/Projects/motherboard-systems-hq-clean/db/matilda-living-draft-runtime.ts'. ========
======== Resolving module 'better-sqlite3' from '/Users/marcela-dev/Projects/motherboard-systems-hq-clean/db/matilda-living-draft-runtime.ts'. ========
Resolution for module 'better-sqlite3' was found in cache from location '/Users/marcela-dev/Projects/motherboard-systems-hq-clean/db'.
======== Module name 'better-sqlite3' was successfully resolved to '/Users/marcela-dev/Projects/motherboard-systems-hq-clean/node_modules/better-sqlite3/lib/index.js' with Package ID 'better-sqlite3/lib/index.js@12.11.1'. ========
======== Resolving module './matilda-interpretation-runtime' from '/Users/marcela-dev/Projects/motherboard-systems-hq-clean/db/matilda-chat-draft-integration.ts'. ========
Explicitly specified module resolution kind: 'Node10'.
Loading module as file / folder, candidate module location '/Users/marcela-dev/Projects/motherboard-systems-hq-clean/db/matilda-interpretation-runtime', target file types: TypeScript, Declaration.
File '/Users/marcela-dev/Projects/motherboard-systems-hq-clean/db/matilda-interpretation-runtime.ts' exists - use it as a name resolution result.
======== Module name './matilda-interpretation-runtime' was successfully resolved to '/Users/marcela-dev/Projects/motherboard-systems-hq-clean/db/matilda-interpretation-runtime.ts'. ========
======== Resolving module './matilda-draft-synthesis-runtime' from '/Users/marcela-dev/Projects/motherboard-systems-hq-clean/db/matilda-chat-draft-integration.ts'. ========
Explicitly specified module resolution kind: 'Node10'.
Loading module as file / folder, candidate module location '/Users/marcela-dev/Projects/motherboard-systems-hq-clean/db/matilda-draft-synthesis-runtime', target file types: TypeScript, Declaration.
File '/Users/marcela-dev/Projects/motherboard-systems-hq-clean/db/matilda-draft-synthesis-runtime.ts' exists - use it as a name resolution result.
======== Module name './matilda-draft-synthesis-runtime' was successfully resolved to '/Users/marcela-dev/Projects/motherboard-systems-hq-clean/db/matilda-draft-synthesis-runtime.ts'. ========
======== Resolving module 'better-sqlite3' from '/Users/marcela-dev/Projects/motherboard-systems-hq-clean/db/matilda-interpretation-runtime.ts'. ========
Resolution for module 'better-sqlite3' was found in cache from location '/Users/marcela-dev/Projects/motherboard-systems-hq-clean/db'.
======== Module name 'better-sqlite3' was successfully resolved to '/Users/marcela-dev/Projects/motherboard-systems-hq-clean/node_modules/better-sqlite3/lib/index.js' with Package ID 'better-sqlite3/lib/index.js@12.11.1'. ========
======== Resolving module './matilda-interpretation-runtime' from '/Users/marcela-dev/Projects/motherboard-systems-hq-clean/db/matilda-draft-synthesis-runtime.ts'. ========
Resolution for module './matilda-interpretation-runtime' was found in cache from location '/Users/marcela-dev/Projects/motherboard-systems-hq-clean/db'.
======== Module name './matilda-interpretation-runtime' was successfully resolved to '/Users/marcela-dev/Projects/motherboard-systems-hq-clean/db/matilda-interpretation-runtime.ts'. ========
======== Resolving module './matilda-living-draft-runtime' from '/Users/marcela-dev/Projects/motherboard-systems-hq-clean/db/matilda-draft-synthesis-runtime.ts'. ========
Resolution for module './matilda-living-draft-runtime' was found in cache from location '/Users/marcela-dev/Projects/motherboard-systems-hq-clean/db'.
======== Module name './matilda-living-draft-runtime' was successfully resolved to '/Users/marcela-dev/Projects/motherboard-systems-hq-clean/db/matilda-living-draft-runtime.ts'. ========
======== Resolving module 'node:crypto' from '/Users/marcela-dev/Projects/motherboard-systems-hq-clean/db/matilda-delegation-runtime.ts'. ========
Resolution for module 'node:crypto' was found in cache from location '/Users/marcela-dev/Projects/motherboard-systems-hq-clean/db'.
======== Module name 'node:crypto' was not resolved. ========
======== Resolving module 'better-sqlite3' from '/Users/marcela-dev/Projects/motherboard-systems-hq-clean/db/matilda-delegation-runtime.ts'. ========
Resolution for module 'better-sqlite3' was found in cache from location '/Users/marcela-dev/Projects/motherboard-systems-hq-clean/db'.
======== Module name 'better-sqlite3' was successfully resolved to '/Users/marcela-dev/Projects/motherboard-systems-hq-clean/node_modules/better-sqlite3/lib/index.js' with Package ID 'better-sqlite3/lib/index.js@12.11.1'. ========
======== Resolving module 'node:crypto' from '/Users/marcela-dev/Projects/motherboard-systems-hq-clean/db/matilda-envelope-runtime.ts'. ========
Resolution for module 'node:crypto' was found in cache from location '/Users/marcela-dev/Projects/motherboard-systems-hq-clean/db'.
======== Module name 'node:crypto' was not resolved. ========
======== Resolving module 'better-sqlite3' from '/Users/marcela-dev/Projects/motherboard-systems-hq-clean/db/matilda-envelope-runtime.ts'. ========
Resolution for module 'better-sqlite3' was found in cache from location '/Users/marcela-dev/Projects/motherboard-systems-hq-clean/db'.
======== Module name 'better-sqlite3' was successfully resolved to '/Users/marcela-dev/Projects/motherboard-systems-hq-clean/node_modules/better-sqlite3/lib/index.js' with Package ID 'better-sqlite3/lib/index.js@12.11.1'. ========
======== Resolving module 'node:crypto' from '/Users/marcela-dev/Projects/motherboard-systems-hq-clean/db/matilda-execution-authorization-runtime.ts'. ========
Resolution for module 'node:crypto' was found in cache from location '/Users/marcela-dev/Projects/motherboard-systems-hq-clean/db'.
======== Module name 'node:crypto' was not resolved. ========
======== Resolving module 'node:crypto' from '/Users/marcela-dev/Projects/motherboard-systems-hq-clean/db/matilda-execution-planning-runtime.ts'. ========
Resolution for module 'node:crypto' was found in cache from location '/Users/marcela-dev/Projects/motherboard-systems-hq-clean/db'.
======== Module name 'node:crypto' was not resolved. ========
======== Resolving module 'node:crypto' from '/Users/marcela-dev/Projects/motherboard-systems-hq-clean/db/matilda-governance-validation-runtime.ts'. ========
Resolution for module 'node:crypto' was found in cache from location '/Users/marcela-dev/Projects/motherboard-systems-hq-clean/db'.
======== Module name 'node:crypto' was not resolved. ========
======== Resolving module 'better-sqlite3' from '/Users/marcela-dev/Projects/motherboard-systems-hq-clean/db/matilda-governance-validation-runtime.ts'. ========
Resolution for module 'better-sqlite3' was found in cache from location '/Users/marcela-dev/Projects/motherboard-systems-hq-clean/db'.
======== Module name 'better-sqlite3' was successfully resolved to '/Users/marcela-dev/Projects/motherboard-systems-hq-clean/node_modules/better-sqlite3/lib/index.js' with Package ID 'better-sqlite3/lib/index.js@12.11.1'. ========
======== Resolving module 'drizzle-orm/sqlite-core' from '/Users/marcela-dev/Projects/motherboard-systems-hq-clean/db/matilda-living-draft.schema.ts'. ========
Explicitly specified module resolution kind: 'Node10'.
'baseUrl' option is set to '/Users/marcela-dev/Projects/motherboard-systems-hq-clean', using this value to resolve non-relative module name 'drizzle-orm/sqlite-core'.
Resolving module name 'drizzle-orm/sqlite-core' relative to base url '/Users/marcela-dev/Projects/motherboard-systems-hq-clean' - '/Users/marcela-dev/Projects/motherboard-systems-hq-clean/drizzle-orm/sqlite-core'.
Loading module as file / folder, candidate module location '/Users/marcela-dev/Projects/motherboard-systems-hq-clean/drizzle-orm/sqlite-core', target file types: TypeScript, Declaration.
Loading module 'drizzle-orm/sqlite-core' from 'node_modules' folder, target file types: TypeScript, Declaration.
Searching all ancestor node_modules directories for preferred extensions: TypeScript, Declaration.
Directory '/Users/marcela-dev/Projects/motherboard-systems-hq-clean/db/node_modules' does not exist, skipping all lookups in it.
Directory '/Users/marcela-dev/Projects/node_modules' does not exist, skipping all lookups in it.
Directory '/Users/node_modules' does not exist, skipping all lookups in it.
Directory '/node_modules' does not exist, skipping all lookups in it.
'baseUrl' option is set to '/Users/marcela-dev/Projects/motherboard-systems-hq-clean', using this value to resolve non-relative module name 'drizzle-orm/sqlite-core'.
Resolving module name 'drizzle-orm/sqlite-core' relative to base url '/Users/marcela-dev/Projects/motherboard-systems-hq-clean' - '/Users/marcela-dev/Projects/motherboard-systems-hq-clean/drizzle-orm/sqlite-core'.
Loading module as file / folder, candidate module location '/Users/marcela-dev/Projects/motherboard-systems-hq-clean/drizzle-orm/sqlite-core', target file types: JavaScript, JSON.
Loading module 'drizzle-orm/sqlite-core' from 'node_modules' folder, target file types: JavaScript, JSON.
Searching all ancestor node_modules directories for fallback extensions: JavaScript, JSON.
Directory '/Users/marcela-dev/Projects/motherboard-systems-hq-clean/db/node_modules' does not exist, skipping all lookups in it.
Directory '/Users/marcela-dev/Projects/node_modules' does not exist, skipping all lookups in it.
Directory '/Users/node_modules' does not exist, skipping all lookups in it.
Directory '/node_modules' does not exist, skipping all lookups in it.
======== Module name 'drizzle-orm/sqlite-core' was not resolved. ========
======== Resolving module 'crypto' from '/Users/marcela-dev/Projects/motherboard-systems-hq-clean/db/matilda-preview-confirmation-runtime.ts'. ========
Explicitly specified module resolution kind: 'Node10'.
'baseUrl' option is set to '/Users/marcela-dev/Projects/motherboard-systems-hq-clean', using this value to resolve non-relative module name 'crypto'.
Resolving module name 'crypto' relative to base url '/Users/marcela-dev/Projects/motherboard-systems-hq-clean' - '/Users/marcela-dev/Projects/motherboard-systems-hq-clean/crypto'.
Loading module as file / folder, candidate module location '/Users/marcela-dev/Projects/motherboard-systems-hq-clean/crypto', target file types: TypeScript, Declaration.
File '/Users/marcela-dev/Projects/motherboard-systems-hq-clean/crypto.ts' does not exist.
File '/Users/marcela-dev/Projects/motherboard-systems-hq-clean/crypto.tsx' does not exist.
File '/Users/marcela-dev/Projects/motherboard-systems-hq-clean/crypto.d.ts' does not exist.
Directory '/Users/marcela-dev/Projects/motherboard-systems-hq-clean/crypto' does not exist, skipping all lookups in it.
Loading module 'crypto' from 'node_modules' folder, target file types: TypeScript, Declaration.
Searching all ancestor node_modules directories for preferred extensions: TypeScript, Declaration.
Directory '/Users/marcela-dev/Projects/motherboard-systems-hq-clean/db/node_modules' does not exist, skipping all lookups in it.
File '/Users/marcela-dev/Projects/motherboard-systems-hq-clean/node_modules/crypto.ts' does not exist.
File '/Users/marcela-dev/Projects/motherboard-systems-hq-clean/node_modules/crypto.tsx' does not exist.
File '/Users/marcela-dev/Projects/motherboard-systems-hq-clean/node_modules/crypto.d.ts' does not exist.
File '/Users/marcela-dev/Projects/motherboard-systems-hq-clean/node_modules/@types/crypto.d.ts' does not exist.
Directory '/Users/marcela-dev/Projects/node_modules' does not exist, skipping all lookups in it.
File '/Users/marcela-dev/node_modules/crypto.ts' does not exist.
File '/Users/marcela-dev/node_modules/crypto.tsx' does not exist.
File '/Users/marcela-dev/node_modules/crypto.d.ts' does not exist.
File '/Users/marcela-dev/node_modules/@types/crypto.d.ts' does not exist.
Directory '/Users/node_modules' does not exist, skipping all lookups in it.
Directory '/node_modules' does not exist, skipping all lookups in it.
'baseUrl' option is set to '/Users/marcela-dev/Projects/motherboard-systems-hq-clean', using this value to resolve non-relative module name 'crypto'.
Resolving module name 'crypto' relative to base url '/Users/marcela-dev/Projects/motherboard-systems-hq-clean' - '/Users/marcela-dev/Projects/motherboard-systems-hq-clean/crypto'.
Loading module as file / folder, candidate module location '/Users/marcela-dev/Projects/motherboard-systems-hq-clean/crypto', target file types: JavaScript, JSON.
File '/Users/marcela-dev/Projects/motherboard-systems-hq-clean/crypto.js' does not exist.
File '/Users/marcela-dev/Projects/motherboard-systems-hq-clean/crypto.jsx' does not exist.
Directory '/Users/marcela-dev/Projects/motherboard-systems-hq-clean/crypto' does not exist, skipping all lookups in it.
Loading module 'crypto' from 'node_modules' folder, target file types: JavaScript, JSON.
Searching all ancestor node_modules directories for fallback extensions: JavaScript, JSON.
Directory '/Users/marcela-dev/Projects/motherboard-systems-hq-clean/db/node_modules' does not exist, skipping all lookups in it.
File '/Users/marcela-dev/Projects/motherboard-systems-hq-clean/node_modules/crypto.js' does not exist.
File '/Users/marcela-dev/Projects/motherboard-systems-hq-clean/node_modules/crypto.jsx' does not exist.
Directory '/Users/marcela-dev/Projects/node_modules' does not exist, skipping all lookups in it.
File '/Users/marcela-dev/node_modules/crypto.js' does not exist.
File '/Users/marcela-dev/node_modules/crypto.jsx' does not exist.
Directory '/Users/node_modules' does not exist, skipping all lookups in it.
Directory '/node_modules' does not exist, skipping all lookups in it.
======== Module name 'crypto' was not resolved. ========
======== Resolving module 'crypto' from '/Users/marcela-dev/Projects/motherboard-systems-hq-clean/db/matilda-preview-runtime.ts'. ========
Resolution for module 'crypto' was found in cache from location '/Users/marcela-dev/Projects/motherboard-systems-hq-clean/db'.
======== Module name 'crypto' was not resolved. ========
======== Resolving module 'node:crypto' from '/Users/marcela-dev/Projects/motherboard-systems-hq-clean/db/matilda-routing-runtime.ts'. ========
Resolution for module 'node:crypto' was found in cache from location '/Users/marcela-dev/Projects/motherboard-systems-hq-clean/db'.
======== Module name 'node:crypto' was not resolved. ========
======== Resolving module 'better-sqlite3' from '/Users/marcela-dev/Projects/motherboard-systems-hq-clean/db/matilda-routing-runtime.ts'. ========
Resolution for module 'better-sqlite3' was found in cache from location '/Users/marcela-dev/Projects/motherboard-systems-hq-clean/db'.
======== Module name 'better-sqlite3' was successfully resolved to '/Users/marcela-dev/Projects/motherboard-systems-hq-clean/node_modules/better-sqlite3/lib/index.js' with Package ID 'better-sqlite3/lib/index.js@12.11.1'. ========
======== Resolving module './runtime' from '/Users/marcela-dev/Projects/motherboard-systems-hq-clean/db/operational-intake-runtime.ts'. ========
Explicitly specified module resolution kind: 'Node10'.
Loading module as file / folder, candidate module location '/Users/marcela-dev/Projects/motherboard-systems-hq-clean/db/runtime', target file types: TypeScript, Declaration.
File '/Users/marcela-dev/Projects/motherboard-systems-hq-clean/db/runtime.ts' does not exist.
File '/Users/marcela-dev/Projects/motherboard-systems-hq-clean/db/runtime.tsx' does not exist.
File '/Users/marcela-dev/Projects/motherboard-systems-hq-clean/db/runtime.d.ts' does not exist.
File '/Users/marcela-dev/Projects/motherboard-systems-hq-clean/db/runtime/package.json' does not exist.
File '/Users/marcela-dev/Projects/motherboard-systems-hq-clean/db/runtime/index.ts' exists - use it as a name resolution result.
======== Module name './runtime' was successfully resolved to '/Users/marcela-dev/Projects/motherboard-systems-hq-clean/db/runtime/index.ts'. ========
======== Resolving module 'better-sqlite3' from '/Users/marcela-dev/Projects/motherboard-systems-hq-clean/db/runtime/index.ts'. ========
Explicitly specified module resolution kind: 'Node10'.
'baseUrl' option is set to '/Users/marcela-dev/Projects/motherboard-systems-hq-clean', using this value to resolve non-relative module name 'better-sqlite3'.
Resolving module name 'better-sqlite3' relative to base url '/Users/marcela-dev/Projects/motherboard-systems-hq-clean' - '/Users/marcela-dev/Projects/motherboard-systems-hq-clean/better-sqlite3'.
Loading module as file / folder, candidate module location '/Users/marcela-dev/Projects/motherboard-systems-hq-clean/better-sqlite3', target file types: TypeScript, Declaration.
File '/Users/marcela-dev/Projects/motherboard-systems-hq-clean/better-sqlite3.ts' does not exist.
File '/Users/marcela-dev/Projects/motherboard-systems-hq-clean/better-sqlite3.tsx' does not exist.
File '/Users/marcela-dev/Projects/motherboard-systems-hq-clean/better-sqlite3.d.ts' does not exist.
Directory '/Users/marcela-dev/Projects/motherboard-systems-hq-clean/better-sqlite3' does not exist, skipping all lookups in it.
Loading module 'better-sqlite3' from 'node_modules' folder, target file types: TypeScript, Declaration.
Searching all ancestor node_modules directories for preferred extensions: TypeScript, Declaration.
Directory '/Users/marcela-dev/Projects/motherboard-systems-hq-clean/db/runtime/node_modules' does not exist, skipping all lookups in it.
Resolution for module 'better-sqlite3' was found in cache from location '/Users/marcela-dev/Projects/motherboard-systems-hq-clean/db'.
======== Module name 'better-sqlite3' was successfully resolved to '/Users/marcela-dev/Projects/motherboard-systems-hq-clean/node_modules/better-sqlite3/lib/index.js' with Package ID 'better-sqlite3/lib/index.js@12.11.1'. ========
======== Resolving module 'drizzle-orm/sqlite-core' from '/Users/marcela-dev/Projects/motherboard-systems-hq-clean/db/reflection_index.ts'. ========
Resolution for module 'drizzle-orm/sqlite-core' was found in cache from location '/Users/marcela-dev/Projects/motherboard-systems-hq-clean/db'.
======== Module name 'drizzle-orm/sqlite-core' was not resolved. ========
======== Resolving module 'drizzle-orm/sqlite-core' from '/Users/marcela-dev/Projects/motherboard-systems-hq-clean/db/task_events.schema.ts'. ========
Resolution for module 'drizzle-orm/sqlite-core' was found in cache from location '/Users/marcela-dev/Projects/motherboard-systems-hq-clean/db'.
======== Module name 'drizzle-orm/sqlite-core' was not resolved. ========
======== Resolving module 'better-sqlite3' from '/Users/marcela-dev/Projects/motherboard-systems-hq-clean/db/runtime/db.ts'. ========
Resolution for module 'better-sqlite3' was found in cache from location '/Users/marcela-dev/Projects/motherboard-systems-hq-clean/db/runtime'.
======== Module name 'better-sqlite3' was successfully resolved to '/Users/marcela-dev/Projects/motherboard-systems-hq-clean/node_modules/better-sqlite3/lib/index.js' with Package ID 'better-sqlite3/lib/index.js@12.11.1'. ========
======== Resolving module './index' from '/Users/marcela-dev/Projects/motherboard-systems-hq-clean/db/runtime/globals.ts'. ========
Explicitly specified module resolution kind: 'Node10'.
Loading module as file / folder, candidate module location '/Users/marcela-dev/Projects/motherboard-systems-hq-clean/db/runtime/index', target file types: TypeScript, Declaration.
File '/Users/marcela-dev/Projects/motherboard-systems-hq-clean/db/runtime/index.ts' exists - use it as a name resolution result.
======== Module name './index' was successfully resolved to '/Users/marcela-dev/Projects/motherboard-systems-hq-clean/db/runtime/index.ts'. ========
======== Resolving module '../../db/governance-runtime.js' from '/Users/marcela-dev/Projects/motherboard-systems-hq-clean/server/delegation/production-delegation-consumer.ts'. ========
Explicitly specified module resolution kind: 'Node10'.
Loading module as file / folder, candidate module location '/Users/marcela-dev/Projects/motherboard-systems-hq-clean/db/governance-runtime.js', target file types: TypeScript, Declaration.
File name '/Users/marcela-dev/Projects/motherboard-systems-hq-clean/db/governance-runtime.js' has a '.js' extension - stripping it.
File '/Users/marcela-dev/Projects/motherboard-systems-hq-clean/db/governance-runtime.ts' exists - use it as a name resolution result.
======== Module name '../../db/governance-runtime.js' was successfully resolved to '/Users/marcela-dev/Projects/motherboard-systems-hq-clean/db/governance-runtime.ts'. ========
======== Resolving module './production-delegation-entry-point' from '/Users/marcela-dev/Projects/motherboard-systems-hq-clean/server/delegation/production-delegation-consumer.ts'. ========
Explicitly specified module resolution kind: 'Node10'.
Loading module as file / folder, candidate module location '/Users/marcela-dev/Projects/motherboard-systems-hq-clean/server/delegation/production-delegation-entry-point', target file types: TypeScript, Declaration.
File '/Users/marcela-dev/Projects/motherboard-systems-hq-clean/server/delegation/production-delegation-entry-point.ts' exists - use it as a name resolution result.
======== Module name './production-delegation-entry-point' was successfully resolved to '/Users/marcela-dev/Projects/motherboard-systems-hq-clean/server/delegation/production-delegation-entry-point.ts'. ========
======== Resolving module '../../db/governance-runtime.js' from '/Users/marcela-dev/Projects/motherboard-systems-hq-clean/server/delegation/production-delegation-entry-point.ts'. ========
Resolution for module '../../db/governance-runtime.js' was found in cache from location '/Users/marcela-dev/Projects/motherboard-systems-hq-clean/server/delegation'.
======== Module name '../../db/governance-runtime.js' was successfully resolved to '/Users/marcela-dev/Projects/motherboard-systems-hq-clean/db/governance-runtime.ts'. ========
======== Resolving module '../../db/governance-runtime.js' from '/Users/marcela-dev/Projects/motherboard-systems-hq-clean/server/envelope/production-envelope-consumer.ts'. ========
Explicitly specified module resolution kind: 'Node10'.
Loading module as file / folder, candidate module location '/Users/marcela-dev/Projects/motherboard-systems-hq-clean/db/governance-runtime.js', target file types: TypeScript, Declaration.
File name '/Users/marcela-dev/Projects/motherboard-systems-hq-clean/db/governance-runtime.js' has a '.js' extension - stripping it.
File '/Users/marcela-dev/Projects/motherboard-systems-hq-clean/db/governance-runtime.ts' exists - use it as a name resolution result.
======== Module name '../../db/governance-runtime.js' was successfully resolved to '/Users/marcela-dev/Projects/motherboard-systems-hq-clean/db/governance-runtime.ts'. ========
======== Resolving module './production-envelope-entry-point' from '/Users/marcela-dev/Projects/motherboard-systems-hq-clean/server/envelope/production-envelope-consumer.ts'. ========
Explicitly specified module resolution kind: 'Node10'.
Loading module as file / folder, candidate module location '/Users/marcela-dev/Projects/motherboard-systems-hq-clean/server/envelope/production-envelope-entry-point', target file types: TypeScript, Declaration.
File '/Users/marcela-dev/Projects/motherboard-systems-hq-clean/server/envelope/production-envelope-entry-point.ts' exists - use it as a name resolution result.
======== Module name './production-envelope-entry-point' was successfully resolved to '/Users/marcela-dev/Projects/motherboard-systems-hq-clean/server/envelope/production-envelope-entry-point.ts'. ========
======== Resolving module '../../db/governance-runtime.js' from '/Users/marcela-dev/Projects/motherboard-systems-hq-clean/server/envelope/production-envelope-entry-point.ts'. ========
Resolution for module '../../db/governance-runtime.js' was found in cache from location '/Users/marcela-dev/Projects/motherboard-systems-hq-clean/server/envelope'.
======== Module name '../../db/governance-runtime.js' was successfully resolved to '/Users/marcela-dev/Projects/motherboard-systems-hq-clean/db/governance-runtime.ts'. ========
======== Resolving module './execution-authority-core' from '/Users/marcela-dev/Projects/motherboard-systems-hq-clean/server/execution/execution-authority.adapter.ts'. ========
Explicitly specified module resolution kind: 'Node10'.
Loading module as file / folder, candidate module location '/Users/marcela-dev/Projects/motherboard-systems-hq-clean/server/execution/execution-authority-core', target file types: TypeScript, Declaration.
File '/Users/marcela-dev/Projects/motherboard-systems-hq-clean/server/execution/execution-authority-core.ts' exists - use it as a name resolution result.
======== Module name './execution-authority-core' was successfully resolved to '/Users/marcela-dev/Projects/motherboard-systems-hq-clean/server/execution/execution-authority-core.ts'. ========
======== Resolving module './execution-authority.model' from '/Users/marcela-dev/Projects/motherboard-systems-hq-clean/server/execution/execution-authority.adapter.ts'. ========
Explicitly specified module resolution kind: 'Node10'.
Loading module as file / folder, candidate module location '/Users/marcela-dev/Projects/motherboard-systems-hq-clean/server/execution/execution-authority.model', target file types: TypeScript, Declaration.
File name '/Users/marcela-dev/Projects/motherboard-systems-hq-clean/server/execution/execution-authority.model' has a '.model' extension - stripping it.
File '/Users/marcela-dev/Projects/motherboard-systems-hq-clean/server/execution/execution-authority.d.model.ts' does not exist.
File '/Users/marcela-dev/Projects/motherboard-systems-hq-clean/server/execution/execution-authority.model.ts' exists - use it as a name resolution result.
======== Module name './execution-authority.model' was successfully resolved to '/Users/marcela-dev/Projects/motherboard-systems-hq-clean/server/execution/execution-authority.model.ts'. ========
======== Resolving module 'fs' from '/Users/marcela-dev/Projects/motherboard-systems-hq-clean/server/execution/matilda-execution-registry-loader.ts'. ========
Explicitly specified module resolution kind: 'Node10'.
'baseUrl' option is set to '/Users/marcela-dev/Projects/motherboard-systems-hq-clean', using this value to resolve non-relative module name 'fs'.
Resolving module name 'fs' relative to base url '/Users/marcela-dev/Projects/motherboard-systems-hq-clean' - '/Users/marcela-dev/Projects/motherboard-systems-hq-clean/fs'.
Loading module as file / folder, candidate module location '/Users/marcela-dev/Projects/motherboard-systems-hq-clean/fs', target file types: TypeScript, Declaration.
File '/Users/marcela-dev/Projects/motherboard-systems-hq-clean/fs.ts' does not exist.
File '/Users/marcela-dev/Projects/motherboard-systems-hq-clean/fs.tsx' does not exist.
File '/Users/marcela-dev/Projects/motherboard-systems-hq-clean/fs.d.ts' does not exist.
Directory '/Users/marcela-dev/Projects/motherboard-systems-hq-clean/fs' does not exist, skipping all lookups in it.
Loading module 'fs' from 'node_modules' folder, target file types: TypeScript, Declaration.
Searching all ancestor node_modules directories for preferred extensions: TypeScript, Declaration.
Directory '/Users/marcela-dev/Projects/motherboard-systems-hq-clean/server/execution/node_modules' does not exist, skipping all lookups in it.
Directory '/Users/marcela-dev/Projects/motherboard-systems-hq-clean/server/node_modules' does not exist, skipping all lookups in it.
File '/Users/marcela-dev/Projects/motherboard-systems-hq-clean/node_modules/fs.ts' does not exist.
File '/Users/marcela-dev/Projects/motherboard-systems-hq-clean/node_modules/fs.tsx' does not exist.
File '/Users/marcela-dev/Projects/motherboard-systems-hq-clean/node_modules/fs.d.ts' does not exist.
File '/Users/marcela-dev/Projects/motherboard-systems-hq-clean/node_modules/@types/fs.d.ts' does not exist.
Directory '/Users/marcela-dev/Projects/node_modules' does not exist, skipping all lookups in it.
File '/Users/marcela-dev/node_modules/fs.ts' does not exist.
File '/Users/marcela-dev/node_modules/fs.tsx' does not exist.
File '/Users/marcela-dev/node_modules/fs.d.ts' does not exist.
File '/Users/marcela-dev/node_modules/@types/fs.d.ts' does not exist.
Directory '/Users/node_modules' does not exist, skipping all lookups in it.
Directory '/node_modules' does not exist, skipping all lookups in it.
'baseUrl' option is set to '/Users/marcela-dev/Projects/motherboard-systems-hq-clean', using this value to resolve non-relative module name 'fs'.
Resolving module name 'fs' relative to base url '/Users/marcela-dev/Projects/motherboard-systems-hq-clean' - '/Users/marcela-dev/Projects/motherboard-systems-hq-clean/fs'.
Loading module as file / folder, candidate module location '/Users/marcela-dev/Projects/motherboard-systems-hq-clean/fs', target file types: JavaScript, JSON.
File '/Users/marcela-dev/Projects/motherboard-systems-hq-clean/fs.js' does not exist.
File '/Users/marcela-dev/Projects/motherboard-systems-hq-clean/fs.jsx' does not exist.
Directory '/Users/marcela-dev/Projects/motherboard-systems-hq-clean/fs' does not exist, skipping all lookups in it.
Loading module 'fs' from 'node_modules' folder, target file types: JavaScript, JSON.
Searching all ancestor node_modules directories for fallback extensions: JavaScript, JSON.
Directory '/Users/marcela-dev/Projects/motherboard-systems-hq-clean/server/execution/node_modules' does not exist, skipping all lookups in it.
Directory '/Users/marcela-dev/Projects/motherboard-systems-hq-clean/server/node_modules' does not exist, skipping all lookups in it.
File '/Users/marcela-dev/Projects/motherboard-systems-hq-clean/node_modules/fs.js' does not exist.
File '/Users/marcela-dev/Projects/motherboard-systems-hq-clean/node_modules/fs.jsx' does not exist.
Directory '/Users/marcela-dev/Projects/node_modules' does not exist, skipping all lookups in it.
File '/Users/marcela-dev/node_modules/fs.js' does not exist.
File '/Users/marcela-dev/node_modules/fs.jsx' does not exist.
Directory '/Users/node_modules' does not exist, skipping all lookups in it.
Directory '/node_modules' does not exist, skipping all lookups in it.
======== Module name 'fs' was not resolved. ========
======== Resolving module './matilda-execution-registry-loader' from '/Users/marcela-dev/Projects/motherboard-systems-hq-clean/server/execution/matilda-execution-registry-validate.ts'. ========
Explicitly specified module resolution kind: 'Node10'.
Loading module as file / folder, candidate module location '/Users/marcela-dev/Projects/motherboard-systems-hq-clean/server/execution/matilda-execution-registry-loader', target file types: TypeScript, Declaration.
File '/Users/marcela-dev/Projects/motherboard-systems-hq-clean/server/execution/matilda-execution-registry-loader.ts' exists - use it as a name resolution result.
======== Module name './matilda-execution-registry-loader' was successfully resolved to '/Users/marcela-dev/Projects/motherboard-systems-hq-clean/server/execution/matilda-execution-registry-loader.ts'. ========
======== Resolving module './matilda-execution-registry-loader' from '/Users/marcela-dev/Projects/motherboard-systems-hq-clean/server/execution/matilda-execution-switch-evaluator.ts'. ========
Resolution for module './matilda-execution-registry-loader' was found in cache from location '/Users/marcela-dev/Projects/motherboard-systems-hq-clean/server/execution'.
======== Module name './matilda-execution-registry-loader' was successfully resolved to '/Users/marcela-dev/Projects/motherboard-systems-hq-clean/server/execution/matilda-execution-registry-loader.ts'. ========
======== Resolving module './matilda-execution-registry-loader' from '/Users/marcela-dev/Projects/motherboard-systems-hq-clean/server/execution/matilda-execution-transition-table.ts'. ========
Resolution for module './matilda-execution-registry-loader' was found in cache from location '/Users/marcela-dev/Projects/motherboard-systems-hq-clean/server/execution'.
======== Module name './matilda-execution-registry-loader' was successfully resolved to '/Users/marcela-dev/Projects/motherboard-systems-hq-clean/server/execution/matilda-execution-registry-loader.ts'. ========
======== Resolving module '../orchestrator/phase18_store.mjs.js' from '/Users/marcela-dev/Projects/motherboard-systems-hq-clean/server/execution/package-to-execution-compiler.ts'. ========
Explicitly specified module resolution kind: 'Node10'.
Loading module as file / folder, candidate module location '/Users/marcela-dev/Projects/motherboard-systems-hq-clean/server/orchestrator/phase18_store.mjs.js', target file types: TypeScript, Declaration.
File name '/Users/marcela-dev/Projects/motherboard-systems-hq-clean/server/orchestrator/phase18_store.mjs.js' has a '.js' extension - stripping it.
File '/Users/marcela-dev/Projects/motherboard-systems-hq-clean/server/orchestrator/phase18_store.mjs.ts' does not exist.
File '/Users/marcela-dev/Projects/motherboard-systems-hq-clean/server/orchestrator/phase18_store.mjs.tsx' does not exist.
File '/Users/marcela-dev/Projects/motherboard-systems-hq-clean/server/orchestrator/phase18_store.mjs.d.ts' does not exist.
File '/Users/marcela-dev/Projects/motherboard-systems-hq-clean/server/orchestrator/phase18_store.mjs.js.ts' does not exist.
File '/Users/marcela-dev/Projects/motherboard-systems-hq-clean/server/orchestrator/phase18_store.mjs.js.tsx' does not exist.
File '/Users/marcela-dev/Projects/motherboard-systems-hq-clean/server/orchestrator/phase18_store.mjs.js.d.ts' does not exist.
Directory '/Users/marcela-dev/Projects/motherboard-systems-hq-clean/server/orchestrator/phase18_store.mjs.js' does not exist, skipping all lookups in it.
Loading module as file / folder, candidate module location '/Users/marcela-dev/Projects/motherboard-systems-hq-clean/server/orchestrator/phase18_store.mjs.js', target file types: JavaScript, JSON.
File name '/Users/marcela-dev/Projects/motherboard-systems-hq-clean/server/orchestrator/phase18_store.mjs.js' has a '.js' extension - stripping it.
File '/Users/marcela-dev/Projects/motherboard-systems-hq-clean/server/orchestrator/phase18_store.mjs.js' does not exist.
File '/Users/marcela-dev/Projects/motherboard-systems-hq-clean/server/orchestrator/phase18_store.mjs.jsx' does not exist.
File '/Users/marcela-dev/Projects/motherboard-systems-hq-clean/server/orchestrator/phase18_store.mjs.js.js' does not exist.
File '/Users/marcela-dev/Projects/motherboard-systems-hq-clean/server/orchestrator/phase18_store.mjs.js.jsx' does not exist.
Directory '/Users/marcela-dev/Projects/motherboard-systems-hq-clean/server/orchestrator/phase18_store.mjs.js' does not exist, skipping all lookups in it.
======== Module name '../orchestrator/phase18_store.mjs.js' was not resolved. ========
======== Resolving module './package-to-execution-compiler' from '/Users/marcela-dev/Projects/motherboard-systems-hq-clean/server/execution/pec-runtime-binder.ts'. ========
Explicitly specified module resolution kind: 'Node10'.
Loading module as file / folder, candidate module location '/Users/marcela-dev/Projects/motherboard-systems-hq-clean/server/execution/package-to-execution-compiler', target file types: TypeScript, Declaration.
File '/Users/marcela-dev/Projects/motherboard-systems-hq-clean/server/execution/package-to-execution-compiler.ts' exists - use it as a name resolution result.
======== Module name './package-to-execution-compiler' was successfully resolved to '/Users/marcela-dev/Projects/motherboard-systems-hq-clean/server/execution/package-to-execution-compiler.ts'. ========
======== Resolving module '../orchestrator/phase18_store.mjs.js' from '/Users/marcela-dev/Projects/motherboard-systems-hq-clean/server/execution/pec-runtime-binder.ts'. ========
Resolution for module '../orchestrator/phase18_store.mjs.js' was found in cache from location '/Users/marcela-dev/Projects/motherboard-systems-hq-clean/server/execution'.
======== Module name '../orchestrator/phase18_store.mjs.js' was not resolved. ========
======== Resolving module '../../db/governance-runtime.js' from '/Users/marcela-dev/Projects/motherboard-systems-hq-clean/server/gate/production-envelope-gate-consumer.ts'. ========
Explicitly specified module resolution kind: 'Node10'.
Loading module as file / folder, candidate module location '/Users/marcela-dev/Projects/motherboard-systems-hq-clean/db/governance-runtime.js', target file types: TypeScript, Declaration.
File name '/Users/marcela-dev/Projects/motherboard-systems-hq-clean/db/governance-runtime.js' has a '.js' extension - stripping it.
File '/Users/marcela-dev/Projects/motherboard-systems-hq-clean/db/governance-runtime.ts' exists - use it as a name resolution result.
======== Module name '../../db/governance-runtime.js' was successfully resolved to '/Users/marcela-dev/Projects/motherboard-systems-hq-clean/db/governance-runtime.ts'. ========
======== Resolving module './production-envelope-gate-entry-point' from '/Users/marcela-dev/Projects/motherboard-systems-hq-clean/server/gate/production-envelope-gate-consumer.ts'. ========
Explicitly specified module resolution kind: 'Node10'.
Loading module as file / folder, candidate module location '/Users/marcela-dev/Projects/motherboard-systems-hq-clean/server/gate/production-envelope-gate-entry-point', target file types: TypeScript, Declaration.
File '/Users/marcela-dev/Projects/motherboard-systems-hq-clean/server/gate/production-envelope-gate-entry-point.ts' exists - use it as a name resolution result.
======== Module name './production-envelope-gate-entry-point' was successfully resolved to '/Users/marcela-dev/Projects/motherboard-systems-hq-clean/server/gate/production-envelope-gate-entry-point.ts'. ========
======== Resolving module '../../db/governance-runtime.js' from '/Users/marcela-dev/Projects/motherboard-systems-hq-clean/server/gate/production-envelope-gate-entry-point.ts'. ========
Resolution for module '../../db/governance-runtime.js' was found in cache from location '/Users/marcela-dev/Projects/motherboard-systems-hq-clean/server/gate'.
======== Module name '../../db/governance-runtime.js' was successfully resolved to '/Users/marcela-dev/Projects/motherboard-systems-hq-clean/db/governance-runtime.ts'. ========
======== Resolving module './production-lifecycle-entry-point' from '/Users/marcela-dev/Projects/motherboard-systems-hq-clean/server/lifecycle/production-lifecycle-consumer.ts'. ========
Explicitly specified module resolution kind: 'Node10'.
Loading module as file / folder, candidate module location '/Users/marcela-dev/Projects/motherboard-systems-hq-clean/server/lifecycle/production-lifecycle-entry-point', target file types: TypeScript, Declaration.
File '/Users/marcela-dev/Projects/motherboard-systems-hq-clean/server/lifecycle/production-lifecycle-entry-point.ts' exists - use it as a name resolution result.
======== Module name './production-lifecycle-entry-point' was successfully resolved to '/Users/marcela-dev/Projects/motherboard-systems-hq-clean/server/lifecycle/production-lifecycle-entry-point.ts'. ========
======== Resolving module '../../db/governance-lifecycle-composition.js' from '/Users/marcela-dev/Projects/motherboard-systems-hq-clean/server/lifecycle/production-lifecycle-consumer.ts'. ========
Explicitly specified module resolution kind: 'Node10'.
Loading module as file / folder, candidate module location '/Users/marcela-dev/Projects/motherboard-systems-hq-clean/db/governance-lifecycle-composition.js', target file types: TypeScript, Declaration.
File name '/Users/marcela-dev/Projects/motherboard-systems-hq-clean/db/governance-lifecycle-composition.js' has a '.js' extension - stripping it.
File '/Users/marcela-dev/Projects/motherboard-systems-hq-clean/db/governance-lifecycle-composition.ts' exists - use it as a name resolution result.
======== Module name '../../db/governance-lifecycle-composition.js' was successfully resolved to '/Users/marcela-dev/Projects/motherboard-systems-hq-clean/db/governance-lifecycle-composition.ts'. ========
======== Resolving module '../../db/governance-lifecycle-persistence.js' from '/Users/marcela-dev/Projects/motherboard-systems-hq-clean/server/lifecycle/production-lifecycle-consumer.ts'. ========
Explicitly specified module resolution kind: 'Node10'.
Loading module as file / folder, candidate module location '/Users/marcela-dev/Projects/motherboard-systems-hq-clean/db/governance-lifecycle-persistence.js', target file types: TypeScript, Declaration.
File name '/Users/marcela-dev/Projects/motherboard-systems-hq-clean/db/governance-lifecycle-persistence.js' has a '.js' extension - stripping it.
File '/Users/marcela-dev/Projects/motherboard-systems-hq-clean/db/governance-lifecycle-persistence.ts' exists - use it as a name resolution result.
======== Module name '../../db/governance-lifecycle-persistence.js' was successfully resolved to '/Users/marcela-dev/Projects/motherboard-systems-hq-clean/db/governance-lifecycle-persistence.ts'. ========
======== Resolving module '../../db/operational-intake-runtime.js' from '/Users/marcela-dev/Projects/motherboard-systems-hq-clean/server/lifecycle/production-lifecycle-consumer.ts'. ========
Explicitly specified module resolution kind: 'Node10'.
Loading module as file / folder, candidate module location '/Users/marcela-dev/Projects/motherboard-systems-hq-clean/db/operational-intake-runtime.js', target file types: TypeScript, Declaration.
File name '/Users/marcela-dev/Projects/motherboard-systems-hq-clean/db/operational-intake-runtime.js' has a '.js' extension - stripping it.
File '/Users/marcela-dev/Projects/motherboard-systems-hq-clean/db/operational-intake-runtime.ts' exists - use it as a name resolution result.
======== Module name '../../db/operational-intake-runtime.js' was successfully resolved to '/Users/marcela-dev/Projects/motherboard-systems-hq-clean/db/operational-intake-runtime.ts'. ========
======== Resolving module '../operational/production-operational-consumer.js' from '/Users/marcela-dev/Projects/motherboard-systems-hq-clean/server/lifecycle/production-lifecycle-consumer.ts'. ========
Explicitly specified module resolution kind: 'Node10'.
Loading module as file / folder, candidate module location '/Users/marcela-dev/Projects/motherboard-systems-hq-clean/server/operational/production-operational-consumer.js', target file types: TypeScript, Declaration.
File name '/Users/marcela-dev/Projects/motherboard-systems-hq-clean/server/operational/production-operational-consumer.js' has a '.js' extension - stripping it.
File '/Users/marcela-dev/Projects/motherboard-systems-hq-clean/server/operational/production-operational-consumer.ts' exists - use it as a name resolution result.
======== Module name '../operational/production-operational-consumer.js' was successfully resolved to '/Users/marcela-dev/Projects/motherboard-systems-hq-clean/server/operational/production-operational-consumer.ts'. ========
======== Resolving module '../../db/governance-lifecycle-composition.js' from '/Users/marcela-dev/Projects/motherboard-systems-hq-clean/server/lifecycle/production-lifecycle-entry-point.ts'. ========
Resolution for module '../../db/governance-lifecycle-composition.js' was found in cache from location '/Users/marcela-dev/Projects/motherboard-systems-hq-clean/server/lifecycle'.
======== Module name '../../db/governance-lifecycle-composition.js' was successfully resolved to '/Users/marcela-dev/Projects/motherboard-systems-hq-clean/db/governance-lifecycle-composition.ts'. ========
======== Resolving module '../../db/operational-intake-runtime.js' from '/Users/marcela-dev/Projects/motherboard-systems-hq-clean/server/operational/production-operational-consumer.ts'. ========
Explicitly specified module resolution kind: 'Node10'.
Loading module as file / folder, candidate module location '/Users/marcela-dev/Projects/motherboard-systems-hq-clean/db/operational-intake-runtime.js', target file types: TypeScript, Declaration.
File name '/Users/marcela-dev/Projects/motherboard-systems-hq-clean/db/operational-intake-runtime.js' has a '.js' extension - stripping it.
File '/Users/marcela-dev/Projects/motherboard-systems-hq-clean/db/operational-intake-runtime.ts' exists - use it as a name resolution result.
======== Module name '../../db/operational-intake-runtime.js' was successfully resolved to '/Users/marcela-dev/Projects/motherboard-systems-hq-clean/db/operational-intake-runtime.ts'. ========
======== Resolving module './scheduler-entry-point' from '/Users/marcela-dev/Projects/motherboard-systems-hq-clean/server/operational/production-scheduler-consumer.ts'. ========
Explicitly specified module resolution kind: 'Node10'.
Loading module as file / folder, candidate module location '/Users/marcela-dev/Projects/motherboard-systems-hq-clean/server/operational/scheduler-entry-point', target file types: TypeScript, Declaration.
File '/Users/marcela-dev/Projects/motherboard-systems-hq-clean/server/operational/scheduler-entry-point.ts' exists - use it as a name resolution result.
======== Module name './scheduler-entry-point' was successfully resolved to '/Users/marcela-dev/Projects/motherboard-systems-hq-clean/server/operational/scheduler-entry-point.ts'. ========
======== Resolving module './scheduler-readiness-boundary' from '/Users/marcela-dev/Projects/motherboard-systems-hq-clean/server/operational/scheduler-entry-point.ts'. ========
Explicitly specified module resolution kind: 'Node10'.
Loading module as file / folder, candidate module location '/Users/marcela-dev/Projects/motherboard-systems-hq-clean/server/operational/scheduler-readiness-boundary', target file types: TypeScript, Declaration.
File '/Users/marcela-dev/Projects/motherboard-systems-hq-clean/server/operational/scheduler-readiness-boundary.ts' exists - use it as a name resolution result.
======== Module name './scheduler-readiness-boundary' was successfully resolved to '/Users/marcela-dev/Projects/motherboard-systems-hq-clean/server/operational/scheduler-readiness-boundary.ts'. ========
======== Resolving module './production-operational-consumer' from '/Users/marcela-dev/Projects/motherboard-systems-hq-clean/server/operational/scheduler-readiness-boundary.ts'. ========
Explicitly specified module resolution kind: 'Node10'.
Loading module as file / folder, candidate module location '/Users/marcela-dev/Projects/motherboard-systems-hq-clean/server/operational/production-operational-consumer', target file types: TypeScript, Declaration.
File '/Users/marcela-dev/Projects/motherboard-systems-hq-clean/server/operational/production-operational-consumer.ts' exists - use it as a name resolution result.
======== Module name './production-operational-consumer' was successfully resolved to '/Users/marcela-dev/Projects/motherboard-systems-hq-clean/server/operational/production-operational-consumer.ts'. ========
======== Resolving module './scheduler-dispatch-contract' from '/Users/marcela-dev/Projects/motherboard-systems-hq-clean/server/operational/production-scheduler-dispatch-consumer.ts'. ========
Explicitly specified module resolution kind: 'Node10'.
Loading module as file / folder, candidate module location '/Users/marcela-dev/Projects/motherboard-systems-hq-clean/server/operational/scheduler-dispatch-contract', target file types: TypeScript, Declaration.
File '/Users/marcela-dev/Projects/motherboard-systems-hq-clean/server/operational/scheduler-dispatch-contract.ts' exists - use it as a name resolution result.
======== Module name './scheduler-dispatch-contract' was successfully resolved to '/Users/marcela-dev/Projects/motherboard-systems-hq-clean/server/operational/scheduler-dispatch-contract.ts'. ========
======== Resolving module './scheduler-authorization-boundary' from '/Users/marcela-dev/Projects/motherboard-systems-hq-clean/server/operational/scheduler-dispatch-contract.ts'. ========
Explicitly specified module resolution kind: 'Node10'.
Loading module as file / folder, candidate module location '/Users/marcela-dev/Projects/motherboard-systems-hq-clean/server/operational/scheduler-authorization-boundary', target file types: TypeScript, Declaration.
File '/Users/marcela-dev/Projects/motherboard-systems-hq-clean/server/operational/scheduler-authorization-boundary.ts' exists - use it as a name resolution result.
======== Module name './scheduler-authorization-boundary' was successfully resolved to '/Users/marcela-dev/Projects/motherboard-systems-hq-clean/server/operational/scheduler-authorization-boundary.ts'. ========
======== Resolving module '../../db/operational-intake-runtime.js' from '/Users/marcela-dev/Projects/motherboard-systems-hq-clean/server/operational/scheduler-dispatch-contract.ts'. ========
Resolution for module '../../db/operational-intake-runtime.js' was found in cache from location '/Users/marcela-dev/Projects/motherboard-systems-hq-clean/server/operational'.
======== Module name '../../db/operational-intake-runtime.js' was successfully resolved to '/Users/marcela-dev/Projects/motherboard-systems-hq-clean/db/operational-intake-runtime.ts'. ========
======== Resolving module './production-scheduler-consumer' from '/Users/marcela-dev/Projects/motherboard-systems-hq-clean/server/operational/scheduler-authorization-boundary.ts'. ========
Explicitly specified module resolution kind: 'Node10'.
Loading module as file / folder, candidate module location '/Users/marcela-dev/Projects/motherboard-systems-hq-clean/server/operational/production-scheduler-consumer', target file types: TypeScript, Declaration.
File '/Users/marcela-dev/Projects/motherboard-systems-hq-clean/server/operational/production-scheduler-consumer.ts' exists - use it as a name resolution result.
======== Module name './production-scheduler-consumer' was successfully resolved to '/Users/marcela-dev/Projects/motherboard-systems-hq-clean/server/operational/production-scheduler-consumer.ts'. ========
======== Resolving module './scheduler-execution-entry-point' from '/Users/marcela-dev/Projects/motherboard-systems-hq-clean/server/operational/production-scheduler-execution-consumer.ts'. ========
Explicitly specified module resolution kind: 'Node10'.
Loading module as file / folder, candidate module location '/Users/marcela-dev/Projects/motherboard-systems-hq-clean/server/operational/scheduler-execution-entry-point', target file types: TypeScript, Declaration.
File '/Users/marcela-dev/Projects/motherboard-systems-hq-clean/server/operational/scheduler-execution-entry-point.ts' exists - use it as a name resolution result.
======== Module name './scheduler-execution-entry-point' was successfully resolved to '/Users/marcela-dev/Projects/motherboard-systems-hq-clean/server/operational/scheduler-execution-entry-point.ts'. ========
======== Resolving module './scheduler-execution-readiness-boundary' from '/Users/marcela-dev/Projects/motherboard-systems-hq-clean/server/operational/scheduler-execution-entry-point.ts'. ========
Explicitly specified module resolution kind: 'Node10'.
Loading module as file / folder, candidate module location '/Users/marcela-dev/Projects/motherboard-systems-hq-clean/server/operational/scheduler-execution-readiness-boundary', target file types: TypeScript, Declaration.
File '/Users/marcela-dev/Projects/motherboard-systems-hq-clean/server/operational/scheduler-execution-readiness-boundary.ts' exists - use it as a name resolution result.
======== Module name './scheduler-execution-readiness-boundary' was successfully resolved to '/Users/marcela-dev/Projects/motherboard-systems-hq-clean/server/operational/scheduler-execution-readiness-boundary.ts'. ========
======== Resolving module './production-scheduler-dispatch-consumer' from '/Users/marcela-dev/Projects/motherboard-systems-hq-clean/server/operational/scheduler-execution-readiness-boundary.ts'. ========
Explicitly specified module resolution kind: 'Node10'.
Loading module as file / folder, candidate module location '/Users/marcela-dev/Projects/motherboard-systems-hq-clean/server/operational/production-scheduler-dispatch-consumer', target file types: TypeScript, Declaration.
File '/Users/marcela-dev/Projects/motherboard-systems-hq-clean/server/operational/production-scheduler-dispatch-consumer.ts' exists - use it as a name resolution result.
======== Module name './production-scheduler-dispatch-consumer' was successfully resolved to '/Users/marcela-dev/Projects/motherboard-systems-hq-clean/server/operational/production-scheduler-dispatch-consumer.ts'. ========
======== Resolving module './scheduler-runtime-entry-point' from '/Users/marcela-dev/Projects/motherboard-systems-hq-clean/server/operational/production-scheduler-runtime-consumer.ts'. ========
Explicitly specified module resolution kind: 'Node10'.
Loading module as file / folder, candidate module location '/Users/marcela-dev/Projects/motherboard-systems-hq-clean/server/operational/scheduler-runtime-entry-point', target file types: TypeScript, Declaration.
File '/Users/marcela-dev/Projects/motherboard-systems-hq-clean/server/operational/scheduler-runtime-entry-point.ts' exists - use it as a name resolution result.
======== Module name './scheduler-runtime-entry-point' was successfully resolved to '/Users/marcela-dev/Projects/motherboard-systems-hq-clean/server/operational/scheduler-runtime-entry-point.ts'. ========
======== Resolving module '../execution/execution-authority.adapter' from '/Users/marcela-dev/Projects/motherboard-systems-hq-clean/server/operational/scheduler-runtime-entry-point.ts'. ========
Explicitly specified module resolution kind: 'Node10'.
Loading module as file / folder, candidate module location '/Users/marcela-dev/Projects/motherboard-systems-hq-clean/server/execution/execution-authority.adapter', target file types: TypeScript, Declaration.
File name '/Users/marcela-dev/Projects/motherboard-systems-hq-clean/server/execution/execution-authority.adapter' has a '.adapter' extension - stripping it.
File '/Users/marcela-dev/Projects/motherboard-systems-hq-clean/server/execution/execution-authority.d.adapter.ts' does not exist.
File '/Users/marcela-dev/Projects/motherboard-systems-hq-clean/server/execution/execution-authority.adapter.ts' exists - use it as a name resolution result.
======== Module name '../execution/execution-authority.adapter' was successfully resolved to '/Users/marcela-dev/Projects/motherboard-systems-hq-clean/server/execution/execution-authority.adapter.ts'. ========
======== Resolving module './scheduler-runtime-contract' from '/Users/marcela-dev/Projects/motherboard-systems-hq-clean/server/operational/production-scheduler-runtime-contract-consumer.ts'. ========
Explicitly specified module resolution kind: 'Node10'.
Loading module as file / folder, candidate module location '/Users/marcela-dev/Projects/motherboard-systems-hq-clean/server/operational/scheduler-runtime-contract', target file types: TypeScript, Declaration.
File '/Users/marcela-dev/Projects/motherboard-systems-hq-clean/server/operational/scheduler-runtime-contract.ts' exists - use it as a name resolution result.
======== Module name './scheduler-runtime-contract' was successfully resolved to '/Users/marcela-dev/Projects/motherboard-systems-hq-clean/server/operational/scheduler-runtime-contract.ts'. ========
======== Resolving module './scheduler-runtime-authorization-boundary' from '/Users/marcela-dev/Projects/motherboard-systems-hq-clean/server/operational/scheduler-runtime-contract.ts'. ========
Explicitly specified module resolution kind: 'Node10'.
Loading module as file / folder, candidate module location '/Users/marcela-dev/Projects/motherboard-systems-hq-clean/server/operational/scheduler-runtime-authorization-boundary', target file types: TypeScript, Declaration.
File '/Users/marcela-dev/Projects/motherboard-systems-hq-clean/server/operational/scheduler-runtime-authorization-boundary.ts' exists - use it as a name resolution result.
======== Module name './scheduler-runtime-authorization-boundary' was successfully resolved to '/Users/marcela-dev/Projects/motherboard-systems-hq-clean/server/operational/scheduler-runtime-authorization-boundary.ts'. ========
======== Resolving module './production-scheduler-runtime-consumer' from '/Users/marcela-dev/Projects/motherboard-systems-hq-clean/server/operational/scheduler-runtime-authorization-boundary.ts'. ========
Explicitly specified module resolution kind: 'Node10'.
Loading module as file / folder, candidate module location '/Users/marcela-dev/Projects/motherboard-systems-hq-clean/server/operational/production-scheduler-runtime-consumer', target file types: TypeScript, Declaration.
File '/Users/marcela-dev/Projects/motherboard-systems-hq-clean/server/operational/production-scheduler-runtime-consumer.ts' exists - use it as a name resolution result.
======== Module name './production-scheduler-runtime-consumer' was successfully resolved to '/Users/marcela-dev/Projects/motherboard-systems-hq-clean/server/operational/production-scheduler-runtime-consumer.ts'. ========
======== Resolving module './scheduler-runtime-dispatch-entry-point' from '/Users/marcela-dev/Projects/motherboard-systems-hq-clean/server/operational/production-scheduler-runtime-dispatch-consumer.ts'. ========
Explicitly specified module resolution kind: 'Node10'.
Loading module as file / folder, candidate module location '/Users/marcela-dev/Projects/motherboard-systems-hq-clean/server/operational/scheduler-runtime-dispatch-entry-point', target file types: TypeScript, Declaration.
File '/Users/marcela-dev/Projects/motherboard-systems-hq-clean/server/operational/scheduler-runtime-dispatch-entry-point.ts' exists - use it as a name resolution result.
======== Module name './scheduler-runtime-dispatch-entry-point' was successfully resolved to '/Users/marcela-dev/Projects/motherboard-systems-hq-clean/server/operational/scheduler-runtime-dispatch-entry-point.ts'. ========
======== Resolving module '../execution/execution-authority-core' from '/Users/marcela-dev/Projects/motherboard-systems-hq-clean/server/operational/scheduler-runtime-dispatch-entry-point.ts'. ========
Explicitly specified module resolution kind: 'Node10'.
Loading module as file / folder, candidate module location '/Users/marcela-dev/Projects/motherboard-systems-hq-clean/server/execution/execution-authority-core', target file types: TypeScript, Declaration.
File '/Users/marcela-dev/Projects/motherboard-systems-hq-clean/server/execution/execution-authority-core.ts' exists - use it as a name resolution result.
======== Module name '../execution/execution-authority-core' was successfully resolved to '/Users/marcela-dev/Projects/motherboard-systems-hq-clean/server/execution/execution-authority-core.ts'. ========
======== Resolving module './scheduler-runtime-dispatch-boundary' from '/Users/marcela-dev/Projects/motherboard-systems-hq-clean/server/operational/scheduler-runtime-dispatch-entry-point.ts'. ========
Explicitly specified module resolution kind: 'Node10'.
Loading module as file / folder, candidate module location '/Users/marcela-dev/Projects/motherboard-systems-hq-clean/server/operational/scheduler-runtime-dispatch-boundary', target file types: TypeScript, Declaration.
File '/Users/marcela-dev/Projects/motherboard-systems-hq-clean/server/operational/scheduler-runtime-dispatch-boundary.ts' exists - use it as a name resolution result.
======== Module name './scheduler-runtime-dispatch-boundary' was successfully resolved to '/Users/marcela-dev/Projects/motherboard-systems-hq-clean/server/operational/scheduler-runtime-dispatch-boundary.ts'. ========
======== Resolving module './production-scheduler-runtime-contract-consumer' from '/Users/marcela-dev/Projects/motherboard-systems-hq-clean/server/operational/scheduler-runtime-dispatch-boundary.ts'. ========
Explicitly specified module resolution kind: 'Node10'.
Loading module as file / folder, candidate module location '/Users/marcela-dev/Projects/motherboard-systems-hq-clean/server/operational/production-scheduler-runtime-contract-consumer', target file types: TypeScript, Declaration.
File '/Users/marcela-dev/Projects/motherboard-systems-hq-clean/server/operational/production-scheduler-runtime-contract-consumer.ts' exists - use it as a name resolution result.
======== Module name './production-scheduler-runtime-contract-consumer' was successfully resolved to '/Users/marcela-dev/Projects/motherboard-systems-hq-clean/server/operational/production-scheduler-runtime-contract-consumer.ts'. ========
======== Resolving module './scheduler-runtime-dispatch-contract' from '/Users/marcela-dev/Projects/motherboard-systems-hq-clean/server/operational/production-scheduler-runtime-dispatch-contract-consumer.ts'. ========
Explicitly specified module resolution kind: 'Node10'.
Loading module as file / folder, candidate module location '/Users/marcela-dev/Projects/motherboard-systems-hq-clean/server/operational/scheduler-runtime-dispatch-contract', target file types: TypeScript, Declaration.
File '/Users/marcela-dev/Projects/motherboard-systems-hq-clean/server/operational/scheduler-runtime-dispatch-contract.ts' exists - use it as a name resolution result.
======== Module name './scheduler-runtime-dispatch-contract' was successfully resolved to '/Users/marcela-dev/Projects/motherboard-systems-hq-clean/server/operational/scheduler-runtime-dispatch-contract.ts'. ========
======== Resolving module './scheduler-runtime-dispatch-authorization-boundary' from '/Users/marcela-dev/Projects/motherboard-systems-hq-clean/server/operational/scheduler-runtime-dispatch-contract.ts'. ========
Explicitly specified module resolution kind: 'Node10'.
Loading module as file / folder, candidate module location '/Users/marcela-dev/Projects/motherboard-systems-hq-clean/server/operational/scheduler-runtime-dispatch-authorization-boundary', target file types: TypeScript, Declaration.
File '/Users/marcela-dev/Projects/motherboard-systems-hq-clean/server/operational/scheduler-runtime-dispatch-authorization-boundary.ts' exists - use it as a name resolution result.
======== Module name './scheduler-runtime-dispatch-authorization-boundary' was successfully resolved to '/Users/marcela-dev/Projects/motherboard-systems-hq-clean/server/operational/scheduler-runtime-dispatch-authorization-boundary.ts'. ========
======== Resolving module './production-scheduler-runtime-dispatch-consumer' from '/Users/marcela-dev/Projects/motherboard-systems-hq-clean/server/operational/scheduler-runtime-dispatch-authorization-boundary.ts'. ========
Explicitly specified module resolution kind: 'Node10'.
Loading module as file / folder, candidate module location '/Users/marcela-dev/Projects/motherboard-systems-hq-clean/server/operational/production-scheduler-runtime-dispatch-consumer', target file types: TypeScript, Declaration.
File '/Users/marcela-dev/Projects/motherboard-systems-hq-clean/server/operational/production-scheduler-runtime-dispatch-consumer.ts' exists - use it as a name resolution result.
======== Module name './production-scheduler-runtime-dispatch-consumer' was successfully resolved to '/Users/marcela-dev/Projects/motherboard-systems-hq-clean/server/operational/production-scheduler-runtime-dispatch-consumer.ts'. ========
======== Resolving module './scheduler-runtime-finalization-entry-point' from '/Users/marcela-dev/Projects/motherboard-systems-hq-clean/server/operational/production-scheduler-runtime-finalization-consumer.ts'. ========
Explicitly specified module resolution kind: 'Node10'.
Loading module as file / folder, candidate module location '/Users/marcela-dev/Projects/motherboard-systems-hq-clean/server/operational/scheduler-runtime-finalization-entry-point', target file types: TypeScript, Declaration.
File '/Users/marcela-dev/Projects/motherboard-systems-hq-clean/server/operational/scheduler-runtime-finalization-entry-point.ts' exists - use it as a name resolution result.
======== Module name './scheduler-runtime-finalization-entry-point' was successfully resolved to '/Users/marcela-dev/Projects/motherboard-systems-hq-clean/server/operational/scheduler-runtime-finalization-entry-point.ts'. ========
======== Resolving module './scheduler-runtime-finalization-boundary' from '/Users/marcela-dev/Projects/motherboard-systems-hq-clean/server/operational/scheduler-runtime-finalization-entry-point.ts'. ========
Explicitly specified module resolution kind: 'Node10'.
Loading module as file / folder, candidate module location '/Users/marcela-dev/Projects/motherboard-systems-hq-clean/server/operational/scheduler-runtime-finalization-boundary', target file types: TypeScript, Declaration.
File '/Users/marcela-dev/Projects/motherboard-systems-hq-clean/server/operational/scheduler-runtime-finalization-boundary.ts' exists - use it as a name resolution result.
======== Module name './scheduler-runtime-finalization-boundary' was successfully resolved to '/Users/marcela-dev/Projects/motherboard-systems-hq-clean/server/operational/scheduler-runtime-finalization-boundary.ts'. ========
======== Resolving module './production-scheduler-runtime-dispatch-contract-consumer' from '/Users/marcela-dev/Projects/motherboard-systems-hq-clean/server/operational/scheduler-runtime-finalization-boundary.ts'. ========
Explicitly specified module resolution kind: 'Node10'.
Loading module as file / folder, candidate module location '/Users/marcela-dev/Projects/motherboard-systems-hq-clean/server/operational/production-scheduler-runtime-dispatch-contract-consumer', target file types: TypeScript, Declaration.
File '/Users/marcela-dev/Projects/motherboard-systems-hq-clean/server/operational/production-scheduler-runtime-dispatch-contract-consumer.ts' exists - use it as a name resolution result.
======== Module name './production-scheduler-runtime-dispatch-contract-consumer' was successfully resolved to '/Users/marcela-dev/Projects/motherboard-systems-hq-clean/server/operational/production-scheduler-runtime-dispatch-contract-consumer.ts'. ========
======== Resolving module './scheduler-runtime-finalization-contract' from '/Users/marcela-dev/Projects/motherboard-systems-hq-clean/server/operational/production-scheduler-runtime-finalization-contract-consumer.ts'. ========
Explicitly specified module resolution kind: 'Node10'.
Loading module as file / folder, candidate module location '/Users/marcela-dev/Projects/motherboard-systems-hq-clean/server/operational/scheduler-runtime-finalization-contract', target file types: TypeScript, Declaration.
File '/Users/marcela-dev/Projects/motherboard-systems-hq-clean/server/operational/scheduler-runtime-finalization-contract.ts' exists - use it as a name resolution result.
======== Module name './scheduler-runtime-finalization-contract' was successfully resolved to '/Users/marcela-dev/Projects/motherboard-systems-hq-clean/server/operational/scheduler-runtime-finalization-contract.ts'. ========
======== Resolving module './scheduler-runtime-finalization-authorization-boundary' from '/Users/marcela-dev/Projects/motherboard-systems-hq-clean/server/operational/scheduler-runtime-finalization-contract.ts'. ========
Explicitly specified module resolution kind: 'Node10'.
Loading module as file / folder, candidate module location '/Users/marcela-dev/Projects/motherboard-systems-hq-clean/server/operational/scheduler-runtime-finalization-authorization-boundary', target file types: TypeScript, Declaration.
File '/Users/marcela-dev/Projects/motherboard-systems-hq-clean/server/operational/scheduler-runtime-finalization-authorization-boundary.ts' exists - use it as a name resolution result.
======== Module name './scheduler-runtime-finalization-authorization-boundary' was successfully resolved to '/Users/marcela-dev/Projects/motherboard-systems-hq-clean/server/operational/scheduler-runtime-finalization-authorization-boundary.ts'. ========
======== Resolving module './production-scheduler-runtime-finalization-consumer' from '/Users/marcela-dev/Projects/motherboard-systems-hq-clean/server/operational/scheduler-runtime-finalization-authorization-boundary.ts'. ========
Explicitly specified module resolution kind: 'Node10'.
Loading module as file / folder, candidate module location '/Users/marcela-dev/Projects/motherboard-systems-hq-clean/server/operational/production-scheduler-runtime-finalization-consumer', target file types: TypeScript, Declaration.
File '/Users/marcela-dev/Projects/motherboard-systems-hq-clean/server/operational/production-scheduler-runtime-finalization-consumer.ts' exists - use it as a name resolution result.
======== Module name './production-scheduler-runtime-finalization-consumer' was successfully resolved to '/Users/marcela-dev/Projects/motherboard-systems-hq-clean/server/operational/production-scheduler-runtime-finalization-consumer.ts'. ========
======== Resolving module './scheduler-runtime-finalization-readiness-completion-entry-point' from '/Users/marcela-dev/Projects/motherboard-systems-hq-clean/server/operational/production-scheduler-runtime-finalization-readiness-completion-consumer.ts'. ========
Explicitly specified module resolution kind: 'Node10'.
Loading module as file / folder, candidate module location '/Users/marcela-dev/Projects/motherboard-systems-hq-clean/server/operational/scheduler-runtime-finalization-readiness-completion-entry-point', target file types: TypeScript, Declaration.
File '/Users/marcela-dev/Projects/motherboard-systems-hq-clean/server/operational/scheduler-runtime-finalization-readiness-completion-entry-point.ts' exists - use it as a name resolution result.
======== Module name './scheduler-runtime-finalization-readiness-completion-entry-point' was successfully resolved to '/Users/marcela-dev/Projects/motherboard-systems-hq-clean/server/operational/scheduler-runtime-finalization-readiness-completion-entry-point.ts'. ========
======== Resolving module './scheduler-runtime-finalization-readiness-completion-boundary' from '/Users/marcela-dev/Projects/motherboard-systems-hq-clean/server/operational/scheduler-runtime-finalization-readiness-completion-entry-point.ts'. ========
Explicitly specified module resolution kind: 'Node10'.
Loading module as file / folder, candidate module location '/Users/marcela-dev/Projects/motherboard-systems-hq-clean/server/operational/scheduler-runtime-finalization-readiness-completion-boundary', target file types: TypeScript, Declaration.
File '/Users/marcela-dev/Projects/motherboard-systems-hq-clean/server/operational/scheduler-runtime-finalization-readiness-completion-boundary.ts' exists - use it as a name resolution result.
======== Module name './scheduler-runtime-finalization-readiness-completion-boundary' was successfully resolved to '/Users/marcela-dev/Projects/motherboard-systems-hq-clean/server/operational/scheduler-runtime-finalization-readiness-completion-boundary.ts'. ========
======== Resolving module './production-scheduler-runtime-finalization-readiness-contract-consumer' from '/Users/marcela-dev/Projects/motherboard-systems-hq-clean/server/operational/scheduler-runtime-finalization-readiness-completion-boundary.ts'. ========
Explicitly specified module resolution kind: 'Node10'.
Loading module as file / folder, candidate module location '/Users/marcela-dev/Projects/motherboard-systems-hq-clean/server/operational/production-scheduler-runtime-finalization-readiness-contract-consumer', target file types: TypeScript, Declaration.
File '/Users/marcela-dev/Projects/motherboard-systems-hq-clean/server/operational/production-scheduler-runtime-finalization-readiness-contract-consumer.ts' exists - use it as a name resolution result.
======== Module name './production-scheduler-runtime-finalization-readiness-contract-consumer' was successfully resolved to '/Users/marcela-dev/Projects/motherboard-systems-hq-clean/server/operational/production-scheduler-runtime-finalization-readiness-contract-consumer.ts'. ========
======== Resolving module './scheduler-runtime-finalization-readiness-contract' from '/Users/marcela-dev/Projects/motherboard-systems-hq-clean/server/operational/production-scheduler-runtime-finalization-readiness-contract-consumer.ts'. ========
Explicitly specified module resolution kind: 'Node10'.
Loading module as file / folder, candidate module location '/Users/marcela-dev/Projects/motherboard-systems-hq-clean/server/operational/scheduler-runtime-finalization-readiness-contract', target file types: TypeScript, Declaration.
File '/Users/marcela-dev/Projects/motherboard-systems-hq-clean/server/operational/scheduler-runtime-finalization-readiness-contract.ts' exists - use it as a name resolution result.
======== Module name './scheduler-runtime-finalization-readiness-contract' was successfully resolved to '/Users/marcela-dev/Projects/motherboard-systems-hq-clean/server/operational/scheduler-runtime-finalization-readiness-contract.ts'. ========
======== Resolving module './scheduler-runtime-finalization-readiness-authorization-boundary' from '/Users/marcela-dev/Projects/motherboard-systems-hq-clean/server/operational/scheduler-runtime-finalization-readiness-contract.ts'. ========
Explicitly specified module resolution kind: 'Node10'.
Loading module as file / folder, candidate module location '/Users/marcela-dev/Projects/motherboard-systems-hq-clean/server/operational/scheduler-runtime-finalization-readiness-authorization-boundary', target file types: TypeScript, Declaration.
File '/Users/marcela-dev/Projects/motherboard-systems-hq-clean/server/operational/scheduler-runtime-finalization-readiness-authorization-boundary.ts' exists - use it as a name resolution result.
======== Module name './scheduler-runtime-finalization-readiness-authorization-boundary' was successfully resolved to '/Users/marcela-dev/Projects/motherboard-systems-hq-clean/server/operational/scheduler-runtime-finalization-readiness-authorization-boundary.ts'. ========
======== Resolving module './production-scheduler-runtime-finalization-readiness-consumer' from '/Users/marcela-dev/Projects/motherboard-systems-hq-clean/server/operational/scheduler-runtime-finalization-readiness-authorization-boundary.ts'. ========
Explicitly specified module resolution kind: 'Node10'.
Loading module as file / folder, candidate module location '/Users/marcela-dev/Projects/motherboard-systems-hq-clean/server/operational/production-scheduler-runtime-finalization-readiness-consumer', target file types: TypeScript, Declaration.
File '/Users/marcela-dev/Projects/motherboard-systems-hq-clean/server/operational/production-scheduler-runtime-finalization-readiness-consumer.ts' exists - use it as a name resolution result.
======== Module name './production-scheduler-runtime-finalization-readiness-consumer' was successfully resolved to '/Users/marcela-dev/Projects/motherboard-systems-hq-clean/server/operational/production-scheduler-runtime-finalization-readiness-consumer.ts'. ========
======== Resolving module './scheduler-runtime-finalization-readiness-entry-point' from '/Users/marcela-dev/Projects/motherboard-systems-hq-clean/server/operational/production-scheduler-runtime-finalization-readiness-consumer.ts'. ========
Explicitly specified module resolution kind: 'Node10'.
Loading module as file / folder, candidate module location '/Users/marcela-dev/Projects/motherboard-systems-hq-clean/server/operational/scheduler-runtime-finalization-readiness-entry-point', target file types: TypeScript, Declaration.
File '/Users/marcela-dev/Projects/motherboard-systems-hq-clean/server/operational/scheduler-runtime-finalization-readiness-entry-point.ts' exists - use it as a name resolution result.
======== Module name './scheduler-runtime-finalization-readiness-entry-point' was successfully resolved to '/Users/marcela-dev/Projects/motherboard-systems-hq-clean/server/operational/scheduler-runtime-finalization-readiness-entry-point.ts'. ========
======== Resolving module './scheduler-runtime-finalization-readiness-boundary' from '/Users/marcela-dev/Projects/motherboard-systems-hq-clean/server/operational/scheduler-runtime-finalization-readiness-entry-point.ts'. ========
Explicitly specified module resolution kind: 'Node10'.
Loading module as file / folder, candidate module location '/Users/marcela-dev/Projects/motherboard-systems-hq-clean/server/operational/scheduler-runtime-finalization-readiness-boundary', target file types: TypeScript, Declaration.
File '/Users/marcela-dev/Projects/motherboard-systems-hq-clean/server/operational/scheduler-runtime-finalization-readiness-boundary.ts' exists - use it as a name resolution result.
======== Module name './scheduler-runtime-finalization-readiness-boundary' was successfully resolved to '/Users/marcela-dev/Projects/motherboard-systems-hq-clean/server/operational/scheduler-runtime-finalization-readiness-boundary.ts'. ========
======== Resolving module './production-scheduler-runtime-finalization-contract-consumer' from '/Users/marcela-dev/Projects/motherboard-systems-hq-clean/server/operational/scheduler-runtime-finalization-readiness-boundary.ts'. ========
Explicitly specified module resolution kind: 'Node10'.
Loading module as file / folder, candidate module location '/Users/marcela-dev/Projects/motherboard-systems-hq-clean/server/operational/production-scheduler-runtime-finalization-contract-consumer', target file types: TypeScript, Declaration.
File '/Users/marcela-dev/Projects/motherboard-systems-hq-clean/server/operational/production-scheduler-runtime-finalization-contract-consumer.ts' exists - use it as a name resolution result.
======== Module name './production-scheduler-runtime-finalization-contract-consumer' was successfully resolved to '/Users/marcela-dev/Projects/motherboard-systems-hq-clean/server/operational/production-scheduler-runtime-finalization-contract-consumer.ts'. ========
======== Resolving module './scheduler-runtime-finalization-readiness-completion-contract' from '/Users/marcela-dev/Projects/motherboard-systems-hq-clean/server/operational/production-scheduler-runtime-finalization-readiness-completion-contract-consumer.ts'. ========
Explicitly specified module resolution kind: 'Node10'.
Loading module as file / folder, candidate module location '/Users/marcela-dev/Projects/motherboard-systems-hq-clean/server/operational/scheduler-runtime-finalization-readiness-completion-contract', target file types: TypeScript, Declaration.
File '/Users/marcela-dev/Projects/motherboard-systems-hq-clean/server/operational/scheduler-runtime-finalization-readiness-completion-contract.ts' exists - use it as a name resolution result.
======== Module name './scheduler-runtime-finalization-readiness-completion-contract' was successfully resolved to '/Users/marcela-dev/Projects/motherboard-systems-hq-clean/server/operational/scheduler-runtime-finalization-readiness-completion-contract.ts'. ========
======== Resolving module './scheduler-runtime-finalization-readiness-completion-authorization-boundary' from '/Users/marcela-dev/Projects/motherboard-systems-hq-clean/server/operational/scheduler-runtime-finalization-readiness-completion-contract.ts'. ========
Explicitly specified module resolution kind: 'Node10'.
Loading module as file / folder, candidate module location '/Users/marcela-dev/Projects/motherboard-systems-hq-clean/server/operational/scheduler-runtime-finalization-readiness-completion-authorization-boundary', target file types: TypeScript, Declaration.
File '/Users/marcela-dev/Projects/motherboard-systems-hq-clean/server/operational/scheduler-runtime-finalization-readiness-completion-authorization-boundary.ts' exists - use it as a name resolution result.
======== Module name './scheduler-runtime-finalization-readiness-completion-authorization-boundary' was successfully resolved to '/Users/marcela-dev/Projects/motherboard-systems-hq-clean/server/operational/scheduler-runtime-finalization-readiness-completion-authorization-boundary.ts'. ========
======== Resolving module './production-scheduler-runtime-finalization-readiness-completion-consumer' from '/Users/marcela-dev/Projects/motherboard-systems-hq-clean/server/operational/scheduler-runtime-finalization-readiness-completion-authorization-boundary.ts'. ========
Explicitly specified module resolution kind: 'Node10'.
Loading module as file / folder, candidate module location '/Users/marcela-dev/Projects/motherboard-systems-hq-clean/server/operational/production-scheduler-runtime-finalization-readiness-completion-consumer', target file types: TypeScript, Declaration.
File '/Users/marcela-dev/Projects/motherboard-systems-hq-clean/server/operational/production-scheduler-runtime-finalization-readiness-completion-consumer.ts' exists - use it as a name resolution result.
======== Module name './production-scheduler-runtime-finalization-readiness-completion-consumer' was successfully resolved to '/Users/marcela-dev/Projects/motherboard-systems-hq-clean/server/operational/production-scheduler-runtime-finalization-readiness-completion-consumer.ts'. ========
======== Resolving module './production-scheduler-execution-consumer' from '/Users/marcela-dev/Projects/motherboard-systems-hq-clean/server/operational/scheduler-runtime-boundary.ts'. ========
Explicitly specified module resolution kind: 'Node10'.
Loading module as file / folder, candidate module location '/Users/marcela-dev/Projects/motherboard-systems-hq-clean/server/operational/production-scheduler-execution-consumer', target file types: TypeScript, Declaration.
File '/Users/marcela-dev/Projects/motherboard-systems-hq-clean/server/operational/production-scheduler-execution-consumer.ts' exists - use it as a name resolution result.
======== Module name './production-scheduler-execution-consumer' was successfully resolved to '/Users/marcela-dev/Projects/motherboard-systems-hq-clean/server/operational/production-scheduler-execution-consumer.ts'. ========
======== Resolving module './policy' from '/Users/marcela-dev/Projects/motherboard-systems-hq-clean/server/orchestration/operator-commands.ts'. ========
Explicitly specified module resolution kind: 'Node10'.
Loading module as file / folder, candidate module location '/Users/marcela-dev/Projects/motherboard-systems-hq-clean/server/orchestration/policy', target file types: TypeScript, Declaration.
File '/Users/marcela-dev/Projects/motherboard-systems-hq-clean/server/orchestration/policy.ts' exists - use it as a name resolution result.
======== Module name './policy' was successfully resolved to '/Users/marcela-dev/Projects/motherboard-systems-hq-clean/server/orchestration/policy.ts'. ========
======== Resolving module './policy' from '/Users/marcela-dev/Projects/motherboard-systems-hq-clean/server/orchestration/policy-pipeline.ts'. ========
Resolution for module './policy' was found in cache from location '/Users/marcela-dev/Projects/motherboard-systems-hq-clean/server/orchestration'.
======== Module name './policy' was successfully resolved to '/Users/marcela-dev/Projects/motherboard-systems-hq-clean/server/orchestration/policy.ts'. ========
======== Resolving module './policy' from '/Users/marcela-dev/Projects/motherboard-systems-hq-clean/server/orchestration/router.ts'. ========
Resolution for module './policy' was found in cache from location '/Users/marcela-dev/Projects/motherboard-systems-hq-clean/server/orchestration'.
======== Module name './policy' was successfully resolved to '/Users/marcela-dev/Projects/motherboard-systems-hq-clean/server/orchestration/policy.ts'. ========
======== Resolving module './policy' from '/Users/marcela-dev/Projects/motherboard-systems-hq-clean/server/orchestration/scheduler.ts'. ========
Resolution for module './policy' was found in cache from location '/Users/marcela-dev/Projects/motherboard-systems-hq-clean/server/orchestration'.
======== Module name './policy' was successfully resolved to '/Users/marcela-dev/Projects/motherboard-systems-hq-clean/server/orchestration/policy.ts'. ========
======== Resolving module '../../db/governance-runtime.js' from '/Users/marcela-dev/Projects/motherboard-systems-hq-clean/server/package/production-package-consumer.ts'. ========
Explicitly specified module resolution kind: 'Node10'.
Loading module as file / folder, candidate module location '/Users/marcela-dev/Projects/motherboard-systems-hq-clean/db/governance-runtime.js', target file types: TypeScript, Declaration.
File name '/Users/marcela-dev/Projects/motherboard-systems-hq-clean/db/governance-runtime.js' has a '.js' extension - stripping it.
File '/Users/marcela-dev/Projects/motherboard-systems-hq-clean/db/governance-runtime.ts' exists - use it as a name resolution result.
======== Module name '../../db/governance-runtime.js' was successfully resolved to '/Users/marcela-dev/Projects/motherboard-systems-hq-clean/db/governance-runtime.ts'. ========
======== Resolving module './production-package-entry-point' from '/Users/marcela-dev/Projects/motherboard-systems-hq-clean/server/package/production-package-consumer.ts'. ========
Explicitly specified module resolution kind: 'Node10'.
Loading module as file / folder, candidate module location '/Users/marcela-dev/Projects/motherboard-systems-hq-clean/server/package/production-package-entry-point', target file types: TypeScript, Declaration.
File '/Users/marcela-dev/Projects/motherboard-systems-hq-clean/server/package/production-package-entry-point.ts' exists - use it as a name resolution result.
======== Module name './production-package-entry-point' was successfully resolved to '/Users/marcela-dev/Projects/motherboard-systems-hq-clean/server/package/production-package-entry-point.ts'. ========
======== Resolving module '../../db/governance-runtime.js' from '/Users/marcela-dev/Projects/motherboard-systems-hq-clean/server/package/production-package-entry-point.ts'. ========
Resolution for module '../../db/governance-runtime.js' was found in cache from location '/Users/marcela-dev/Projects/motherboard-systems-hq-clean/server/package'.
======== Module name '../../db/governance-runtime.js' was successfully resolved to '/Users/marcela-dev/Projects/motherboard-systems-hq-clean/db/governance-runtime.ts'. ========
======== Resolving module 'express' from '/Users/marcela-dev/Projects/motherboard-systems-hq-clean/server/routes/governance-delegation-route.ts'. ========
Explicitly specified module resolution kind: 'Node10'.
'baseUrl' option is set to '/Users/marcela-dev/Projects/motherboard-systems-hq-clean', using this value to resolve non-relative module name 'express'.
Resolving module name 'express' relative to base url '/Users/marcela-dev/Projects/motherboard-systems-hq-clean' - '/Users/marcela-dev/Projects/motherboard-systems-hq-clean/express'.
Loading module as file / folder, candidate module location '/Users/marcela-dev/Projects/motherboard-systems-hq-clean/express', target file types: TypeScript, Declaration.
File '/Users/marcela-dev/Projects/motherboard-systems-hq-clean/express.ts' does not exist.
File '/Users/marcela-dev/Projects/motherboard-systems-hq-clean/express.tsx' does not exist.
File '/Users/marcela-dev/Projects/motherboard-systems-hq-clean/express.d.ts' does not exist.
Directory '/Users/marcela-dev/Projects/motherboard-systems-hq-clean/express' does not exist, skipping all lookups in it.
Loading module 'express' from 'node_modules' folder, target file types: TypeScript, Declaration.
Searching all ancestor node_modules directories for preferred extensions: TypeScript, Declaration.
Directory '/Users/marcela-dev/Projects/motherboard-systems-hq-clean/server/routes/node_modules' does not exist, skipping all lookups in it.
Directory '/Users/marcela-dev/Projects/motherboard-systems-hq-clean/server/node_modules' does not exist, skipping all lookups in it.
Found 'package.json' at '/Users/marcela-dev/Projects/motherboard-systems-hq-clean/node_modules/express/package.json'.
File '/Users/marcela-dev/Projects/motherboard-systems-hq-clean/node_modules/express.ts' does not exist.
File '/Users/marcela-dev/Projects/motherboard-systems-hq-clean/node_modules/express.tsx' does not exist.
File '/Users/marcela-dev/Projects/motherboard-systems-hq-clean/node_modules/express.d.ts' does not exist.
'package.json' does not have a 'typesVersions' field.
'package.json' does not have a 'typings' field.
'package.json' does not have a 'types' field.
'package.json' does not have a 'main' field.
File '/Users/marcela-dev/Projects/motherboard-systems-hq-clean/node_modules/express/index.ts' does not exist.
File '/Users/marcela-dev/Projects/motherboard-systems-hq-clean/node_modules/express/index.tsx' does not exist.
File '/Users/marcela-dev/Projects/motherboard-systems-hq-clean/node_modules/express/index.d.ts' does not exist.
Found 'package.json' at '/Users/marcela-dev/Projects/motherboard-systems-hq-clean/node_modules/@types/express/package.json'.
File '/Users/marcela-dev/Projects/motherboard-systems-hq-clean/node_modules/@types/express.d.ts' does not exist.
'package.json' does not have a 'typesVersions' field.
'package.json' does not have a 'typings' field.
'package.json' has 'types' field 'index.d.ts' that references '/Users/marcela-dev/Projects/motherboard-systems-hq-clean/node_modules/@types/express/index.d.ts'.
File '/Users/marcela-dev/Projects/motherboard-systems-hq-clean/node_modules/@types/express/index.d.ts' exists - use it as a name resolution result.
'package.json' has a 'peerDependencies' field.
Resolving real path for '/Users/marcela-dev/Projects/motherboard-systems-hq-clean/node_modules/@types/express', result '/Users/marcela-dev/Projects/motherboard-systems-hq-clean/node_modules/@types/express'.
Resolving real path for '/Users/marcela-dev/Projects/motherboard-systems-hq-clean/node_modules/@types/express/index.d.ts', result '/Users/marcela-dev/Projects/motherboard-systems-hq-clean/node_modules/@types/express/index.d.ts'.
======== Module name 'express' was successfully resolved to '/Users/marcela-dev/Projects/motherboard-systems-hq-clean/node_modules/@types/express/index.d.ts' with Package ID '@types/express/index.d.ts@5.0.6'. ========
======== Resolving module '../delegation/production-delegation-consumer.js' from '/Users/marcela-dev/Projects/motherboard-systems-hq-clean/server/routes/governance-delegation-route.ts'. ========
Explicitly specified module resolution kind: 'Node10'.
Loading module as file / folder, candidate module location '/Users/marcela-dev/Projects/motherboard-systems-hq-clean/server/delegation/production-delegation-consumer.js', target file types: TypeScript, Declaration.
File name '/Users/marcela-dev/Projects/motherboard-systems-hq-clean/server/delegation/production-delegation-consumer.js' has a '.js' extension - stripping it.
File '/Users/marcela-dev/Projects/motherboard-systems-hq-clean/server/delegation/production-delegation-consumer.ts' exists - use it as a name resolution result.
======== Module name '../delegation/production-delegation-consumer.js' was successfully resolved to '/Users/marcela-dev/Projects/motherboard-systems-hq-clean/server/delegation/production-delegation-consumer.ts'. ========
======== Resolving module '../delegation/production-delegation-entry-point.js' from '/Users/marcela-dev/Projects/motherboard-systems-hq-clean/server/routes/governance-delegation-route.ts'. ========
Explicitly specified module resolution kind: 'Node10'.
Loading module as file / folder, candidate module location '/Users/marcela-dev/Projects/motherboard-systems-hq-clean/server/delegation/production-delegation-entry-point.js', target file types: TypeScript, Declaration.
File name '/Users/marcela-dev/Projects/motherboard-systems-hq-clean/server/delegation/production-delegation-entry-point.js' has a '.js' extension - stripping it.
File '/Users/marcela-dev/Projects/motherboard-systems-hq-clean/server/delegation/production-delegation-entry-point.ts' exists - use it as a name resolution result.
======== Module name '../delegation/production-delegation-entry-point.js' was successfully resolved to '/Users/marcela-dev/Projects/motherboard-systems-hq-clean/server/delegation/production-delegation-entry-point.ts'. ========
File '/Users/marcela-dev/Projects/motherboard-systems-hq-clean/node_modules/@types/express/package.json' exists according to earlier cached lookups.
======== Resolving type reference directive 'express-serve-static-core', containing file '/Users/marcela-dev/Projects/motherboard-systems-hq-clean/node_modules/@types/express/index.d.ts', root directory '/Users/marcela-dev/Projects/motherboard-systems-hq-clean/node_modules/@types,/Users/marcela-dev/Projects/node_modules/@types,/Users/marcela-dev/node_modules/@types,/Users/node_modules/@types,/node_modules/@types'. ========
Resolving with primary search path '/Users/marcela-dev/Projects/motherboard-systems-hq-clean/node_modules/@types, /Users/marcela-dev/Projects/node_modules/@types, /Users/marcela-dev/node_modules/@types, /Users/node_modules/@types, /node_modules/@types'.
Found 'package.json' at '/Users/marcela-dev/Projects/motherboard-systems-hq-clean/node_modules/@types/express-serve-static-core/package.json'.
'package.json' does not have a 'typesVersions' field.
'package.json' does not have a 'typings' field.
'package.json' has 'types' field 'index.d.ts' that references '/Users/marcela-dev/Projects/motherboard-systems-hq-clean/node_modules/@types/express-serve-static-core/index.d.ts'.
File '/Users/marcela-dev/Projects/motherboard-systems-hq-clean/node_modules/@types/express-serve-static-core/index.d.ts' exists - use it as a name resolution result.
'package.json' has a 'peerDependencies' field.
Resolving real path for '/Users/marcela-dev/Projects/motherboard-systems-hq-clean/node_modules/@types/express-serve-static-core', result '/Users/marcela-dev/Projects/motherboard-systems-hq-clean/node_modules/@types/express-serve-static-core'.
Resolving real path for '/Users/marcela-dev/Projects/motherboard-systems-hq-clean/node_modules/@types/express-serve-static-core/index.d.ts', result '/Users/marcela-dev/Projects/motherboard-systems-hq-clean/node_modules/@types/express-serve-static-core/index.d.ts'.
======== Type reference directive 'express-serve-static-core' was successfully resolved to '/Users/marcela-dev/Projects/motherboard-systems-hq-clean/node_modules/@types/express-serve-static-core/index.d.ts' with Package ID '@types/express-serve-static-core/index.d.ts@5.1.1', primary: true. ========
======== Resolving type reference directive 'serve-static', containing file '/Users/marcela-dev/Projects/motherboard-systems-hq-clean/node_modules/@types/express/index.d.ts', root directory '/Users/marcela-dev/Projects/motherboard-systems-hq-clean/node_modules/@types,/Users/marcela-dev/Projects/node_modules/@types,/Users/marcela-dev/node_modules/@types,/Users/node_modules/@types,/node_modules/@types'. ========
Resolving with primary search path '/Users/marcela-dev/Projects/motherboard-systems-hq-clean/node_modules/@types, /Users/marcela-dev/Projects/node_modules/@types, /Users/marcela-dev/node_modules/@types, /Users/node_modules/@types, /node_modules/@types'.
Found 'package.json' at '/Users/marcela-dev/Projects/motherboard-systems-hq-clean/node_modules/@types/serve-static/package.json'.
'package.json' does not have a 'typesVersions' field.
'package.json' does not have a 'typings' field.
'package.json' has 'types' field 'index.d.ts' that references '/Users/marcela-dev/Projects/motherboard-systems-hq-clean/node_modules/@types/serve-static/index.d.ts'.
File '/Users/marcela-dev/Projects/motherboard-systems-hq-clean/node_modules/@types/serve-static/index.d.ts' exists - use it as a name resolution result.
'package.json' has a 'peerDependencies' field.
Resolving real path for '/Users/marcela-dev/Projects/motherboard-systems-hq-clean/node_modules/@types/serve-static', result '/Users/marcela-dev/Projects/motherboard-systems-hq-clean/node_modules/@types/serve-static'.
Resolving real path for '/Users/marcela-dev/Projects/motherboard-systems-hq-clean/node_modules/@types/serve-static/index.d.ts', result '/Users/marcela-dev/Projects/motherboard-systems-hq-clean/node_modules/@types/serve-static/index.d.ts'.
======== Type reference directive 'serve-static' was successfully resolved to '/Users/marcela-dev/Projects/motherboard-systems-hq-clean/node_modules/@types/serve-static/index.d.ts' with Package ID '@types/serve-static/index.d.ts@2.2.0', primary: true. ========
File '/Users/marcela-dev/Projects/motherboard-systems-hq-clean/node_modules/@types/express-serve-static-core/package.json' exists according to earlier cached lookups.
======== Resolving type reference directive 'node', containing file '/Users/marcela-dev/Projects/motherboard-systems-hq-clean/node_modules/@types/express-serve-static-core/index.d.ts', root directory '/Users/marcela-dev/Projects/motherboard-systems-hq-clean/node_modules/@types,/Users/marcela-dev/Projects/node_modules/@types,/Users/marcela-dev/node_modules/@types,/Users/node_modules/@types,/node_modules/@types'. ========
Resolving with primary search path '/Users/marcela-dev/Projects/motherboard-systems-hq-clean/node_modules/@types, /Users/marcela-dev/Projects/node_modules/@types, /Users/marcela-dev/node_modules/@types, /Users/node_modules/@types, /node_modules/@types'.
Found 'package.json' at '/Users/marcela-dev/Projects/motherboard-systems-hq-clean/node_modules/@types/node/package.json'.
'package.json' has a 'typesVersions' field with version-specific path mappings.
'package.json' does not have a 'typesVersions' entry that matches version '5.9'.
'package.json' does not have a 'typings' field.
'package.json' has 'types' field 'index.d.ts' that references '/Users/marcela-dev/Projects/motherboard-systems-hq-clean/node_modules/@types/node/index.d.ts'.
File '/Users/marcela-dev/Projects/motherboard-systems-hq-clean/node_modules/@types/node/index.d.ts' exists - use it as a name resolution result.
'package.json' has a 'peerDependencies' field.
Resolving real path for '/Users/marcela-dev/Projects/motherboard-systems-hq-clean/node_modules/@types/node', result '/Users/marcela-dev/Projects/motherboard-systems-hq-clean/node_modules/@types/node'.
Resolving real path for '/Users/marcela-dev/Projects/motherboard-systems-hq-clean/node_modules/@types/node/index.d.ts', result '/Users/marcela-dev/Projects/motherboard-systems-hq-clean/node_modules/@types/node/index.d.ts'.
======== Type reference directive 'node' was successfully resolved to '/Users/marcela-dev/Projects/motherboard-systems-hq-clean/node_modules/@types/node/index.d.ts' with Package ID '@types/node/index.d.ts@20.19.43', primary: true. ========
File '/Users/marcela-dev/Projects/motherboard-systems-hq-clean/node_modules/@types/node/package.json' exists according to earlier cached lookups.
File '/Users/marcela-dev/Projects/motherboard-systems-hq-clean/node_modules/@types/node/compatibility/package.json' does not exist.
File '/Users/marcela-dev/Projects/motherboard-systems-hq-clean/node_modules/@types/node/package.json' exists according to earlier cached lookups.
File '/Users/marcela-dev/Projects/motherboard-systems-hq-clean/node_modules/@types/node/compatibility/package.json' does not exist according to earlier cached lookups.
File '/Users/marcela-dev/Projects/motherboard-systems-hq-clean/node_modules/@types/node/package.json' exists according to earlier cached lookups.
File '/Users/marcela-dev/Projects/motherboard-systems-hq-clean/node_modules/@types/node/compatibility/package.json' does not exist according to earlier cached lookups.
File '/Users/marcela-dev/Projects/motherboard-systems-hq-clean/node_modules/@types/node/package.json' exists according to earlier cached lookups.
File '/Users/marcela-dev/Projects/motherboard-systems-hq-clean/node_modules/@types/node/compatibility/package.json' does not exist according to earlier cached lookups.
File '/Users/marcela-dev/Projects/motherboard-systems-hq-clean/node_modules/@types/node/package.json' exists according to earlier cached lookups.
File '/Users/marcela-dev/Projects/motherboard-systems-hq-clean/node_modules/@types/node/package.json' exists according to earlier cached lookups.
File '/Users/marcela-dev/Projects/motherboard-systems-hq-clean/node_modules/@types/node/package.json' exists according to earlier cached lookups.
File '/Users/marcela-dev/Projects/motherboard-systems-hq-clean/node_modules/@types/node/package.json' exists according to earlier cached lookups.
File '/Users/marcela-dev/Projects/motherboard-systems-hq-clean/node_modules/@types/node/web-globals/package.json' does not exist.
File '/Users/marcela-dev/Projects/motherboard-systems-hq-clean/node_modules/@types/node/package.json' exists according to earlier cached lookups.
File '/Users/marcela-dev/Projects/motherboard-systems-hq-clean/node_modules/@types/node/web-globals/package.json' does not exist according to earlier cached lookups.
File '/Users/marcela-dev/Projects/motherboard-systems-hq-clean/node_modules/@types/node/package.json' exists according to earlier cached lookups.
File '/Users/marcela-dev/Projects/motherboard-systems-hq-clean/node_modules/@types/node/web-globals/package.json' does not exist according to earlier cached lookups.
File '/Users/marcela-dev/Projects/motherboard-systems-hq-clean/node_modules/@types/node/package.json' exists according to earlier cached lookups.
File '/Users/marcela-dev/Projects/motherboard-systems-hq-clean/node_modules/@types/node/web-globals/package.json' does not exist according to earlier cached lookups.
File '/Users/marcela-dev/Projects/motherboard-systems-hq-clean/node_modules/@types/node/package.json' exists according to earlier cached lookups.
======== Resolving module 'undici-types' from '/Users/marcela-dev/Projects/motherboard-systems-hq-clean/node_modules/@types/node/web-globals/fetch.d.ts'. ========
Explicitly specified module resolution kind: 'Node10'.
'baseUrl' option is set to '/Users/marcela-dev/Projects/motherboard-systems-hq-clean', using this value to resolve non-relative module name 'undici-types'.
Resolving module name 'undici-types' relative to base url '/Users/marcela-dev/Projects/motherboard-systems-hq-clean' - '/Users/marcela-dev/Projects/motherboard-systems-hq-clean/undici-types'.
Loading module as file / folder, candidate module location '/Users/marcela-dev/Projects/motherboard-systems-hq-clean/undici-types', target file types: TypeScript, Declaration.
File '/Users/marcela-dev/Projects/motherboard-systems-hq-clean/undici-types.ts' does not exist.
File '/Users/marcela-dev/Projects/motherboard-systems-hq-clean/undici-types.tsx' does not exist.
File '/Users/marcela-dev/Projects/motherboard-systems-hq-clean/undici-types.d.ts' does not exist.
Directory '/Users/marcela-dev/Projects/motherboard-systems-hq-clean/undici-types' does not exist, skipping all lookups in it.
Loading module 'undici-types' from 'node_modules' folder, target file types: TypeScript, Declaration.
Searching all ancestor node_modules directories for preferred extensions: TypeScript, Declaration.
Directory '/Users/marcela-dev/Projects/motherboard-systems-hq-clean/node_modules/@types/node/web-globals/node_modules' does not exist, skipping all lookups in it.
Directory '/Users/marcela-dev/Projects/motherboard-systems-hq-clean/node_modules/@types/node/node_modules' does not exist, skipping all lookups in it.
Directory '/Users/marcela-dev/Projects/motherboard-systems-hq-clean/node_modules/@types/node_modules' does not exist, skipping all lookups in it.
Found 'package.json' at '/Users/marcela-dev/Projects/motherboard-systems-hq-clean/node_modules/undici-types/package.json'.
File '/Users/marcela-dev/Projects/motherboard-systems-hq-clean/node_modules/undici-types.ts' does not exist.
File '/Users/marcela-dev/Projects/motherboard-systems-hq-clean/node_modules/undici-types.tsx' does not exist.
File '/Users/marcela-dev/Projects/motherboard-systems-hq-clean/node_modules/undici-types.d.ts' does not exist.
'package.json' does not have a 'typesVersions' field.
'package.json' does not have a 'typings' field.
'package.json' has 'types' field 'index.d.ts' that references '/Users/marcela-dev/Projects/motherboard-systems-hq-clean/node_modules/undici-types/index.d.ts'.
File '/Users/marcela-dev/Projects/motherboard-systems-hq-clean/node_modules/undici-types/index.d.ts' exists - use it as a name resolution result.
'package.json' does not have a 'peerDependencies' field.
Resolving real path for '/Users/marcela-dev/Projects/motherboard-systems-hq-clean/node_modules/undici-types/index.d.ts', result '/Users/marcela-dev/Projects/motherboard-systems-hq-clean/node_modules/undici-types/index.d.ts'.
======== Module name 'undici-types' was successfully resolved to '/Users/marcela-dev/Projects/motherboard-systems-hq-clean/node_modules/undici-types/index.d.ts' with Package ID 'undici-types/index.d.ts@6.21.0'. ========
File '/Users/marcela-dev/Projects/motherboard-systems-hq-clean/node_modules/undici-types/package.json' exists according to earlier cached lookups.
======== Resolving module './dispatcher' from '/Users/marcela-dev/Projects/motherboard-systems-hq-clean/node_modules/undici-types/index.d.ts'. ========
Explicitly specified module resolution kind: 'Node10'.
Loading module as file / folder, candidate module location '/Users/marcela-dev/Projects/motherboard-systems-hq-clean/node_modules/undici-types/dispatcher', target file types: TypeScript, Declaration.
File '/Users/marcela-dev/Projects/motherboard-systems-hq-clean/node_modules/undici-types/dispatcher.ts' does not exist.
File '/Users/marcela-dev/Projects/motherboard-systems-hq-clean/node_modules/undici-types/dispatcher.tsx' does not exist.
File '/Users/marcela-dev/Projects/motherboard-systems-hq-clean/node_modules/undici-types/dispatcher.d.ts' exists - use it as a name resolution result.
File '/Users/marcela-dev/Projects/motherboard-systems-hq-clean/node_modules/undici-types/package.json' exists according to earlier cached lookups.
======== Module name './dispatcher' was successfully resolved to '/Users/marcela-dev/Projects/motherboard-systems-hq-clean/node_modules/undici-types/dispatcher.d.ts' with Package ID 'undici-types/dispatcher.d.ts@6.21.0'. ========
======== Resolving module './global-dispatcher' from '/Users/marcela-dev/Projects/motherboard-systems-hq-clean/node_modules/undici-types/index.d.ts'. ========
Explicitly specified module resolution kind: 'Node10'.
Loading module as file / folder, candidate module location '/Users/marcela-dev/Projects/motherboard-systems-hq-clean/node_modules/undici-types/global-dispatcher', target file types: TypeScript, Declaration.
File '/Users/marcela-dev/Projects/motherboard-systems-hq-clean/node_modules/undici-types/global-dispatcher.ts' does not exist.
File '/Users/marcela-dev/Projects/motherboard-systems-hq-clean/node_modules/undici-types/global-dispatcher.tsx' does not exist.
File '/Users/marcela-dev/Projects/motherboard-systems-hq-clean/node_modules/undici-types/global-dispatcher.d.ts' exists - use it as a name resolution result.
File '/Users/marcela-dev/Projects/motherboard-systems-hq-clean/node_modules/undici-types/package.json' exists according to earlier cached lookups.
======== Module name './global-dispatcher' was successfully resolved to '/Users/marcela-dev/Projects/motherboard-systems-hq-clean/node_modules/undici-types/global-dispatcher.d.ts' with Package ID 'undici-types/global-dispatcher.d.ts@6.21.0'. ========
======== Resolving module './global-origin' from '/Users/marcela-dev/Projects/motherboard-systems-hq-clean/node_modules/undici-types/index.d.ts'. ========
Explicitly specified module resolution kind: 'Node10'.
Loading module as file / folder, candidate module location '/Users/marcela-dev/Projects/motherboard-systems-hq-clean/node_modules/undici-types/global-origin', target file types: TypeScript, Declaration.
File '/Users/marcela-dev/Projects/motherboard-systems-hq-clean/node_modules/undici-types/global-origin.ts' does not exist.
File '/Users/marcela-dev/Projects/motherboard-systems-hq-clean/node_modules/undici-types/global-origin.tsx' does not exist.
File '/Users/marcela-dev/Projects/motherboard-systems-hq-clean/node_modules/undici-types/global-origin.d.ts' exists - use it as a name resolution result.
File '/Users/marcela-dev/Projects/motherboard-systems-hq-clean/node_modules/undici-types/package.json' exists according to earlier cached lookups.
======== Module name './global-origin' was successfully resolved to '/Users/marcela-dev/Projects/motherboard-systems-hq-clean/node_modules/undici-types/global-origin.d.ts' with Package ID 'undici-types/global-origin.d.ts@6.21.0'. ========
======== Resolving module './pool' from '/Users/marcela-dev/Projects/motherboard-systems-hq-clean/node_modules/undici-types/index.d.ts'. ========
Explicitly specified module resolution kind: 'Node10'.
Loading module as file / folder, candidate module location '/Users/marcela-dev/Projects/motherboard-systems-hq-clean/node_modules/undici-types/pool', target file types: TypeScript, Declaration.
File '/Users/marcela-dev/Projects/motherboard-systems-hq-clean/node_modules/undici-types/pool.ts' does not exist.
File '/Users/marcela-dev/Projects/motherboard-systems-hq-clean/node_modules/undici-types/pool.tsx' does not exist.
File '/Users/marcela-dev/Projects/motherboard-systems-hq-clean/node_modules/undici-types/pool.d.ts' exists - use it as a name resolution result.
File '/Users/marcela-dev/Projects/motherboard-systems-hq-clean/node_modules/undici-types/package.json' exists according to earlier cached lookups.
======== Module name './pool' was successfully resolved to '/Users/marcela-dev/Projects/motherboard-systems-hq-clean/node_modules/undici-types/pool.d.ts' with Package ID 'undici-types/pool.d.ts@6.21.0'. ========
======== Resolving module './handlers' from '/Users/marcela-dev/Projects/motherboard-systems-hq-clean/node_modules/undici-types/index.d.ts'. ========
Explicitly specified module resolution kind: 'Node10'.
Loading module as file / folder, candidate module location '/Users/marcela-dev/Projects/motherboard-systems-hq-clean/node_modules/undici-types/handlers', target file types: TypeScript, Declaration.
File '/Users/marcela-dev/Projects/motherboard-systems-hq-clean/node_modules/undici-types/handlers.ts' does not exist.
File '/Users/marcela-dev/Projects/motherboard-systems-hq-clean/node_modules/undici-types/handlers.tsx' does not exist.
File '/Users/marcela-dev/Projects/motherboard-systems-hq-clean/node_modules/undici-types/handlers.d.ts' exists - use it as a name resolution result.
File '/Users/marcela-dev/Projects/motherboard-systems-hq-clean/node_modules/undici-types/package.json' exists according to earlier cached lookups.
======== Module name './handlers' was successfully resolved to '/Users/marcela-dev/Projects/motherboard-systems-hq-clean/node_modules/undici-types/handlers.d.ts' with Package ID 'undici-types/handlers.d.ts@6.21.0'. ========
======== Resolving module './balanced-pool' from '/Users/marcela-dev/Projects/motherboard-systems-hq-clean/node_modules/undici-types/index.d.ts'. ========
Explicitly specified module resolution kind: 'Node10'.
Loading module as file / folder, candidate module location '/Users/marcela-dev/Projects/motherboard-systems-hq-clean/node_modules/undici-types/balanced-pool', target file types: TypeScript, Declaration.
File '/Users/marcela-dev/Projects/motherboard-systems-hq-clean/node_modules/undici-types/balanced-pool.ts' does not exist.
File '/Users/marcela-dev/Projects/motherboard-systems-hq-clean/node_modules/undici-types/balanced-pool.tsx' does not exist.
File '/Users/marcela-dev/Projects/motherboard-systems-hq-clean/node_modules/undici-types/balanced-pool.d.ts' exists - use it as a name resolution result.
File '/Users/marcela-dev/Projects/motherboard-systems-hq-clean/node_modules/undici-types/package.json' exists according to earlier cached lookups.
======== Module name './balanced-pool' was successfully resolved to '/Users/marcela-dev/Projects/motherboard-systems-hq-clean/node_modules/undici-types/balanced-pool.d.ts' with Package ID 'undici-types/balanced-pool.d.ts@6.21.0'. ========
======== Resolving module './client' from '/Users/marcela-dev/Projects/motherboard-systems-hq-clean/node_modules/undici-types/index.d.ts'. ========
Explicitly specified module resolution kind: 'Node10'.
Loading module as file / folder, candidate module location '/Users/marcela-dev/Projects/motherboard-systems-hq-clean/node_modules/undici-types/client', target file types: TypeScript, Declaration.
File '/Users/marcela-dev/Projects/motherboard-systems-hq-clean/node_modules/undici-types/client.ts' does not exist.
File '/Users/marcela-dev/Projects/motherboard-systems-hq-clean/node_modules/undici-types/client.tsx' does not exist.
File '/Users/marcela-dev/Projects/motherboard-systems-hq-clean/node_modules/undici-types/client.d.ts' exists - use it as a name resolution result.
File '/Users/marcela-dev/Projects/motherboard-systems-hq-clean/node_modules/undici-types/package.json' exists according to earlier cached lookups.
======== Module name './client' was successfully resolved to '/Users/marcela-dev/Projects/motherboard-systems-hq-clean/node_modules/undici-types/client.d.ts' with Package ID 'undici-types/client.d.ts@6.21.0'. ========
======== Resolving module './connector' from '/Users/marcela-dev/Projects/motherboard-systems-hq-clean/node_modules/undici-types/index.d.ts'. ========
Explicitly specified module resolution kind: 'Node10'.
Loading module as file / folder, candidate module location '/Users/marcela-dev/Projects/motherboard-systems-hq-clean/node_modules/undici-types/connector', target file types: TypeScript, Declaration.
File '/Users/marcela-dev/Projects/motherboard-systems-hq-clean/node_modules/undici-types/connector.ts' does not exist.
File '/Users/marcela-dev/Projects/motherboard-systems-hq-clean/node_modules/undici-types/connector.tsx' does not exist.
File '/Users/marcela-dev/Projects/motherboard-systems-hq-clean/node_modules/undici-types/connector.d.ts' exists - use it as a name resolution result.
File '/Users/marcela-dev/Projects/motherboard-systems-hq-clean/node_modules/undici-types/package.json' exists according to earlier cached lookups.
======== Module name './connector' was successfully resolved to '/Users/marcela-dev/Projects/motherboard-systems-hq-clean/node_modules/undici-types/connector.d.ts' with Package ID 'undici-types/connector.d.ts@6.21.0'. ========
======== Resolving module './errors' from '/Users/marcela-dev/Projects/motherboard-systems-hq-clean/node_modules/undici-types/index.d.ts'. ========
Explicitly specified module resolution kind: 'Node10'.
Loading module as file / folder, candidate module location '/Users/marcela-dev/Projects/motherboard-systems-hq-clean/node_modules/undici-types/errors', target file types: TypeScript, Declaration.
File '/Users/marcela-dev/Projects/motherboard-systems-hq-clean/node_modules/undici-types/errors.ts' does not exist.
File '/Users/marcela-dev/Projects/motherboard-systems-hq-clean/node_modules/undici-types/errors.tsx' does not exist.
File '/Users/marcela-dev/Projects/motherboard-systems-hq-clean/node_modules/undici-types/errors.d.ts' exists - use it as a name resolution result.
File '/Users/marcela-dev/Projects/motherboard-systems-hq-clean/node_modules/undici-types/package.json' exists according to earlier cached lookups.
======== Module name './errors' was successfully resolved to '/Users/marcela-dev/Projects/motherboard-systems-hq-clean/node_modules/undici-types/errors.d.ts' with Package ID 'undici-types/errors.d.ts@6.21.0'. ========
======== Resolving module './agent' from '/Users/marcela-dev/Projects/motherboard-systems-hq-clean/node_modules/undici-types/index.d.ts'. ========
Explicitly specified module resolution kind: 'Node10'.
Loading module as file / folder, candidate module location '/Users/marcela-dev/Projects/motherboard-systems-hq-clean/node_modules/undici-types/agent', target file types: TypeScript, Declaration.
File '/Users/marcela-dev/Projects/motherboard-systems-hq-clean/node_modules/undici-types/agent.ts' does not exist.
File '/Users/marcela-dev/Projects/motherboard-systems-hq-clean/node_modules/undici-types/agent.tsx' does not exist.
File '/Users/marcela-dev/Projects/motherboard-systems-hq-clean/node_modules/undici-types/agent.d.ts' exists - use it as a name resolution result.
File '/Users/marcela-dev/Projects/motherboard-systems-hq-clean/node_modules/undici-types/package.json' exists according to earlier cached lookups.
======== Module name './agent' was successfully resolved to '/Users/marcela-dev/Projects/motherboard-systems-hq-clean/node_modules/undici-types/agent.d.ts' with Package ID 'undici-types/agent.d.ts@6.21.0'. ========
======== Resolving module './mock-client' from '/Users/marcela-dev/Projects/motherboard-systems-hq-clean/node_modules/undici-types/index.d.ts'. ========
Explicitly specified module resolution kind: 'Node10'.
Loading module as file / folder, candidate module location '/Users/marcela-dev/Projects/motherboard-systems-hq-clean/node_modules/undici-types/mock-client', target file types: TypeScript, Declaration.
File '/Users/marcela-dev/Projects/motherboard-systems-hq-clean/node_modules/undici-types/mock-client.ts' does not exist.
File '/Users/marcela-dev/Projects/motherboard-systems-hq-clean/node_modules/undici-types/mock-client.tsx' does not exist.
File '/Users/marcela-dev/Projects/motherboard-systems-hq-clean/node_modules/undici-types/mock-client.d.ts' exists - use it as a name resolution result.
File '/Users/marcela-dev/Projects/motherboard-systems-hq-clean/node_modules/undici-types/package.json' exists according to earlier cached lookups.
======== Module name './mock-client' was successfully resolved to '/Users/marcela-dev/Projects/motherboard-systems-hq-clean/node_modules/undici-types/mock-client.d.ts' with Package ID 'undici-types/mock-client.d.ts@6.21.0'. ========
======== Resolving module './mock-pool' from '/Users/marcela-dev/Projects/motherboard-systems-hq-clean/node_modules/undici-types/index.d.ts'. ========
Explicitly specified module resolution kind: 'Node10'.
Loading module as file / folder, candidate module location '/Users/marcela-dev/Projects/motherboard-systems-hq-clean/node_modules/undici-types/mock-pool', target file types: TypeScript, Declaration.
File '/Users/marcela-dev/Projects/motherboard-systems-hq-clean/node_modules/undici-types/mock-pool.ts' does not exist.
File '/Users/marcela-dev/Projects/motherboard-systems-hq-clean/node_modules/undici-types/mock-pool.tsx' does not exist.
File '/Users/marcela-dev/Projects/motherboard-systems-hq-clean/node_modules/undici-types/mock-pool.d.ts' exists - use it as a name resolution result.
File '/Users/marcela-dev/Projects/motherboard-systems-hq-clean/node_modules/undici-types/package.json' exists according to earlier cached lookups.
======== Module name './mock-pool' was successfully resolved to '/Users/marcela-dev/Projects/motherboard-systems-hq-clean/node_modules/undici-types/mock-pool.d.ts' with Package ID 'undici-types/mock-pool.d.ts@6.21.0'. ========
======== Resolving module './mock-agent' from '/Users/marcela-dev/Projects/motherboard-systems-hq-clean/node_modules/undici-types/index.d.ts'. ========
Explicitly specified module resolution kind: 'Node10'.
Loading module as file / folder, candidate module location '/Users/marcela-dev/Projects/motherboard-systems-hq-clean/node_modules/undici-types/mock-agent', target file types: TypeScript, Declaration.
File '/Users/marcela-dev/Projects/motherboard-systems-hq-clean/node_modules/undici-types/mock-agent.ts' does not exist.
File '/Users/marcela-dev/Projects/motherboard-systems-hq-clean/node_modules/undici-types/mock-agent.tsx' does not exist.
File '/Users/marcela-dev/Projects/motherboard-systems-hq-clean/node_modules/undici-types/mock-agent.d.ts' exists - use it as a name resolution result.
File '/Users/marcela-dev/Projects/motherboard-systems-hq-clean/node_modules/undici-types/package.json' exists according to earlier cached lookups.
======== Module name './mock-agent' was successfully resolved to '/Users/marcela-dev/Projects/motherboard-systems-hq-clean/node_modules/undici-types/mock-agent.d.ts' with Package ID 'undici-types/mock-agent.d.ts@6.21.0'. ========
======== Resolving module './mock-errors' from '/Users/marcela-dev/Projects/motherboard-systems-hq-clean/node_modules/undici-types/index.d.ts'. ========
Explicitly specified module resolution kind: 'Node10'.
Loading module as file / folder, candidate module location '/Users/marcela-dev/Projects/motherboard-systems-hq-clean/node_modules/undici-types/mock-errors', target file types: TypeScript, Declaration.
File '/Users/marcela-dev/Projects/motherboard-systems-hq-clean/node_modules/undici-types/mock-errors.ts' does not exist.
File '/Users/marcela-dev/Projects/motherboard-systems-hq-clean/node_modules/undici-types/mock-errors.tsx' does not exist.
File '/Users/marcela-dev/Projects/motherboard-systems-hq-clean/node_modules/undici-types/mock-errors.d.ts' exists - use it as a name resolution result.
File '/Users/marcela-dev/Projects/motherboard-systems-hq-clean/node_modules/undici-types/package.json' exists according to earlier cached lookups.
======== Module name './mock-errors' was successfully resolved to '/Users/marcela-dev/Projects/motherboard-systems-hq-clean/node_modules/undici-types/mock-errors.d.ts' with Package ID 'undici-types/mock-errors.d.ts@6.21.0'. ========
======== Resolving module './proxy-agent' from '/Users/marcela-dev/Projects/motherboard-systems-hq-clean/node_modules/undici-types/index.d.ts'. ========
Explicitly specified module resolution kind: 'Node10'.
Loading module as file / folder, candidate module location '/Users/marcela-dev/Projects/motherboard-systems-hq-clean/node_modules/undici-types/proxy-agent', target file types: TypeScript, Declaration.
File '/Users/marcela-dev/Projects/motherboard-systems-hq-clean/node_modules/undici-types/proxy-agent.ts' does not exist.
File '/Users/marcela-dev/Projects/motherboard-systems-hq-clean/node_modules/undici-types/proxy-agent.tsx' does not exist.
File '/Users/marcela-dev/Projects/motherboard-systems-hq-clean/node_modules/undici-types/proxy-agent.d.ts' exists - use it as a name resolution result.
File '/Users/marcela-dev/Projects/motherboard-systems-hq-clean/node_modules/undici-types/package.json' exists according to earlier cached lookups.
======== Module name './proxy-agent' was successfully resolved to '/Users/marcela-dev/Projects/motherboard-systems-hq-clean/node_modules/undici-types/proxy-agent.d.ts' with Package ID 'undici-types/proxy-agent.d.ts@6.21.0'. ========
======== Resolving module './env-http-proxy-agent' from '/Users/marcela-dev/Projects/motherboard-systems-hq-clean/node_modules/undici-types/index.d.ts'. ========
Explicitly specified module resolution kind: 'Node10'.
Loading module as file / folder, candidate module location '/Users/marcela-dev/Projects/motherboard-systems-hq-clean/node_modules/undici-types/env-http-proxy-agent', target file types: TypeScript, Declaration.
File '/Users/marcela-dev/Projects/motherboard-systems-hq-clean/node_modules/undici-types/env-http-proxy-agent.ts' does not exist.
File '/Users/marcela-dev/Projects/motherboard-systems-hq-clean/node_modules/undici-types/env-http-proxy-agent.tsx' does not exist.
File '/Users/marcela-dev/Projects/motherboard-systems-hq-clean/node_modules/undici-types/env-http-proxy-agent.d.ts' exists - use it as a name resolution result.
File '/Users/marcela-dev/Projects/motherboard-systems-hq-clean/node_modules/undici-types/package.json' exists according to earlier cached lookups.
======== Module name './env-http-proxy-agent' was successfully resolved to '/Users/marcela-dev/Projects/motherboard-systems-hq-clean/node_modules/undici-types/env-http-proxy-agent.d.ts' with Package ID 'undici-types/env-http-proxy-agent.d.ts@6.21.0'. ========
======== Resolving module './retry-handler' from '/Users/marcela-dev/Projects/motherboard-systems-hq-clean/node_modules/undici-types/index.d.ts'. ========
Explicitly specified module resolution kind: 'Node10'.
Loading module as file / folder, candidate module location '/Users/marcela-dev/Projects/motherboard-systems-hq-clean/node_modules/undici-types/retry-handler', target file types: TypeScript, Declaration.
File '/Users/marcela-dev/Projects/motherboard-systems-hq-clean/node_modules/undici-types/retry-handler.ts' does not exist.
File '/Users/marcela-dev/Projects/motherboard-systems-hq-clean/node_modules/undici-types/retry-handler.tsx' does not exist.
File '/Users/marcela-dev/Projects/motherboard-systems-hq-clean/node_modules/undici-types/retry-handler.d.ts' exists - use it as a name resolution result.
File '/Users/marcela-dev/Projects/motherboard-systems-hq-clean/node_modules/undici-types/package.json' exists according to earlier cached lookups.
======== Module name './retry-handler' was successfully resolved to '/Users/marcela-dev/Projects/motherboard-systems-hq-clean/node_modules/undici-types/retry-handler.d.ts' with Package ID 'undici-types/retry-handler.d.ts@6.21.0'. ========
======== Resolving module './retry-agent' from '/Users/marcela-dev/Projects/motherboard-systems-hq-clean/node_modules/undici-types/index.d.ts'. ========
Explicitly specified module resolution kind: 'Node10'.
Loading module as file / folder, candidate module location '/Users/marcela-dev/Projects/motherboard-systems-hq-clean/node_modules/undici-types/retry-agent', target file types: TypeScript, Declaration.
File '/Users/marcela-dev/Projects/motherboard-systems-hq-clean/node_modules/undici-types/retry-agent.ts' does not exist.
File '/Users/marcela-dev/Projects/motherboard-systems-hq-clean/node_modules/undici-types/retry-agent.tsx' does not exist.
File '/Users/marcela-dev/Projects/motherboard-systems-hq-clean/node_modules/undici-types/retry-agent.d.ts' exists - use it as a name resolution result.
File '/Users/marcela-dev/Projects/motherboard-systems-hq-clean/node_modules/undici-types/package.json' exists according to earlier cached lookups.
======== Module name './retry-agent' was successfully resolved to '/Users/marcela-dev/Projects/motherboard-systems-hq-clean/node_modules/undici-types/retry-agent.d.ts' with Package ID 'undici-types/retry-agent.d.ts@6.21.0'. ========
======== Resolving module './api' from '/Users/marcela-dev/Projects/motherboard-systems-hq-clean/node_modules/undici-types/index.d.ts'. ========
Explicitly specified module resolution kind: 'Node10'.
Loading module as file / folder, candidate module location '/Users/marcela-dev/Projects/motherboard-systems-hq-clean/node_modules/undici-types/api', target file types: TypeScript, Declaration.
File '/Users/marcela-dev/Projects/motherboard-systems-hq-clean/node_modules/undici-types/api.ts' does not exist.
File '/Users/marcela-dev/Projects/motherboard-systems-hq-clean/node_modules/undici-types/api.tsx' does not exist.
File '/Users/marcela-dev/Projects/motherboard-systems-hq-clean/node_modules/undici-types/api.d.ts' exists - use it as a name resolution result.
File '/Users/marcela-dev/Projects/motherboard-systems-hq-clean/node_modules/undici-types/package.json' exists according to earlier cached lookups.
======== Module name './api' was successfully resolved to '/Users/marcela-dev/Projects/motherboard-systems-hq-clean/node_modules/undici-types/api.d.ts' with Package ID 'undici-types/api.d.ts@6.21.0'. ========
======== Resolving module './interceptors' from '/Users/marcela-dev/Projects/motherboard-systems-hq-clean/node_modules/undici-types/index.d.ts'. ========
Explicitly specified module resolution kind: 'Node10'.
Loading module as file / folder, candidate module location '/Users/marcela-dev/Projects/motherboard-systems-hq-clean/node_modules/undici-types/interceptors', target file types: TypeScript, Declaration.
File '/Users/marcela-dev/Projects/motherboard-systems-hq-clean/node_modules/undici-types/interceptors.ts' does not exist.
File '/Users/marcela-dev/Projects/motherboard-systems-hq-clean/node_modules/undici-types/interceptors.tsx' does not exist.
File '/Users/marcela-dev/Projects/motherboard-systems-hq-clean/node_modules/undici-types/interceptors.d.ts' exists - use it as a name resolution result.
File '/Users/marcela-dev/Projects/motherboard-systems-hq-clean/node_modules/undici-types/package.json' exists according to earlier cached lookups.
======== Module name './interceptors' was successfully resolved to '/Users/marcela-dev/Projects/motherboard-systems-hq-clean/node_modules/undici-types/interceptors.d.ts' with Package ID 'undici-types/interceptors.d.ts@6.21.0'. ========
======== Resolving module './util' from '/Users/marcela-dev/Projects/motherboard-systems-hq-clean/node_modules/undici-types/index.d.ts'. ========
Explicitly specified module resolution kind: 'Node10'.
Loading module as file / folder, candidate module location '/Users/marcela-dev/Projects/motherboard-systems-hq-clean/node_modules/undici-types/util', target file types: TypeScript, Declaration.
File '/Users/marcela-dev/Projects/motherboard-systems-hq-clean/node_modules/undici-types/util.ts' does not exist.
File '/Users/marcela-dev/Projects/motherboard-systems-hq-clean/node_modules/undici-types/util.tsx' does not exist.
File '/Users/marcela-dev/Projects/motherboard-systems-hq-clean/node_modules/undici-types/util.d.ts' exists - use it as a name resolution result.
File '/Users/marcela-dev/Projects/motherboard-systems-hq-clean/node_modules/undici-types/package.json' exists according to earlier cached lookups.
======== Module name './util' was successfully resolved to '/Users/marcela-dev/Projects/motherboard-systems-hq-clean/node_modules/undici-types/util.d.ts' with Package ID 'undici-types/util.d.ts@6.21.0'. ========
======== Resolving module './cookies' from '/Users/marcela-dev/Projects/motherboard-systems-hq-clean/node_modules/undici-types/index.d.ts'. ========
Explicitly specified module resolution kind: 'Node10'.
Loading module as file / folder, candidate module location '/Users/marcela-dev/Projects/motherboard-systems-hq-clean/node_modules/undici-types/cookies', target file types: TypeScript, Declaration.
File '/Users/marcela-dev/Projects/motherboard-systems-hq-clean/node_modules/undici-types/cookies.ts' does not exist.
File '/Users/marcela-dev/Projects/motherboard-systems-hq-clean/node_modules/undici-types/cookies.tsx' does not exist.
File '/Users/marcela-dev/Projects/motherboard-systems-hq-clean/node_modules/undici-types/cookies.d.ts' exists - use it as a name resolution result.
File '/Users/marcela-dev/Projects/motherboard-systems-hq-clean/node_modules/undici-types/package.json' exists according to earlier cached lookups.
======== Module name './cookies' was successfully resolved to '/Users/marcela-dev/Projects/motherboard-systems-hq-clean/node_modules/undici-types/cookies.d.ts' with Package ID 'undici-types/cookies.d.ts@6.21.0'. ========
======== Resolving module './eventsource' from '/Users/marcela-dev/Projects/motherboard-systems-hq-clean/node_modules/undici-types/index.d.ts'. ========
Explicitly specified module resolution kind: 'Node10'.
Loading module as file / folder, candidate module location '/Users/marcela-dev/Projects/motherboard-systems-hq-clean/node_modules/undici-types/eventsource', target file types: TypeScript, Declaration.
File '/Users/marcela-dev/Projects/motherboard-systems-hq-clean/node_modules/undici-types/eventsource.ts' does not exist.
File '/Users/marcela-dev/Projects/motherboard-systems-hq-clean/node_modules/undici-types/eventsource.tsx' does not exist.
File '/Users/marcela-dev/Projects/motherboard-systems-hq-clean/node_modules/undici-types/eventsource.d.ts' exists - use it as a name resolution result.
File '/Users/marcela-dev/Projects/motherboard-systems-hq-clean/node_modules/undici-types/package.json' exists according to earlier cached lookups.
======== Module name './eventsource' was successfully resolved to '/Users/marcela-dev/Projects/motherboard-systems-hq-clean/node_modules/undici-types/eventsource.d.ts' with Package ID 'undici-types/eventsource.d.ts@6.21.0'. ========
======== Resolving module './fetch' from '/Users/marcela-dev/Projects/motherboard-systems-hq-clean/node_modules/undici-types/index.d.ts'. ========
Explicitly specified module resolution kind: 'Node10'.
Loading module as file / folder, candidate module location '/Users/marcela-dev/Projects/motherboard-systems-hq-clean/node_modules/undici-types/fetch', target file types: TypeScript, Declaration.
File '/Users/marcela-dev/Projects/motherboard-systems-hq-clean/node_modules/undici-types/fetch.ts' does not exist.
File '/Users/marcela-dev/Projects/motherboard-systems-hq-clean/node_modules/undici-types/fetch.tsx' does not exist.
File '/Users/marcela-dev/Projects/motherboard-systems-hq-clean/node_modules/undici-types/fetch.d.ts' exists - use it as a name resolution result.
File '/Users/marcela-dev/Projects/motherboard-systems-hq-clean/node_modules/undici-types/package.json' exists according to earlier cached lookups.
======== Module name './fetch' was successfully resolved to '/Users/marcela-dev/Projects/motherboard-systems-hq-clean/node_modules/undici-types/fetch.d.ts' with Package ID 'undici-types/fetch.d.ts@6.21.0'. ========
======== Resolving module './file' from '/Users/marcela-dev/Projects/motherboard-systems-hq-clean/node_modules/undici-types/index.d.ts'. ========
Explicitly specified module resolution kind: 'Node10'.
Loading module as file / folder, candidate module location '/Users/marcela-dev/Projects/motherboard-systems-hq-clean/node_modules/undici-types/file', target file types: TypeScript, Declaration.
File '/Users/marcela-dev/Projects/motherboard-systems-hq-clean/node_modules/undici-types/file.ts' does not exist.
File '/Users/marcela-dev/Projects/motherboard-systems-hq-clean/node_modules/undici-types/file.tsx' does not exist.
File '/Users/marcela-dev/Projects/motherboard-systems-hq-clean/node_modules/undici-types/file.d.ts' exists - use it as a name resolution result.
File '/Users/marcela-dev/Projects/motherboard-systems-hq-clean/node_modules/undici-types/package.json' exists according to earlier cached lookups.
======== Module name './file' was successfully resolved to '/Users/marcela-dev/Projects/motherboard-systems-hq-clean/node_modules/undici-types/file.d.ts' with Package ID 'undici-types/file.d.ts@6.21.0'. ========
======== Resolving module './filereader' from '/Users/marcela-dev/Projects/motherboard-systems-hq-clean/node_modules/undici-types/index.d.ts'. ========
Explicitly specified module resolution kind: 'Node10'.
Loading module as file / folder, candidate module location '/Users/marcela-dev/Projects/motherboard-systems-hq-clean/node_modules/undici-types/filereader', target file types: TypeScript, Declaration.
File '/Users/marcela-dev/Projects/motherboard-systems-hq-clean/node_modules/undici-types/filereader.ts' does not exist.
File '/Users/marcela-dev/Projects/motherboard-systems-hq-clean/node_modules/undici-types/filereader.tsx' does not exist.
File '/Users/marcela-dev/Projects/motherboard-systems-hq-clean/node_modules/undici-types/filereader.d.ts' exists - use it as a name resolution result.
File '/Users/marcela-dev/Projects/motherboard-systems-hq-clean/node_modules/undici-types/package.json' exists according to earlier cached lookups.
======== Module name './filereader' was successfully resolved to '/Users/marcela-dev/Projects/motherboard-systems-hq-clean/node_modules/undici-types/filereader.d.ts' with Package ID 'undici-types/filereader.d.ts@6.21.0'. ========
======== Resolving module './formdata' from '/Users/marcela-dev/Projects/motherboard-systems-hq-clean/node_modules/undici-types/index.d.ts'. ========
Explicitly specified module resolution kind: 'Node10'.
Loading module as file / folder, candidate module location '/Users/marcela-dev/Projects/motherboard-systems-hq-clean/node_modules/undici-types/formdata', target file types: TypeScript, Declaration.
File '/Users/marcela-dev/Projects/motherboard-systems-hq-clean/node_modules/undici-types/formdata.ts' does not exist.
File '/Users/marcela-dev/Projects/motherboard-systems-hq-clean/node_modules/undici-types/formdata.tsx' does not exist.
File '/Users/marcela-dev/Projects/motherboard-systems-hq-clean/node_modules/undici-types/formdata.d.ts' exists - use it as a name resolution result.
File '/Users/marcela-dev/Projects/motherboard-systems-hq-clean/node_modules/undici-types/package.json' exists according to earlier cached lookups.
======== Module name './formdata' was successfully resolved to '/Users/marcela-dev/Projects/motherboard-systems-hq-clean/node_modules/undici-types/formdata.d.ts' with Package ID 'undici-types/formdata.d.ts@6.21.0'. ========
======== Resolving module './diagnostics-channel' from '/Users/marcela-dev/Projects/motherboard-systems-hq-clean/node_modules/undici-types/index.d.ts'. ========
Explicitly specified module resolution kind: 'Node10'.
Loading module as file / folder, candidate module location '/Users/marcela-dev/Projects/motherboard-systems-hq-clean/node_modules/undici-types/diagnostics-channel', target file types: TypeScript, Declaration.
File '/Users/marcela-dev/Projects/motherboard-systems-hq-clean/node_modules/undici-types/diagnostics-channel.ts' does not exist.
File '/Users/marcela-dev/Projects/motherboard-systems-hq-clean/node_modules/undici-types/diagnostics-channel.tsx' does not exist.
File '/Users/marcela-dev/Projects/motherboard-systems-hq-clean/node_modules/undici-types/diagnostics-channel.d.ts' exists - use it as a name resolution result.
File '/Users/marcela-dev/Projects/motherboard-systems-hq-clean/node_modules/undici-types/package.json' exists according to earlier cached lookups.
======== Module name './diagnostics-channel' was successfully resolved to '/Users/marcela-dev/Projects/motherboard-systems-hq-clean/node_modules/undici-types/diagnostics-channel.d.ts' with Package ID 'undici-types/diagnostics-channel.d.ts@6.21.0'. ========
======== Resolving module './websocket' from '/Users/marcela-dev/Projects/motherboard-systems-hq-clean/node_modules/undici-types/index.d.ts'. ========
Explicitly specified module resolution kind: 'Node10'.
Loading module as file / folder, candidate module location '/Users/marcela-dev/Projects/motherboard-systems-hq-clean/node_modules/undici-types/websocket', target file types: TypeScript, Declaration.
File '/Users/marcela-dev/Projects/motherboard-systems-hq-clean/node_modules/undici-types/websocket.ts' does not exist.
File '/Users/marcela-dev/Projects/motherboard-systems-hq-clean/node_modules/undici-types/websocket.tsx' does not exist.
File '/Users/marcela-dev/Projects/motherboard-systems-hq-clean/node_modules/undici-types/websocket.d.ts' exists - use it as a name resolution result.
File '/Users/marcela-dev/Projects/motherboard-systems-hq-clean/node_modules/undici-types/package.json' exists according to earlier cached lookups.
======== Module name './websocket' was successfully resolved to '/Users/marcela-dev/Projects/motherboard-systems-hq-clean/node_modules/undici-types/websocket.d.ts' with Package ID 'undici-types/websocket.d.ts@6.21.0'. ========
======== Resolving module './content-type' from '/Users/marcela-dev/Projects/motherboard-systems-hq-clean/node_modules/undici-types/index.d.ts'. ========
Explicitly specified module resolution kind: 'Node10'.
Loading module as file / folder, candidate module location '/Users/marcela-dev/Projects/motherboard-systems-hq-clean/node_modules/undici-types/content-type', target file types: TypeScript, Declaration.
File '/Users/marcela-dev/Projects/motherboard-systems-hq-clean/node_modules/undici-types/content-type.ts' does not exist.
File '/Users/marcela-dev/Projects/motherboard-systems-hq-clean/node_modules/undici-types/content-type.tsx' does not exist.
File '/Users/marcela-dev/Projects/motherboard-systems-hq-clean/node_modules/undici-types/content-type.d.ts' exists - use it as a name resolution result.
File '/Users/marcela-dev/Projects/motherboard-systems-hq-clean/node_modules/undici-types/package.json' exists according to earlier cached lookups.
======== Module name './content-type' was successfully resolved to '/Users/marcela-dev/Projects/motherboard-systems-hq-clean/node_modules/undici-types/content-type.d.ts' with Package ID 'undici-types/content-type.d.ts@6.21.0'. ========
======== Resolving module './cache' from '/Users/marcela-dev/Projects/motherboard-systems-hq-clean/node_modules/undici-types/index.d.ts'. ========
Explicitly specified module resolution kind: 'Node10'.
Loading module as file / folder, candidate module location '/Users/marcela-dev/Projects/motherboard-systems-hq-clean/node_modules/undici-types/cache', target file types: TypeScript, Declaration.
File '/Users/marcela-dev/Projects/motherboard-systems-hq-clean/node_modules/undici-types/cache.ts' does not exist.
File '/Users/marcela-dev/Projects/motherboard-systems-hq-clean/node_modules/undici-types/cache.tsx' does not exist.
File '/Users/marcela-dev/Projects/motherboard-systems-hq-clean/node_modules/undici-types/cache.d.ts' exists - use it as a name resolution result.
File '/Users/marcela-dev/Projects/motherboard-systems-hq-clean/node_modules/undici-types/package.json' exists according to earlier cached lookups.
======== Module name './cache' was successfully resolved to '/Users/marcela-dev/Projects/motherboard-systems-hq-clean/node_modules/undici-types/cache.d.ts' with Package ID 'undici-types/cache.d.ts@6.21.0'. ========
======== Resolving module './mock-interceptor' from '/Users/marcela-dev/Projects/motherboard-systems-hq-clean/node_modules/undici-types/index.d.ts'. ========
Explicitly specified module resolution kind: 'Node10'.
Loading module as file / folder, candidate module location '/Users/marcela-dev/Projects/motherboard-systems-hq-clean/node_modules/undici-types/mock-interceptor', target file types: TypeScript, Declaration.
File '/Users/marcela-dev/Projects/motherboard-systems-hq-clean/node_modules/undici-types/mock-interceptor.ts' does not exist.
File '/Users/marcela-dev/Projects/motherboard-systems-hq-clean/node_modules/undici-types/mock-interceptor.tsx' does not exist.
File '/Users/marcela-dev/Projects/motherboard-systems-hq-clean/node_modules/undici-types/mock-interceptor.d.ts' exists - use it as a name resolution result.
File '/Users/marcela-dev/Projects/motherboard-systems-hq-clean/node_modules/undici-types/package.json' exists according to earlier cached lookups.
======== Module name './mock-interceptor' was successfully resolved to '/Users/marcela-dev/Projects/motherboard-systems-hq-clean/node_modules/undici-types/mock-interceptor.d.ts' with Package ID 'undici-types/mock-interceptor.d.ts@6.21.0'. ========
File '/Users/marcela-dev/Projects/motherboard-systems-hq-clean/node_modules/undici-types/package.json' exists according to earlier cached lookups.
======== Resolving module 'url' from '/Users/marcela-dev/Projects/motherboard-systems-hq-clean/node_modules/undici-types/dispatcher.d.ts'. ========
Explicitly specified module resolution kind: 'Node10'.
'baseUrl' option is set to '/Users/marcela-dev/Projects/motherboard-systems-hq-clean', using this value to resolve non-relative module name 'url'.
Resolving module name 'url' relative to base url '/Users/marcela-dev/Projects/motherboard-systems-hq-clean' - '/Users/marcela-dev/Projects/motherboard-systems-hq-clean/url'.
Loading module as file / folder, candidate module location '/Users/marcela-dev/Projects/motherboard-systems-hq-clean/url', target file types: TypeScript, Declaration.
File '/Users/marcela-dev/Projects/motherboard-systems-hq-clean/url.ts' does not exist.
File '/Users/marcela-dev/Projects/motherboard-systems-hq-clean/url.tsx' does not exist.
File '/Users/marcela-dev/Projects/motherboard-systems-hq-clean/url.d.ts' does not exist.
Directory '/Users/marcela-dev/Projects/motherboard-systems-hq-clean/url' does not exist, skipping all lookups in it.
Loading module 'url' from 'node_modules' folder, target file types: TypeScript, Declaration.
Searching all ancestor node_modules directories for preferred extensions: TypeScript, Declaration.
Directory '/Users/marcela-dev/Projects/motherboard-systems-hq-clean/node_modules/undici-types/node_modules' does not exist, skipping all lookups in it.
File '/Users/marcela-dev/Projects/motherboard-systems-hq-clean/node_modules/url.ts' does not exist.
File '/Users/marcela-dev/Projects/motherboard-systems-hq-clean/node_modules/url.tsx' does not exist.
File '/Users/marcela-dev/Projects/motherboard-systems-hq-clean/node_modules/url.d.ts' does not exist.
File '/Users/marcela-dev/Projects/motherboard-systems-hq-clean/node_modules/@types/url.d.ts' does not exist.
Directory '/Users/marcela-dev/Projects/node_modules' does not exist, skipping all lookups in it.
File '/Users/marcela-dev/node_modules/url.ts' does not exist.
File '/Users/marcela-dev/node_modules/url.tsx' does not exist.
File '/Users/marcela-dev/node_modules/url.d.ts' does not exist.
File '/Users/marcela-dev/node_modules/@types/url.d.ts' does not exist.
Directory '/Users/node_modules' does not exist, skipping all lookups in it.
Directory '/node_modules' does not exist, skipping all lookups in it.
'baseUrl' option is set to '/Users/marcela-dev/Projects/motherboard-systems-hq-clean', using this value to resolve non-relative module name 'url'.
Resolving module name 'url' relative to base url '/Users/marcela-dev/Projects/motherboard-systems-hq-clean' - '/Users/marcela-dev/Projects/motherboard-systems-hq-clean/url'.
Loading module as file / folder, candidate module location '/Users/marcela-dev/Projects/motherboard-systems-hq-clean/url', target file types: JavaScript, JSON.
File '/Users/marcela-dev/Projects/motherboard-systems-hq-clean/url.js' does not exist.
File '/Users/marcela-dev/Projects/motherboard-systems-hq-clean/url.jsx' does not exist.
Directory '/Users/marcela-dev/Projects/motherboard-systems-hq-clean/url' does not exist, skipping all lookups in it.
Loading module 'url' from 'node_modules' folder, target file types: JavaScript, JSON.
Searching all ancestor node_modules directories for fallback extensions: JavaScript, JSON.
Directory '/Users/marcela-dev/Projects/motherboard-systems-hq-clean/node_modules/undici-types/node_modules' does not exist, skipping all lookups in it.
File '/Users/marcela-dev/Projects/motherboard-systems-hq-clean/node_modules/url.js' does not exist.
File '/Users/marcela-dev/Projects/motherboard-systems-hq-clean/node_modules/url.jsx' does not exist.
Directory '/Users/marcela-dev/Projects/node_modules' does not exist, skipping all lookups in it.
File '/Users/marcela-dev/node_modules/url.js' does not exist.
File '/Users/marcela-dev/node_modules/url.jsx' does not exist.
Directory '/Users/node_modules' does not exist, skipping all lookups in it.
Directory '/node_modules' does not exist, skipping all lookups in it.
======== Module name 'url' was not resolved. ========
======== Resolving module 'stream' from '/Users/marcela-dev/Projects/motherboard-systems-hq-clean/node_modules/undici-types/dispatcher.d.ts'. ========
Explicitly specified module resolution kind: 'Node10'.
'baseUrl' option is set to '/Users/marcela-dev/Projects/motherboard-systems-hq-clean', using this value to resolve non-relative module name 'stream'.
Resolving module name 'stream' relative to base url '/Users/marcela-dev/Projects/motherboard-systems-hq-clean' - '/Users/marcela-dev/Projects/motherboard-systems-hq-clean/stream'.
Loading module as file / folder, candidate module location '/Users/marcela-dev/Projects/motherboard-systems-hq-clean/stream', target file types: TypeScript, Declaration.
File '/Users/marcela-dev/Projects/motherboard-systems-hq-clean/stream.ts' does not exist.
File '/Users/marcela-dev/Projects/motherboard-systems-hq-clean/stream.tsx' does not exist.
File '/Users/marcela-dev/Projects/motherboard-systems-hq-clean/stream.d.ts' does not exist.
Directory '/Users/marcela-dev/Projects/motherboard-systems-hq-clean/stream' does not exist, skipping all lookups in it.
Loading module 'stream' from 'node_modules' folder, target file types: TypeScript, Declaration.
Searching all ancestor node_modules directories for preferred extensions: TypeScript, Declaration.
Directory '/Users/marcela-dev/Projects/motherboard-systems-hq-clean/node_modules/undici-types/node_modules' does not exist, skipping all lookups in it.
File '/Users/marcela-dev/Projects/motherboard-systems-hq-clean/node_modules/stream.ts' does not exist.
File '/Users/marcela-dev/Projects/motherboard-systems-hq-clean/node_modules/stream.tsx' does not exist.
File '/Users/marcela-dev/Projects/motherboard-systems-hq-clean/node_modules/stream.d.ts' does not exist.
File '/Users/marcela-dev/Projects/motherboard-systems-hq-clean/node_modules/@types/stream.d.ts' does not exist.
Directory '/Users/marcela-dev/Projects/node_modules' does not exist, skipping all lookups in it.
File '/Users/marcela-dev/node_modules/stream.ts' does not exist.
File '/Users/marcela-dev/node_modules/stream.tsx' does not exist.
File '/Users/marcela-dev/node_modules/stream.d.ts' does not exist.
File '/Users/marcela-dev/node_modules/@types/stream.d.ts' does not exist.
Directory '/Users/node_modules' does not exist, skipping all lookups in it.
Directory '/node_modules' does not exist, skipping all lookups in it.
'baseUrl' option is set to '/Users/marcela-dev/Projects/motherboard-systems-hq-clean', using this value to resolve non-relative module name 'stream'.
Resolving module name 'stream' relative to base url '/Users/marcela-dev/Projects/motherboard-systems-hq-clean' - '/Users/marcela-dev/Projects/motherboard-systems-hq-clean/stream'.
Loading module as file / folder, candidate module location '/Users/marcela-dev/Projects/motherboard-systems-hq-clean/stream', target file types: JavaScript, JSON.
File '/Users/marcela-dev/Projects/motherboard-systems-hq-clean/stream.js' does not exist.
File '/Users/marcela-dev/Projects/motherboard-systems-hq-clean/stream.jsx' does not exist.
Directory '/Users/marcela-dev/Projects/motherboard-systems-hq-clean/stream' does not exist, skipping all lookups in it.
Loading module 'stream' from 'node_modules' folder, target file types: JavaScript, JSON.
Searching all ancestor node_modules directories for fallback extensions: JavaScript, JSON.
Directory '/Users/marcela-dev/Projects/motherboard-systems-hq-clean/node_modules/undici-types/node_modules' does not exist, skipping all lookups in it.
File '/Users/marcela-dev/Projects/motherboard-systems-hq-clean/node_modules/stream.js' does not exist.
File '/Users/marcela-dev/Projects/motherboard-systems-hq-clean/node_modules/stream.jsx' does not exist.
Directory '/Users/marcela-dev/Projects/node_modules' does not exist, skipping all lookups in it.
File '/Users/marcela-dev/node_modules/stream.js' does not exist.
File '/Users/marcela-dev/node_modules/stream.jsx' does not exist.
Directory '/Users/node_modules' does not exist, skipping all lookups in it.
Directory '/node_modules' does not exist, skipping all lookups in it.
======== Module name 'stream' was not resolved. ========
======== Resolving module 'events' from '/Users/marcela-dev/Projects/motherboard-systems-hq-clean/node_modules/undici-types/dispatcher.d.ts'. ========
Explicitly specified module resolution kind: 'Node10'.
'baseUrl' option is set to '/Users/marcela-dev/Projects/motherboard-systems-hq-clean', using this value to resolve non-relative module name 'events'.
Resolving module name 'events' relative to base url '/Users/marcela-dev/Projects/motherboard-systems-hq-clean' - '/Users/marcela-dev/Projects/motherboard-systems-hq-clean/events'.
Loading module as file / folder, candidate module location '/Users/marcela-dev/Projects/motherboard-systems-hq-clean/events', target file types: TypeScript, Declaration.
File '/Users/marcela-dev/Projects/motherboard-systems-hq-clean/events.ts' does not exist.
File '/Users/marcela-dev/Projects/motherboard-systems-hq-clean/events.tsx' does not exist.
File '/Users/marcela-dev/Projects/motherboard-systems-hq-clean/events.d.ts' does not exist.
Directory '/Users/marcela-dev/Projects/motherboard-systems-hq-clean/events' does not exist, skipping all lookups in it.
Loading module 'events' from 'node_modules' folder, target file types: TypeScript, Declaration.
Searching all ancestor node_modules directories for preferred extensions: TypeScript, Declaration.
Directory '/Users/marcela-dev/Projects/motherboard-systems-hq-clean/node_modules/undici-types/node_modules' does not exist, skipping all lookups in it.
File '/Users/marcela-dev/Projects/motherboard-systems-hq-clean/node_modules/events.ts' does not exist.
File '/Users/marcela-dev/Projects/motherboard-systems-hq-clean/node_modules/events.tsx' does not exist.
File '/Users/marcela-dev/Projects/motherboard-systems-hq-clean/node_modules/events.d.ts' does not exist.
File '/Users/marcela-dev/Projects/motherboard-systems-hq-clean/node_modules/@types/events.d.ts' does not exist.
Directory '/Users/marcela-dev/Projects/node_modules' does not exist, skipping all lookups in it.
File '/Users/marcela-dev/node_modules/events.ts' does not exist.
File '/Users/marcela-dev/node_modules/events.tsx' does not exist.
File '/Users/marcela-dev/node_modules/events.d.ts' does not exist.
File '/Users/marcela-dev/node_modules/@types/events.d.ts' does not exist.
Directory '/Users/node_modules' does not exist, skipping all lookups in it.
Directory '/node_modules' does not exist, skipping all lookups in it.
'baseUrl' option is set to '/Users/marcela-dev/Projects/motherboard-systems-hq-clean', using this value to resolve non-relative module name 'events'.
Resolving module name 'events' relative to base url '/Users/marcela-dev/Projects/motherboard-systems-hq-clean' - '/Users/marcela-dev/Projects/motherboard-systems-hq-clean/events'.
Loading module as file / folder, candidate module location '/Users/marcela-dev/Projects/motherboard-systems-hq-clean/events', target file types: JavaScript, JSON.
File '/Users/marcela-dev/Projects/motherboard-systems-hq-clean/events.js' does not exist.
File '/Users/marcela-dev/Projects/motherboard-systems-hq-clean/events.jsx' does not exist.
Directory '/Users/marcela-dev/Projects/motherboard-systems-hq-clean/events' does not exist, skipping all lookups in it.
Loading module 'events' from 'node_modules' folder, target file types: JavaScript, JSON.
Searching all ancestor node_modules directories for fallback extensions: JavaScript, JSON.
Directory '/Users/marcela-dev/Projects/motherboard-systems-hq-clean/node_modules/undici-types/node_modules' does not exist, skipping all lookups in it.
File '/Users/marcela-dev/Projects/motherboard-systems-hq-clean/node_modules/events.js' does not exist.
File '/Users/marcela-dev/Projects/motherboard-systems-hq-clean/node_modules/events.jsx' does not exist.
Directory '/Users/marcela-dev/Projects/node_modules' does not exist, skipping all lookups in it.
File '/Users/marcela-dev/node_modules/events.js' does not exist.
File '/Users/marcela-dev/node_modules/events.jsx' does not exist.
Directory '/Users/node_modules' does not exist, skipping all lookups in it.
Directory '/node_modules' does not exist, skipping all lookups in it.
======== Module name 'events' was not resolved. ========
======== Resolving module 'buffer' from '/Users/marcela-dev/Projects/motherboard-systems-hq-clean/node_modules/undici-types/dispatcher.d.ts'. ========
Explicitly specified module resolution kind: 'Node10'.
'baseUrl' option is set to '/Users/marcela-dev/Projects/motherboard-systems-hq-clean', using this value to resolve non-relative module name 'buffer'.
Resolving module name 'buffer' relative to base url '/Users/marcela-dev/Projects/motherboard-systems-hq-clean' - '/Users/marcela-dev/Projects/motherboard-systems-hq-clean/buffer'.
Loading module as file / folder, candidate module location '/Users/marcela-dev/Projects/motherboard-systems-hq-clean/buffer', target file types: TypeScript, Declaration.
File '/Users/marcela-dev/Projects/motherboard-systems-hq-clean/buffer.ts' does not exist.
File '/Users/marcela-dev/Projects/motherboard-systems-hq-clean/buffer.tsx' does not exist.
File '/Users/marcela-dev/Projects/motherboard-systems-hq-clean/buffer.d.ts' does not exist.
Directory '/Users/marcela-dev/Projects/motherboard-systems-hq-clean/buffer' does not exist, skipping all lookups in it.
Loading module 'buffer' from 'node_modules' folder, target file types: TypeScript, Declaration.
Searching all ancestor node_modules directories for preferred extensions: TypeScript, Declaration.
Directory '/Users/marcela-dev/Projects/motherboard-systems-hq-clean/node_modules/undici-types/node_modules' does not exist, skipping all lookups in it.
Found 'package.json' at '/Users/marcela-dev/Projects/motherboard-systems-hq-clean/node_modules/buffer/package.json'.
File '/Users/marcela-dev/Projects/motherboard-systems-hq-clean/node_modules/buffer.ts' does not exist.
File '/Users/marcela-dev/Projects/motherboard-systems-hq-clean/node_modules/buffer.tsx' does not exist.
File '/Users/marcela-dev/Projects/motherboard-systems-hq-clean/node_modules/buffer.d.ts' does not exist.
'package.json' does not have a 'typesVersions' field.
'package.json' does not have a 'typings' field.
'package.json' has 'types' field 'index.d.ts' that references '/Users/marcela-dev/Projects/motherboard-systems-hq-clean/node_modules/buffer/index.d.ts'.
File '/Users/marcela-dev/Projects/motherboard-systems-hq-clean/node_modules/buffer/index.d.ts' exists - use it as a name resolution result.
'package.json' does not have a 'peerDependencies' field.
Resolving real path for '/Users/marcela-dev/Projects/motherboard-systems-hq-clean/node_modules/buffer/index.d.ts', result '/Users/marcela-dev/Projects/motherboard-systems-hq-clean/node_modules/buffer/index.d.ts'.
======== Module name 'buffer' was successfully resolved to '/Users/marcela-dev/Projects/motherboard-systems-hq-clean/node_modules/buffer/index.d.ts' with Package ID 'buffer/index.d.ts@5.7.1'. ========
======== Resolving module './header' from '/Users/marcela-dev/Projects/motherboard-systems-hq-clean/node_modules/undici-types/dispatcher.d.ts'. ========
Explicitly specified module resolution kind: 'Node10'.
Loading module as file / folder, candidate module location '/Users/marcela-dev/Projects/motherboard-systems-hq-clean/node_modules/undici-types/header', target file types: TypeScript, Declaration.
File '/Users/marcela-dev/Projects/motherboard-systems-hq-clean/node_modules/undici-types/header.ts' does not exist.
File '/Users/marcela-dev/Projects/motherboard-systems-hq-clean/node_modules/undici-types/header.tsx' does not exist.
File '/Users/marcela-dev/Projects/motherboard-systems-hq-clean/node_modules/undici-types/header.d.ts' exists - use it as a name resolution result.
File '/Users/marcela-dev/Projects/motherboard-systems-hq-clean/node_modules/undici-types/package.json' exists according to earlier cached lookups.
======== Module name './header' was successfully resolved to '/Users/marcela-dev/Projects/motherboard-systems-hq-clean/node_modules/undici-types/header.d.ts' with Package ID 'undici-types/header.d.ts@6.21.0'. ========
======== Resolving module './readable' from '/Users/marcela-dev/Projects/motherboard-systems-hq-clean/node_modules/undici-types/dispatcher.d.ts'. ========
Explicitly specified module resolution kind: 'Node10'.
Loading module as file / folder, candidate module location '/Users/marcela-dev/Projects/motherboard-systems-hq-clean/node_modules/undici-types/readable', target file types: TypeScript, Declaration.
File '/Users/marcela-dev/Projects/motherboard-systems-hq-clean/node_modules/undici-types/readable.ts' does not exist.
File '/Users/marcela-dev/Projects/motherboard-systems-hq-clean/node_modules/undici-types/readable.tsx' does not exist.
File '/Users/marcela-dev/Projects/motherboard-systems-hq-clean/node_modules/undici-types/readable.d.ts' exists - use it as a name resolution result.
File '/Users/marcela-dev/Projects/motherboard-systems-hq-clean/node_modules/undici-types/package.json' exists according to earlier cached lookups.
======== Module name './readable' was successfully resolved to '/Users/marcela-dev/Projects/motherboard-systems-hq-clean/node_modules/undici-types/readable.d.ts' with Package ID 'undici-types/readable.d.ts@6.21.0'. ========
======== Resolving module './formdata' from '/Users/marcela-dev/Projects/motherboard-systems-hq-clean/node_modules/undici-types/dispatcher.d.ts'. ========
Resolution for module './formdata' was found in cache from location '/Users/marcela-dev/Projects/motherboard-systems-hq-clean/node_modules/undici-types'.
======== Module name './formdata' was successfully resolved to '/Users/marcela-dev/Projects/motherboard-systems-hq-clean/node_modules/undici-types/formdata.d.ts' with Package ID 'undici-types/formdata.d.ts@6.21.0'. ========
======== Resolving module './errors' from '/Users/marcela-dev/Projects/motherboard-systems-hq-clean/node_modules/undici-types/dispatcher.d.ts'. ========
Resolution for module './errors' was found in cache from location '/Users/marcela-dev/Projects/motherboard-systems-hq-clean/node_modules/undici-types'.
======== Module name './errors' was successfully resolved to '/Users/marcela-dev/Projects/motherboard-systems-hq-clean/node_modules/undici-types/errors.d.ts' with Package ID 'undici-types/errors.d.ts@6.21.0'. ========
File '/Users/marcela-dev/Projects/motherboard-systems-hq-clean/node_modules/buffer/package.json' exists according to earlier cached lookups.
File '/Users/marcela-dev/Projects/motherboard-systems-hq-clean/node_modules/undici-types/package.json' exists according to earlier cached lookups.
File '/Users/marcela-dev/Projects/motherboard-systems-hq-clean/node_modules/undici-types/package.json' exists according to earlier cached lookups.
======== Resolving module 'stream' from '/Users/marcela-dev/Projects/motherboard-systems-hq-clean/node_modules/undici-types/readable.d.ts'. ========
Resolution for module 'stream' was found in cache from location '/Users/marcela-dev/Projects/motherboard-systems-hq-clean/node_modules/undici-types'.
======== Module name 'stream' was not resolved. ========
======== Resolving module 'buffer' from '/Users/marcela-dev/Projects/motherboard-systems-hq-clean/node_modules/undici-types/readable.d.ts'. ========
Resolution for module 'buffer' was found in cache from location '/Users/marcela-dev/Projects/motherboard-systems-hq-clean/node_modules/undici-types'.
======== Module name 'buffer' was successfully resolved to '/Users/marcela-dev/Projects/motherboard-systems-hq-clean/node_modules/buffer/index.d.ts' with Package ID 'buffer/index.d.ts@5.7.1'. ========
File '/Users/marcela-dev/Projects/motherboard-systems-hq-clean/node_modules/undici-types/package.json' exists according to earlier cached lookups.
======== Resolving type reference directive 'node', containing file '/Users/marcela-dev/Projects/motherboard-systems-hq-clean/node_modules/undici-types/formdata.d.ts', root directory '/Users/marcela-dev/Projects/motherboard-systems-hq-clean/node_modules/@types,/Users/marcela-dev/Projects/node_modules/@types,/Users/marcela-dev/node_modules/@types,/Users/node_modules/@types,/node_modules/@types'. ========
Resolving with primary search path '/Users/marcela-dev/Projects/motherboard-systems-hq-clean/node_modules/@types, /Users/marcela-dev/Projects/node_modules/@types, /Users/marcela-dev/node_modules/@types, /Users/node_modules/@types, /node_modules/@types'.
File '/Users/marcela-dev/Projects/motherboard-systems-hq-clean/node_modules/@types/node/package.json' exists according to earlier cached lookups.
'package.json' does not have a 'typings' field.
'package.json' has 'types' field 'index.d.ts' that references '/Users/marcela-dev/Projects/motherboard-systems-hq-clean/node_modules/@types/node/index.d.ts'.
File '/Users/marcela-dev/Projects/motherboard-systems-hq-clean/node_modules/@types/node/index.d.ts' exists - use it as a name resolution result.
Resolving real path for '/Users/marcela-dev/Projects/motherboard-systems-hq-clean/node_modules/@types/node/index.d.ts', result '/Users/marcela-dev/Projects/motherboard-systems-hq-clean/node_modules/@types/node/index.d.ts'.
======== Type reference directive 'node' was successfully resolved to '/Users/marcela-dev/Projects/motherboard-systems-hq-clean/node_modules/@types/node/index.d.ts' with Package ID '@types/node/index.d.ts@20.19.43', primary: true. ========
======== Resolving module './file' from '/Users/marcela-dev/Projects/motherboard-systems-hq-clean/node_modules/undici-types/formdata.d.ts'. ========
Resolution for module './file' was found in cache from location '/Users/marcela-dev/Projects/motherboard-systems-hq-clean/node_modules/undici-types'.
======== Module name './file' was successfully resolved to '/Users/marcela-dev/Projects/motherboard-systems-hq-clean/node_modules/undici-types/file.d.ts' with Package ID 'undici-types/file.d.ts@6.21.0'. ========
======== Resolving module './fetch' from '/Users/marcela-dev/Projects/motherboard-systems-hq-clean/node_modules/undici-types/formdata.d.ts'. ========
Resolution for module './fetch' was found in cache from location '/Users/marcela-dev/Projects/motherboard-systems-hq-clean/node_modules/undici-types'.
======== Module name './fetch' was successfully resolved to '/Users/marcela-dev/Projects/motherboard-systems-hq-clean/node_modules/undici-types/fetch.d.ts' with Package ID 'undici-types/fetch.d.ts@6.21.0'. ========
File '/Users/marcela-dev/Projects/motherboard-systems-hq-clean/node_modules/undici-types/package.json' exists according to earlier cached lookups.
======== Resolving type reference directive 'node', containing file '/Users/marcela-dev/Projects/motherboard-systems-hq-clean/node_modules/undici-types/file.d.ts'. ========
Resolution for type reference directive 'node' was found in cache from location '/Users/marcela-dev/Projects/motherboard-systems-hq-clean/node_modules/undici-types'.
======== Type reference directive 'node' was successfully resolved to '/Users/marcela-dev/Projects/motherboard-systems-hq-clean/node_modules/@types/node/index.d.ts' with Package ID '@types/node/index.d.ts@20.19.43', primary: true. ========
======== Resolving module 'buffer' from '/Users/marcela-dev/Projects/motherboard-systems-hq-clean/node_modules/undici-types/file.d.ts'. ========
Resolution for module 'buffer' was found in cache from location '/Users/marcela-dev/Projects/motherboard-systems-hq-clean/node_modules/undici-types'.
======== Module name 'buffer' was successfully resolved to '/Users/marcela-dev/Projects/motherboard-systems-hq-clean/node_modules/buffer/index.d.ts' with Package ID 'buffer/index.d.ts@5.7.1'. ========
File '/Users/marcela-dev/Projects/motherboard-systems-hq-clean/node_modules/undici-types/package.json' exists according to earlier cached lookups.
======== Resolving type reference directive 'node', containing file '/Users/marcela-dev/Projects/motherboard-systems-hq-clean/node_modules/undici-types/fetch.d.ts'. ========
Resolution for type reference directive 'node' was found in cache from location '/Users/marcela-dev/Projects/motherboard-systems-hq-clean/node_modules/undici-types'.
======== Type reference directive 'node' was successfully resolved to '/Users/marcela-dev/Projects/motherboard-systems-hq-clean/node_modules/@types/node/index.d.ts' with Package ID '@types/node/index.d.ts@20.19.43', primary: true. ========
======== Resolving module 'buffer' from '/Users/marcela-dev/Projects/motherboard-systems-hq-clean/node_modules/undici-types/fetch.d.ts'. ========
Resolution for module 'buffer' was found in cache from location '/Users/marcela-dev/Projects/motherboard-systems-hq-clean/node_modules/undici-types'.
======== Module name 'buffer' was successfully resolved to '/Users/marcela-dev/Projects/motherboard-systems-hq-clean/node_modules/buffer/index.d.ts' with Package ID 'buffer/index.d.ts@5.7.1'. ========
======== Resolving module 'url' from '/Users/marcela-dev/Projects/motherboard-systems-hq-clean/node_modules/undici-types/fetch.d.ts'. ========
Resolution for module 'url' was found in cache from location '/Users/marcela-dev/Projects/motherboard-systems-hq-clean/node_modules/undici-types'.
======== Module name 'url' was not resolved. ========
======== Resolving module 'stream/web' from '/Users/marcela-dev/Projects/motherboard-systems-hq-clean/node_modules/undici-types/fetch.d.ts'. ========
Explicitly specified module resolution kind: 'Node10'.
'baseUrl' option is set to '/Users/marcela-dev/Projects/motherboard-systems-hq-clean', using this value to resolve non-relative module name 'stream/web'.
Resolving module name 'stream/web' relative to base url '/Users/marcela-dev/Projects/motherboard-systems-hq-clean' - '/Users/marcela-dev/Projects/motherboard-systems-hq-clean/stream/web'.
Loading module as file / folder, candidate module location '/Users/marcela-dev/Projects/motherboard-systems-hq-clean/stream/web', target file types: TypeScript, Declaration.
Loading module 'stream/web' from 'node_modules' folder, target file types: TypeScript, Declaration.
Searching all ancestor node_modules directories for preferred extensions: TypeScript, Declaration.
Directory '/Users/marcela-dev/Projects/motherboard-systems-hq-clean/node_modules/undici-types/node_modules' does not exist, skipping all lookups in it.
Directory '/Users/marcela-dev/Projects/node_modules' does not exist, skipping all lookups in it.
Directory '/Users/node_modules' does not exist, skipping all lookups in it.
Directory '/node_modules' does not exist, skipping all lookups in it.
'baseUrl' option is set to '/Users/marcela-dev/Projects/motherboard-systems-hq-clean', using this value to resolve non-relative module name 'stream/web'.
Resolving module name 'stream/web' relative to base url '/Users/marcela-dev/Projects/motherboard-systems-hq-clean' - '/Users/marcela-dev/Projects/motherboard-systems-hq-clean/stream/web'.
Loading module as file / folder, candidate module location '/Users/marcela-dev/Projects/motherboard-systems-hq-clean/stream/web', target file types: JavaScript, JSON.
Loading module 'stream/web' from 'node_modules' folder, target file types: JavaScript, JSON.
Searching all ancestor node_modules directories for fallback extensions: JavaScript, JSON.
Directory '/Users/marcela-dev/Projects/motherboard-systems-hq-clean/node_modules/undici-types/node_modules' does not exist, skipping all lookups in it.
Directory '/Users/marcela-dev/Projects/node_modules' does not exist, skipping all lookups in it.
Directory '/Users/node_modules' does not exist, skipping all lookups in it.
Directory '/node_modules' does not exist, skipping all lookups in it.
======== Module name 'stream/web' was not resolved. ========
======== Resolving module './formdata' from '/Users/marcela-dev/Projects/motherboard-systems-hq-clean/node_modules/undici-types/fetch.d.ts'. ========
Resolution for module './formdata' was found in cache from location '/Users/marcela-dev/Projects/motherboard-systems-hq-clean/node_modules/undici-types'.
======== Module name './formdata' was successfully resolved to '/Users/marcela-dev/Projects/motherboard-systems-hq-clean/node_modules/undici-types/formdata.d.ts' with Package ID 'undici-types/formdata.d.ts@6.21.0'. ========
======== Resolving module './dispatcher' from '/Users/marcela-dev/Projects/motherboard-systems-hq-clean/node_modules/undici-types/fetch.d.ts'. ========
Resolution for module './dispatcher' was found in cache from location '/Users/marcela-dev/Projects/motherboard-systems-hq-clean/node_modules/undici-types'.
======== Module name './dispatcher' was successfully resolved to '/Users/marcela-dev/Projects/motherboard-systems-hq-clean/node_modules/undici-types/dispatcher.d.ts' with Package ID 'undici-types/dispatcher.d.ts@6.21.0'. ========
File '/Users/marcela-dev/Projects/motherboard-systems-hq-clean/node_modules/undici-types/package.json' exists according to earlier cached lookups.
======== Resolving module './header' from '/Users/marcela-dev/Projects/motherboard-systems-hq-clean/node_modules/undici-types/errors.d.ts'. ========
Resolution for module './header' was found in cache from location '/Users/marcela-dev/Projects/motherboard-systems-hq-clean/node_modules/undici-types'.
======== Module name './header' was successfully resolved to '/Users/marcela-dev/Projects/motherboard-systems-hq-clean/node_modules/undici-types/header.d.ts' with Package ID 'undici-types/header.d.ts@6.21.0'. ========
======== Resolving module './client' from '/Users/marcela-dev/Projects/motherboard-systems-hq-clean/node_modules/undici-types/errors.d.ts'. ========
Resolution for module './client' was found in cache from location '/Users/marcela-dev/Projects/motherboard-systems-hq-clean/node_modules/undici-types'.
======== Module name './client' was successfully resolved to '/Users/marcela-dev/Projects/motherboard-systems-hq-clean/node_modules/undici-types/client.d.ts' with Package ID 'undici-types/client.d.ts@6.21.0'. ========
File '/Users/marcela-dev/Projects/motherboard-systems-hq-clean/node_modules/undici-types/package.json' exists according to earlier cached lookups.
======== Resolving module 'url' from '/Users/marcela-dev/Projects/motherboard-systems-hq-clean/node_modules/undici-types/client.d.ts'. ========
Resolution for module 'url' was found in cache from location '/Users/marcela-dev/Projects/motherboard-systems-hq-clean/node_modules/undici-types'.
======== Module name 'url' was not resolved. ========
======== Resolving module 'tls' from '/Users/marcela-dev/Projects/motherboard-systems-hq-clean/node_modules/undici-types/client.d.ts'. ========
Explicitly specified module resolution kind: 'Node10'.
'baseUrl' option is set to '/Users/marcela-dev/Projects/motherboard-systems-hq-clean', using this value to resolve non-relative module name 'tls'.
Resolving module name 'tls' relative to base url '/Users/marcela-dev/Projects/motherboard-systems-hq-clean' - '/Users/marcela-dev/Projects/motherboard-systems-hq-clean/tls'.
Loading module as file / folder, candidate module location '/Users/marcela-dev/Projects/motherboard-systems-hq-clean/tls', target file types: TypeScript, Declaration.
File '/Users/marcela-dev/Projects/motherboard-systems-hq-clean/tls.ts' does not exist.
File '/Users/marcela-dev/Projects/motherboard-systems-hq-clean/tls.tsx' does not exist.
File '/Users/marcela-dev/Projects/motherboard-systems-hq-clean/tls.d.ts' does not exist.
Directory '/Users/marcela-dev/Projects/motherboard-systems-hq-clean/tls' does not exist, skipping all lookups in it.
Loading module 'tls' from 'node_modules' folder, target file types: TypeScript, Declaration.
Searching all ancestor node_modules directories for preferred extensions: TypeScript, Declaration.
Directory '/Users/marcela-dev/Projects/motherboard-systems-hq-clean/node_modules/undici-types/node_modules' does not exist, skipping all lookups in it.
File '/Users/marcela-dev/Projects/motherboard-systems-hq-clean/node_modules/tls.ts' does not exist.
File '/Users/marcela-dev/Projects/motherboard-systems-hq-clean/node_modules/tls.tsx' does not exist.
File '/Users/marcela-dev/Projects/motherboard-systems-hq-clean/node_modules/tls.d.ts' does not exist.
File '/Users/marcela-dev/Projects/motherboard-systems-hq-clean/node_modules/@types/tls.d.ts' does not exist.
Directory '/Users/marcela-dev/Projects/node_modules' does not exist, skipping all lookups in it.
File '/Users/marcela-dev/node_modules/tls.ts' does not exist.
File '/Users/marcela-dev/node_modules/tls.tsx' does not exist.
File '/Users/marcela-dev/node_modules/tls.d.ts' does not exist.
File '/Users/marcela-dev/node_modules/@types/tls.d.ts' does not exist.
Directory '/Users/node_modules' does not exist, skipping all lookups in it.
Directory '/node_modules' does not exist, skipping all lookups in it.
'baseUrl' option is set to '/Users/marcela-dev/Projects/motherboard-systems-hq-clean', using this value to resolve non-relative module name 'tls'.
Resolving module name 'tls' relative to base url '/Users/marcela-dev/Projects/motherboard-systems-hq-clean' - '/Users/marcela-dev/Projects/motherboard-systems-hq-clean/tls'.
Loading module as file / folder, candidate module location '/Users/marcela-dev/Projects/motherboard-systems-hq-clean/tls', target file types: JavaScript, JSON.
File '/Users/marcela-dev/Projects/motherboard-systems-hq-clean/tls.js' does not exist.
File '/Users/marcela-dev/Projects/motherboard-systems-hq-clean/tls.jsx' does not exist.
Directory '/Users/marcela-dev/Projects/motherboard-systems-hq-clean/tls' does not exist, skipping all lookups in it.
Loading module 'tls' from 'node_modules' folder, target file types: JavaScript, JSON.
Searching all ancestor node_modules directories for fallback extensions: JavaScript, JSON.
Directory '/Users/marcela-dev/Projects/motherboard-systems-hq-clean/node_modules/undici-types/node_modules' does not exist, skipping all lookups in it.
File '/Users/marcela-dev/Projects/motherboard-systems-hq-clean/node_modules/tls.js' does not exist.
File '/Users/marcela-dev/Projects/motherboard-systems-hq-clean/node_modules/tls.jsx' does not exist.
Directory '/Users/marcela-dev/Projects/node_modules' does not exist, skipping all lookups in it.
File '/Users/marcela-dev/node_modules/tls.js' does not exist.
File '/Users/marcela-dev/node_modules/tls.jsx' does not exist.
Directory '/Users/node_modules' does not exist, skipping all lookups in it.
Directory '/node_modules' does not exist, skipping all lookups in it.
======== Module name 'tls' was not resolved. ========
======== Resolving module './dispatcher' from '/Users/marcela-dev/Projects/motherboard-systems-hq-clean/node_modules/undici-types/client.d.ts'. ========
Resolution for module './dispatcher' was found in cache from location '/Users/marcela-dev/Projects/motherboard-systems-hq-clean/node_modules/undici-types'.
======== Module name './dispatcher' was successfully resolved to '/Users/marcela-dev/Projects/motherboard-systems-hq-clean/node_modules/undici-types/dispatcher.d.ts' with Package ID 'undici-types/dispatcher.d.ts@6.21.0'. ========
======== Resolving module './connector' from '/Users/marcela-dev/Projects/motherboard-systems-hq-clean/node_modules/undici-types/client.d.ts'. ========
Resolution for module './connector' was found in cache from location '/Users/marcela-dev/Projects/motherboard-systems-hq-clean/node_modules/undici-types'.
======== Module name './connector' was successfully resolved to '/Users/marcela-dev/Projects/motherboard-systems-hq-clean/node_modules/undici-types/connector.d.ts' with Package ID 'undici-types/connector.d.ts@6.21.0'. ========
File '/Users/marcela-dev/Projects/motherboard-systems-hq-clean/node_modules/undici-types/package.json' exists according to earlier cached lookups.
======== Resolving module 'tls' from '/Users/marcela-dev/Projects/motherboard-systems-hq-clean/node_modules/undici-types/connector.d.ts'. ========
Resolution for module 'tls' was found in cache from location '/Users/marcela-dev/Projects/motherboard-systems-hq-clean/node_modules/undici-types'.
======== Module name 'tls' was not resolved. ========
======== Resolving module 'net' from '/Users/marcela-dev/Projects/motherboard-systems-hq-clean/node_modules/undici-types/connector.d.ts'. ========
Explicitly specified module resolution kind: 'Node10'.
'baseUrl' option is set to '/Users/marcela-dev/Projects/motherboard-systems-hq-clean', using this value to resolve non-relative module name 'net'.
Resolving module name 'net' relative to base url '/Users/marcela-dev/Projects/motherboard-systems-hq-clean' - '/Users/marcela-dev/Projects/motherboard-systems-hq-clean/net'.
Loading module as file / folder, candidate module location '/Users/marcela-dev/Projects/motherboard-systems-hq-clean/net', target file types: TypeScript, Declaration.
File '/Users/marcela-dev/Projects/motherboard-systems-hq-clean/net.ts' does not exist.
File '/Users/marcela-dev/Projects/motherboard-systems-hq-clean/net.tsx' does not exist.
File '/Users/marcela-dev/Projects/motherboard-systems-hq-clean/net.d.ts' does not exist.
Directory '/Users/marcela-dev/Projects/motherboard-systems-hq-clean/net' does not exist, skipping all lookups in it.
Loading module 'net' from 'node_modules' folder, target file types: TypeScript, Declaration.
Searching all ancestor node_modules directories for preferred extensions: TypeScript, Declaration.
Directory '/Users/marcela-dev/Projects/motherboard-systems-hq-clean/node_modules/undici-types/node_modules' does not exist, skipping all lookups in it.
File '/Users/marcela-dev/Projects/motherboard-systems-hq-clean/node_modules/net.ts' does not exist.
File '/Users/marcela-dev/Projects/motherboard-systems-hq-clean/node_modules/net.tsx' does not exist.
File '/Users/marcela-dev/Projects/motherboard-systems-hq-clean/node_modules/net.d.ts' does not exist.
File '/Users/marcela-dev/Projects/motherboard-systems-hq-clean/node_modules/@types/net.d.ts' does not exist.
Directory '/Users/marcela-dev/Projects/node_modules' does not exist, skipping all lookups in it.
File '/Users/marcela-dev/node_modules/net.ts' does not exist.
File '/Users/marcela-dev/node_modules/net.tsx' does not exist.
File '/Users/marcela-dev/node_modules/net.d.ts' does not exist.
File '/Users/marcela-dev/node_modules/@types/net.d.ts' does not exist.
Directory '/Users/node_modules' does not exist, skipping all lookups in it.
Directory '/node_modules' does not exist, skipping all lookups in it.
'baseUrl' option is set to '/Users/marcela-dev/Projects/motherboard-systems-hq-clean', using this value to resolve non-relative module name 'net'.
Resolving module name 'net' relative to base url '/Users/marcela-dev/Projects/motherboard-systems-hq-clean' - '/Users/marcela-dev/Projects/motherboard-systems-hq-clean/net'.
Loading module as file / folder, candidate module location '/Users/marcela-dev/Projects/motherboard-systems-hq-clean/net', target file types: JavaScript, JSON.
File '/Users/marcela-dev/Projects/motherboard-systems-hq-clean/net.js' does not exist.
File '/Users/marcela-dev/Projects/motherboard-systems-hq-clean/net.jsx' does not exist.
Directory '/Users/marcela-dev/Projects/motherboard-systems-hq-clean/net' does not exist, skipping all lookups in it.
Loading module 'net' from 'node_modules' folder, target file types: JavaScript, JSON.
Searching all ancestor node_modules directories for fallback extensions: JavaScript, JSON.
Directory '/Users/marcela-dev/Projects/motherboard-systems-hq-clean/node_modules/undici-types/node_modules' does not exist, skipping all lookups in it.
File '/Users/marcela-dev/Projects/motherboard-systems-hq-clean/node_modules/net.js' does not exist.
File '/Users/marcela-dev/Projects/motherboard-systems-hq-clean/node_modules/net.jsx' does not exist.
Directory '/Users/marcela-dev/Projects/node_modules' does not exist, skipping all lookups in it.
File '/Users/marcela-dev/node_modules/net.js' does not exist.
File '/Users/marcela-dev/node_modules/net.jsx' does not exist.
Directory '/Users/node_modules' does not exist, skipping all lookups in it.
Directory '/node_modules' does not exist, skipping all lookups in it.
======== Module name 'net' was not resolved. ========
File '/Users/marcela-dev/Projects/motherboard-systems-hq-clean/node_modules/undici-types/package.json' exists according to earlier cached lookups.
======== Resolving module './dispatcher' from '/Users/marcela-dev/Projects/motherboard-systems-hq-clean/node_modules/undici-types/global-dispatcher.d.ts'. ========
Resolution for module './dispatcher' was found in cache from location '/Users/marcela-dev/Projects/motherboard-systems-hq-clean/node_modules/undici-types'.
======== Module name './dispatcher' was successfully resolved to '/Users/marcela-dev/Projects/motherboard-systems-hq-clean/node_modules/undici-types/dispatcher.d.ts' with Package ID 'undici-types/dispatcher.d.ts@6.21.0'. ========
File '/Users/marcela-dev/Projects/motherboard-systems-hq-clean/node_modules/undici-types/package.json' exists according to earlier cached lookups.
File '/Users/marcela-dev/Projects/motherboard-systems-hq-clean/node_modules/undici-types/package.json' exists according to earlier cached lookups.
======== Resolving module './client' from '/Users/marcela-dev/Projects/motherboard-systems-hq-clean/node_modules/undici-types/pool.d.ts'. ========
Resolution for module './client' was found in cache from location '/Users/marcela-dev/Projects/motherboard-systems-hq-clean/node_modules/undici-types'.
======== Module name './client' was successfully resolved to '/Users/marcela-dev/Projects/motherboard-systems-hq-clean/node_modules/undici-types/client.d.ts' with Package ID 'undici-types/client.d.ts@6.21.0'. ========
======== Resolving module './pool-stats' from '/Users/marcela-dev/Projects/motherboard-systems-hq-clean/node_modules/undici-types/pool.d.ts'. ========
Explicitly specified module resolution kind: 'Node10'.
Loading module as file / folder, candidate module location '/Users/marcela-dev/Projects/motherboard-systems-hq-clean/node_modules/undici-types/pool-stats', target file types: TypeScript, Declaration.
File '/Users/marcela-dev/Projects/motherboard-systems-hq-clean/node_modules/undici-types/pool-stats.ts' does not exist.
File '/Users/marcela-dev/Projects/motherboard-systems-hq-clean/node_modules/undici-types/pool-stats.tsx' does not exist.
File '/Users/marcela-dev/Projects/motherboard-systems-hq-clean/node_modules/undici-types/pool-stats.d.ts' exists - use it as a name resolution result.
File '/Users/marcela-dev/Projects/motherboard-systems-hq-clean/node_modules/undici-types/package.json' exists according to earlier cached lookups.
======== Module name './pool-stats' was successfully resolved to '/Users/marcela-dev/Projects/motherboard-systems-hq-clean/node_modules/undici-types/pool-stats.d.ts' with Package ID 'undici-types/pool-stats.d.ts@6.21.0'. ========
======== Resolving module 'url' from '/Users/marcela-dev/Projects/motherboard-systems-hq-clean/node_modules/undici-types/pool.d.ts'. ========
Resolution for module 'url' was found in cache from location '/Users/marcela-dev/Projects/motherboard-systems-hq-clean/node_modules/undici-types'.
======== Module name 'url' was not resolved. ========
======== Resolving module './dispatcher' from '/Users/marcela-dev/Projects/motherboard-systems-hq-clean/node_modules/undici-types/pool.d.ts'. ========
Resolution for module './dispatcher' was found in cache from location '/Users/marcela-dev/Projects/motherboard-systems-hq-clean/node_modules/undici-types'.
======== Module name './dispatcher' was successfully resolved to '/Users/marcela-dev/Projects/motherboard-systems-hq-clean/node_modules/undici-types/dispatcher.d.ts' with Package ID 'undici-types/dispatcher.d.ts@6.21.0'. ========
File '/Users/marcela-dev/Projects/motherboard-systems-hq-clean/node_modules/undici-types/package.json' exists according to earlier cached lookups.
======== Resolving module './pool' from '/Users/marcela-dev/Projects/motherboard-systems-hq-clean/node_modules/undici-types/pool-stats.d.ts'. ========
Resolution for module './pool' was found in cache from location '/Users/marcela-dev/Projects/motherboard-systems-hq-clean/node_modules/undici-types'.
======== Module name './pool' was successfully resolved to '/Users/marcela-dev/Projects/motherboard-systems-hq-clean/node_modules/undici-types/pool.d.ts' with Package ID 'undici-types/pool.d.ts@6.21.0'. ========
File '/Users/marcela-dev/Projects/motherboard-systems-hq-clean/node_modules/undici-types/package.json' exists according to earlier cached lookups.
======== Resolving module './dispatcher' from '/Users/marcela-dev/Projects/motherboard-systems-hq-clean/node_modules/undici-types/handlers.d.ts'. ========
Resolution for module './dispatcher' was found in cache from location '/Users/marcela-dev/Projects/motherboard-systems-hq-clean/node_modules/undici-types'.
======== Module name './dispatcher' was successfully resolved to '/Users/marcela-dev/Projects/motherboard-systems-hq-clean/node_modules/undici-types/dispatcher.d.ts' with Package ID 'undici-types/dispatcher.d.ts@6.21.0'. ========
File '/Users/marcela-dev/Projects/motherboard-systems-hq-clean/node_modules/undici-types/package.json' exists according to earlier cached lookups.
======== Resolving module './pool' from '/Users/marcela-dev/Projects/motherboard-systems-hq-clean/node_modules/undici-types/balanced-pool.d.ts'. ========
Resolution for module './pool' was found in cache from location '/Users/marcela-dev/Projects/motherboard-systems-hq-clean/node_modules/undici-types'.
======== Module name './pool' was successfully resolved to '/Users/marcela-dev/Projects/motherboard-systems-hq-clean/node_modules/undici-types/pool.d.ts' with Package ID 'undici-types/pool.d.ts@6.21.0'. ========
======== Resolving module './dispatcher' from '/Users/marcela-dev/Projects/motherboard-systems-hq-clean/node_modules/undici-types/balanced-pool.d.ts'. ========
Resolution for module './dispatcher' was found in cache from location '/Users/marcela-dev/Projects/motherboard-systems-hq-clean/node_modules/undici-types'.
======== Module name './dispatcher' was successfully resolved to '/Users/marcela-dev/Projects/motherboard-systems-hq-clean/node_modules/undici-types/dispatcher.d.ts' with Package ID 'undici-types/dispatcher.d.ts@6.21.0'. ========
======== Resolving module 'url' from '/Users/marcela-dev/Projects/motherboard-systems-hq-clean/node_modules/undici-types/balanced-pool.d.ts'. ========
Resolution for module 'url' was found in cache from location '/Users/marcela-dev/Projects/motherboard-systems-hq-clean/node_modules/undici-types'.
======== Module name 'url' was not resolved. ========
File '/Users/marcela-dev/Projects/motherboard-systems-hq-clean/node_modules/undici-types/package.json' exists according to earlier cached lookups.
======== Resolving module 'url' from '/Users/marcela-dev/Projects/motherboard-systems-hq-clean/node_modules/undici-types/agent.d.ts'. ========
Resolution for module 'url' was found in cache from location '/Users/marcela-dev/Projects/motherboard-systems-hq-clean/node_modules/undici-types'.
======== Module name 'url' was not resolved. ========
======== Resolving module './pool' from '/Users/marcela-dev/Projects/motherboard-systems-hq-clean/node_modules/undici-types/agent.d.ts'. ========
Resolution for module './pool' was found in cache from location '/Users/marcela-dev/Projects/motherboard-systems-hq-clean/node_modules/undici-types'.
======== Module name './pool' was successfully resolved to '/Users/marcela-dev/Projects/motherboard-systems-hq-clean/node_modules/undici-types/pool.d.ts' with Package ID 'undici-types/pool.d.ts@6.21.0'. ========
======== Resolving module './dispatcher' from '/Users/marcela-dev/Projects/motherboard-systems-hq-clean/node_modules/undici-types/agent.d.ts'. ========
Resolution for module './dispatcher' was found in cache from location '/Users/marcela-dev/Projects/motherboard-systems-hq-clean/node_modules/undici-types'.
======== Module name './dispatcher' was successfully resolved to '/Users/marcela-dev/Projects/motherboard-systems-hq-clean/node_modules/undici-types/dispatcher.d.ts' with Package ID 'undici-types/dispatcher.d.ts@6.21.0'. ========
File '/Users/marcela-dev/Projects/motherboard-systems-hq-clean/node_modules/undici-types/package.json' exists according to earlier cached lookups.
======== Resolving module './client' from '/Users/marcela-dev/Projects/motherboard-systems-hq-clean/node_modules/undici-types/mock-client.d.ts'. ========
Resolution for module './client' was found in cache from location '/Users/marcela-dev/Projects/motherboard-systems-hq-clean/node_modules/undici-types'.
======== Module name './client' was successfully resolved to '/Users/marcela-dev/Projects/motherboard-systems-hq-clean/node_modules/undici-types/client.d.ts' with Package ID 'undici-types/client.d.ts@6.21.0'. ========
======== Resolving module './dispatcher' from '/Users/marcela-dev/Projects/motherboard-systems-hq-clean/node_modules/undici-types/mock-client.d.ts'. ========
Resolution for module './dispatcher' was found in cache from location '/Users/marcela-dev/Projects/motherboard-systems-hq-clean/node_modules/undici-types'.
======== Module name './dispatcher' was successfully resolved to '/Users/marcela-dev/Projects/motherboard-systems-hq-clean/node_modules/undici-types/dispatcher.d.ts' with Package ID 'undici-types/dispatcher.d.ts@6.21.0'. ========
======== Resolving module './mock-agent' from '/Users/marcela-dev/Projects/motherboard-systems-hq-clean/node_modules/undici-types/mock-client.d.ts'. ========
Resolution for module './mock-agent' was found in cache from location '/Users/marcela-dev/Projects/motherboard-systems-hq-clean/node_modules/undici-types'.
======== Module name './mock-agent' was successfully resolved to '/Users/marcela-dev/Projects/motherboard-systems-hq-clean/node_modules/undici-types/mock-agent.d.ts' with Package ID 'undici-types/mock-agent.d.ts@6.21.0'. ========
======== Resolving module './mock-interceptor' from '/Users/marcela-dev/Projects/motherboard-systems-hq-clean/node_modules/undici-types/mock-client.d.ts'. ========
Resolution for module './mock-interceptor' was found in cache from location '/Users/marcela-dev/Projects/motherboard-systems-hq-clean/node_modules/undici-types'.
======== Module name './mock-interceptor' was successfully resolved to '/Users/marcela-dev/Projects/motherboard-systems-hq-clean/node_modules/undici-types/mock-interceptor.d.ts' with Package ID 'undici-types/mock-interceptor.d.ts@6.21.0'. ========
File '/Users/marcela-dev/Projects/motherboard-systems-hq-clean/node_modules/undici-types/package.json' exists according to earlier cached lookups.
======== Resolving module './agent' from '/Users/marcela-dev/Projects/motherboard-systems-hq-clean/node_modules/undici-types/mock-agent.d.ts'. ========
Resolution for module './agent' was found in cache from location '/Users/marcela-dev/Projects/motherboard-systems-hq-clean/node_modules/undici-types'.
======== Module name './agent' was successfully resolved to '/Users/marcela-dev/Projects/motherboard-systems-hq-clean/node_modules/undici-types/agent.d.ts' with Package ID 'undici-types/agent.d.ts@6.21.0'. ========
======== Resolving module './dispatcher' from '/Users/marcela-dev/Projects/motherboard-systems-hq-clean/node_modules/undici-types/mock-agent.d.ts'. ========
Resolution for module './dispatcher' was found in cache from location '/Users/marcela-dev/Projects/motherboard-systems-hq-clean/node_modules/undici-types'.
======== Module name './dispatcher' was successfully resolved to '/Users/marcela-dev/Projects/motherboard-systems-hq-clean/node_modules/undici-types/dispatcher.d.ts' with Package ID 'undici-types/dispatcher.d.ts@6.21.0'. ========
======== Resolving module './mock-interceptor' from '/Users/marcela-dev/Projects/motherboard-systems-hq-clean/node_modules/undici-types/mock-agent.d.ts'. ========
Resolution for module './mock-interceptor' was found in cache from location '/Users/marcela-dev/Projects/motherboard-systems-hq-clean/node_modules/undici-types'.
======== Module name './mock-interceptor' was successfully resolved to '/Users/marcela-dev/Projects/motherboard-systems-hq-clean/node_modules/undici-types/mock-interceptor.d.ts' with Package ID 'undici-types/mock-interceptor.d.ts@6.21.0'. ========
File '/Users/marcela-dev/Projects/motherboard-systems-hq-clean/node_modules/undici-types/package.json' exists according to earlier cached lookups.
======== Resolving module './header' from '/Users/marcela-dev/Projects/motherboard-systems-hq-clean/node_modules/undici-types/mock-interceptor.d.ts'. ========
Resolution for module './header' was found in cache from location '/Users/marcela-dev/Projects/motherboard-systems-hq-clean/node_modules/undici-types'.
======== Module name './header' was successfully resolved to '/Users/marcela-dev/Projects/motherboard-systems-hq-clean/node_modules/undici-types/header.d.ts' with Package ID 'undici-types/header.d.ts@6.21.0'. ========
======== Resolving module './dispatcher' from '/Users/marcela-dev/Projects/motherboard-systems-hq-clean/node_modules/undici-types/mock-interceptor.d.ts'. ========
Resolution for module './dispatcher' was found in cache from location '/Users/marcela-dev/Projects/motherboard-systems-hq-clean/node_modules/undici-types'.
======== Module name './dispatcher' was successfully resolved to '/Users/marcela-dev/Projects/motherboard-systems-hq-clean/node_modules/undici-types/dispatcher.d.ts' with Package ID 'undici-types/dispatcher.d.ts@6.21.0'. ========
======== Resolving module './fetch' from '/Users/marcela-dev/Projects/motherboard-systems-hq-clean/node_modules/undici-types/mock-interceptor.d.ts'. ========
Resolution for module './fetch' was found in cache from location '/Users/marcela-dev/Projects/motherboard-systems-hq-clean/node_modules/undici-types'.
======== Module name './fetch' was successfully resolved to '/Users/marcela-dev/Projects/motherboard-systems-hq-clean/node_modules/undici-types/fetch.d.ts' with Package ID 'undici-types/fetch.d.ts@6.21.0'. ========
File '/Users/marcela-dev/Projects/motherboard-systems-hq-clean/node_modules/undici-types/package.json' exists according to earlier cached lookups.
======== Resolving module './pool' from '/Users/marcela-dev/Projects/motherboard-systems-hq-clean/node_modules/undici-types/mock-pool.d.ts'. ========
Resolution for module './pool' was found in cache from location '/Users/marcela-dev/Projects/motherboard-systems-hq-clean/node_modules/undici-types'.
======== Module name './pool' was successfully resolved to '/Users/marcela-dev/Projects/motherboard-systems-hq-clean/node_modules/undici-types/pool.d.ts' with Package ID 'undici-types/pool.d.ts@6.21.0'. ========
======== Resolving module './mock-agent' from '/Users/marcela-dev/Projects/motherboard-systems-hq-clean/node_modules/undici-types/mock-pool.d.ts'. ========
Resolution for module './mock-agent' was found in cache from location '/Users/marcela-dev/Projects/motherboard-systems-hq-clean/node_modules/undici-types'.
======== Module name './mock-agent' was successfully resolved to '/Users/marcela-dev/Projects/motherboard-systems-hq-clean/node_modules/undici-types/mock-agent.d.ts' with Package ID 'undici-types/mock-agent.d.ts@6.21.0'. ========
======== Resolving module './mock-interceptor' from '/Users/marcela-dev/Projects/motherboard-systems-hq-clean/node_modules/undici-types/mock-pool.d.ts'. ========
Resolution for module './mock-interceptor' was found in cache from location '/Users/marcela-dev/Projects/motherboard-systems-hq-clean/node_modules/undici-types'.
======== Module name './mock-interceptor' was successfully resolved to '/Users/marcela-dev/Projects/motherboard-systems-hq-clean/node_modules/undici-types/mock-interceptor.d.ts' with Package ID 'undici-types/mock-interceptor.d.ts@6.21.0'. ========
======== Resolving module './dispatcher' from '/Users/marcela-dev/Projects/motherboard-systems-hq-clean/node_modules/undici-types/mock-pool.d.ts'. ========
Resolution for module './dispatcher' was found in cache from location '/Users/marcela-dev/Projects/motherboard-systems-hq-clean/node_modules/undici-types'.
======== Module name './dispatcher' was successfully resolved to '/Users/marcela-dev/Projects/motherboard-systems-hq-clean/node_modules/undici-types/dispatcher.d.ts' with Package ID 'undici-types/dispatcher.d.ts@6.21.0'. ========
File '/Users/marcela-dev/Projects/motherboard-systems-hq-clean/node_modules/undici-types/package.json' exists according to earlier cached lookups.
======== Resolving module './errors' from '/Users/marcela-dev/Projects/motherboard-systems-hq-clean/node_modules/undici-types/mock-errors.d.ts'. ========
Resolution for module './errors' was found in cache from location '/Users/marcela-dev/Projects/motherboard-systems-hq-clean/node_modules/undici-types'.
======== Module name './errors' was successfully resolved to '/Users/marcela-dev/Projects/motherboard-systems-hq-clean/node_modules/undici-types/errors.d.ts' with Package ID 'undici-types/errors.d.ts@6.21.0'. ========
File '/Users/marcela-dev/Projects/motherboard-systems-hq-clean/node_modules/undici-types/package.json' exists according to earlier cached lookups.
======== Resolving module './agent' from '/Users/marcela-dev/Projects/motherboard-systems-hq-clean/node_modules/undici-types/proxy-agent.d.ts'. ========
Resolution for module './agent' was found in cache from location '/Users/marcela-dev/Projects/motherboard-systems-hq-clean/node_modules/undici-types'.
======== Module name './agent' was successfully resolved to '/Users/marcela-dev/Projects/motherboard-systems-hq-clean/node_modules/undici-types/agent.d.ts' with Package ID 'undici-types/agent.d.ts@6.21.0'. ========
======== Resolving module './connector' from '/Users/marcela-dev/Projects/motherboard-systems-hq-clean/node_modules/undici-types/proxy-agent.d.ts'. ========
Resolution for module './connector' was found in cache from location '/Users/marcela-dev/Projects/motherboard-systems-hq-clean/node_modules/undici-types'.
======== Module name './connector' was successfully resolved to '/Users/marcela-dev/Projects/motherboard-systems-hq-clean/node_modules/undici-types/connector.d.ts' with Package ID 'undici-types/connector.d.ts@6.21.0'. ========
======== Resolving module './dispatcher' from '/Users/marcela-dev/Projects/motherboard-systems-hq-clean/node_modules/undici-types/proxy-agent.d.ts'. ========
Resolution for module './dispatcher' was found in cache from location '/Users/marcela-dev/Projects/motherboard-systems-hq-clean/node_modules/undici-types'.
======== Module name './dispatcher' was successfully resolved to '/Users/marcela-dev/Projects/motherboard-systems-hq-clean/node_modules/undici-types/dispatcher.d.ts' with Package ID 'undici-types/dispatcher.d.ts@6.21.0'. ========
======== Resolving module './header' from '/Users/marcela-dev/Projects/motherboard-systems-hq-clean/node_modules/undici-types/proxy-agent.d.ts'. ========
Resolution for module './header' was found in cache from location '/Users/marcela-dev/Projects/motherboard-systems-hq-clean/node_modules/undici-types'.
======== Module name './header' was successfully resolved to '/Users/marcela-dev/Projects/motherboard-systems-hq-clean/node_modules/undici-types/header.d.ts' with Package ID 'undici-types/header.d.ts@6.21.0'. ========
File '/Users/marcela-dev/Projects/motherboard-systems-hq-clean/node_modules/undici-types/package.json' exists according to earlier cached lookups.
======== Resolving module './agent' from '/Users/marcela-dev/Projects/motherboard-systems-hq-clean/node_modules/undici-types/env-http-proxy-agent.d.ts'. ========
Resolution for module './agent' was found in cache from location '/Users/marcela-dev/Projects/motherboard-systems-hq-clean/node_modules/undici-types'.
======== Module name './agent' was successfully resolved to '/Users/marcela-dev/Projects/motherboard-systems-hq-clean/node_modules/undici-types/agent.d.ts' with Package ID 'undici-types/agent.d.ts@6.21.0'. ========
======== Resolving module './dispatcher' from '/Users/marcela-dev/Projects/motherboard-systems-hq-clean/node_modules/undici-types/env-http-proxy-agent.d.ts'. ========
Resolution for module './dispatcher' was found in cache from location '/Users/marcela-dev/Projects/motherboard-systems-hq-clean/node_modules/undici-types'.
======== Module name './dispatcher' was successfully resolved to '/Users/marcela-dev/Projects/motherboard-systems-hq-clean/node_modules/undici-types/dispatcher.d.ts' with Package ID 'undici-types/dispatcher.d.ts@6.21.0'. ========
File '/Users/marcela-dev/Projects/motherboard-systems-hq-clean/node_modules/undici-types/package.json' exists according to earlier cached lookups.
======== Resolving module './dispatcher' from '/Users/marcela-dev/Projects/motherboard-systems-hq-clean/node_modules/undici-types/retry-handler.d.ts'. ========
Resolution for module './dispatcher' was found in cache from location '/Users/marcela-dev/Projects/motherboard-systems-hq-clean/node_modules/undici-types'.
======== Module name './dispatcher' was successfully resolved to '/Users/marcela-dev/Projects/motherboard-systems-hq-clean/node_modules/undici-types/dispatcher.d.ts' with Package ID 'undici-types/dispatcher.d.ts@6.21.0'. ========
File '/Users/marcela-dev/Projects/motherboard-systems-hq-clean/node_modules/undici-types/package.json' exists according to earlier cached lookups.
======== Resolving module './dispatcher' from '/Users/marcela-dev/Projects/motherboard-systems-hq-clean/node_modules/undici-types/retry-agent.d.ts'. ========
Resolution for module './dispatcher' was found in cache from location '/Users/marcela-dev/Projects/motherboard-systems-hq-clean/node_modules/undici-types'.
======== Module name './dispatcher' was successfully resolved to '/Users/marcela-dev/Projects/motherboard-systems-hq-clean/node_modules/undici-types/dispatcher.d.ts' with Package ID 'undici-types/dispatcher.d.ts@6.21.0'. ========
======== Resolving module './retry-handler' from '/Users/marcela-dev/Projects/motherboard-systems-hq-clean/node_modules/undici-types/retry-agent.d.ts'. ========
Resolution for module './retry-handler' was found in cache from location '/Users/marcela-dev/Projects/motherboard-systems-hq-clean/node_modules/undici-types'.
======== Module name './retry-handler' was successfully resolved to '/Users/marcela-dev/Projects/motherboard-systems-hq-clean/node_modules/undici-types/retry-handler.d.ts' with Package ID 'undici-types/retry-handler.d.ts@6.21.0'. ========
File '/Users/marcela-dev/Projects/motherboard-systems-hq-clean/node_modules/undici-types/package.json' exists according to earlier cached lookups.
======== Resolving module 'url' from '/Users/marcela-dev/Projects/motherboard-systems-hq-clean/node_modules/undici-types/api.d.ts'. ========
Resolution for module 'url' was found in cache from location '/Users/marcela-dev/Projects/motherboard-systems-hq-clean/node_modules/undici-types'.
======== Module name 'url' was not resolved. ========
======== Resolving module 'stream' from '/Users/marcela-dev/Projects/motherboard-systems-hq-clean/node_modules/undici-types/api.d.ts'. ========
Resolution for module 'stream' was found in cache from location '/Users/marcela-dev/Projects/motherboard-systems-hq-clean/node_modules/undici-types'.
======== Module name 'stream' was not resolved. ========
======== Resolving module './dispatcher' from '/Users/marcela-dev/Projects/motherboard-systems-hq-clean/node_modules/undici-types/api.d.ts'. ========
Resolution for module './dispatcher' was found in cache from location '/Users/marcela-dev/Projects/motherboard-systems-hq-clean/node_modules/undici-types'.
======== Module name './dispatcher' was successfully resolved to '/Users/marcela-dev/Projects/motherboard-systems-hq-clean/node_modules/undici-types/dispatcher.d.ts' with Package ID 'undici-types/dispatcher.d.ts@6.21.0'. ========
File '/Users/marcela-dev/Projects/motherboard-systems-hq-clean/node_modules/undici-types/package.json' exists according to earlier cached lookups.
======== Resolving module './dispatcher' from '/Users/marcela-dev/Projects/motherboard-systems-hq-clean/node_modules/undici-types/interceptors.d.ts'. ========
Resolution for module './dispatcher' was found in cache from location '/Users/marcela-dev/Projects/motherboard-systems-hq-clean/node_modules/undici-types'.
======== Module name './dispatcher' was successfully resolved to '/Users/marcela-dev/Projects/motherboard-systems-hq-clean/node_modules/undici-types/dispatcher.d.ts' with Package ID 'undici-types/dispatcher.d.ts@6.21.0'. ========
======== Resolving module './retry-handler' from '/Users/marcela-dev/Projects/motherboard-systems-hq-clean/node_modules/undici-types/interceptors.d.ts'. ========
Resolution for module './retry-handler' was found in cache from location '/Users/marcela-dev/Projects/motherboard-systems-hq-clean/node_modules/undici-types'.
======== Module name './retry-handler' was successfully resolved to '/Users/marcela-dev/Projects/motherboard-systems-hq-clean/node_modules/undici-types/retry-handler.d.ts' with Package ID 'undici-types/retry-handler.d.ts@6.21.0'. ========
File '/Users/marcela-dev/Projects/motherboard-systems-hq-clean/node_modules/undici-types/package.json' exists according to earlier cached lookups.
File '/Users/marcela-dev/Projects/motherboard-systems-hq-clean/node_modules/undici-types/package.json' exists according to earlier cached lookups.
======== Resolving type reference directive 'node', containing file '/Users/marcela-dev/Projects/motherboard-systems-hq-clean/node_modules/undici-types/cookies.d.ts'. ========
Resolution for type reference directive 'node' was found in cache from location '/Users/marcela-dev/Projects/motherboard-systems-hq-clean/node_modules/undici-types'.
======== Type reference directive 'node' was successfully resolved to '/Users/marcela-dev/Projects/motherboard-systems-hq-clean/node_modules/@types/node/index.d.ts' with Package ID '@types/node/index.d.ts@20.19.43', primary: true. ========
======== Resolving module './fetch' from '/Users/marcela-dev/Projects/motherboard-systems-hq-clean/node_modules/undici-types/cookies.d.ts'. ========
Resolution for module './fetch' was found in cache from location '/Users/marcela-dev/Projects/motherboard-systems-hq-clean/node_modules/undici-types'.
======== Module name './fetch' was successfully resolved to '/Users/marcela-dev/Projects/motherboard-systems-hq-clean/node_modules/undici-types/fetch.d.ts' with Package ID 'undici-types/fetch.d.ts@6.21.0'. ========
File '/Users/marcela-dev/Projects/motherboard-systems-hq-clean/node_modules/undici-types/package.json' exists according to earlier cached lookups.
======== Resolving module './websocket' from '/Users/marcela-dev/Projects/motherboard-systems-hq-clean/node_modules/undici-types/eventsource.d.ts'. ========
Resolution for module './websocket' was found in cache from location '/Users/marcela-dev/Projects/motherboard-systems-hq-clean/node_modules/undici-types'.
======== Module name './websocket' was successfully resolved to '/Users/marcela-dev/Projects/motherboard-systems-hq-clean/node_modules/undici-types/websocket.d.ts' with Package ID 'undici-types/websocket.d.ts@6.21.0'. ========
======== Resolving module './dispatcher' from '/Users/marcela-dev/Projects/motherboard-systems-hq-clean/node_modules/undici-types/eventsource.d.ts'. ========
Resolution for module './dispatcher' was found in cache from location '/Users/marcela-dev/Projects/motherboard-systems-hq-clean/node_modules/undici-types'.
======== Module name './dispatcher' was successfully resolved to '/Users/marcela-dev/Projects/motherboard-systems-hq-clean/node_modules/undici-types/dispatcher.d.ts' with Package ID 'undici-types/dispatcher.d.ts@6.21.0'. ========
======== Resolving module './patch' from '/Users/marcela-dev/Projects/motherboard-systems-hq-clean/node_modules/undici-types/eventsource.d.ts'. ========
Explicitly specified module resolution kind: 'Node10'.
Loading module as file / folder, candidate module location '/Users/marcela-dev/Projects/motherboard-systems-hq-clean/node_modules/undici-types/patch', target file types: TypeScript, Declaration.
File '/Users/marcela-dev/Projects/motherboard-systems-hq-clean/node_modules/undici-types/patch.ts' does not exist.
File '/Users/marcela-dev/Projects/motherboard-systems-hq-clean/node_modules/undici-types/patch.tsx' does not exist.
File '/Users/marcela-dev/Projects/motherboard-systems-hq-clean/node_modules/undici-types/patch.d.ts' exists - use it as a name resolution result.
File '/Users/marcela-dev/Projects/motherboard-systems-hq-clean/node_modules/undici-types/package.json' exists according to earlier cached lookups.
======== Module name './patch' was successfully resolved to '/Users/marcela-dev/Projects/motherboard-systems-hq-clean/node_modules/undici-types/patch.d.ts' with Package ID 'undici-types/patch.d.ts@6.21.0'. ========
File '/Users/marcela-dev/Projects/motherboard-systems-hq-clean/node_modules/undici-types/package.json' exists according to earlier cached lookups.
======== Resolving type reference directive 'node', containing file '/Users/marcela-dev/Projects/motherboard-systems-hq-clean/node_modules/undici-types/websocket.d.ts'. ========
Resolution for type reference directive 'node' was found in cache from location '/Users/marcela-dev/Projects/motherboard-systems-hq-clean/node_modules/undici-types'.
======== Type reference directive 'node' was successfully resolved to '/Users/marcela-dev/Projects/motherboard-systems-hq-clean/node_modules/@types/node/index.d.ts' with Package ID '@types/node/index.d.ts@20.19.43', primary: true. ========
======== Resolving module 'buffer' from '/Users/marcela-dev/Projects/motherboard-systems-hq-clean/node_modules/undici-types/websocket.d.ts'. ========
Resolution for module 'buffer' was found in cache from location '/Users/marcela-dev/Projects/motherboard-systems-hq-clean/node_modules/undici-types'.
======== Module name 'buffer' was successfully resolved to '/Users/marcela-dev/Projects/motherboard-systems-hq-clean/node_modules/buffer/index.d.ts' with Package ID 'buffer/index.d.ts@5.7.1'. ========
======== Resolving module 'worker_threads' from '/Users/marcela-dev/Projects/motherboard-systems-hq-clean/node_modules/undici-types/websocket.d.ts'. ========
Explicitly specified module resolution kind: 'Node10'.
'baseUrl' option is set to '/Users/marcela-dev/Projects/motherboard-systems-hq-clean', using this value to resolve non-relative module name 'worker_threads'.
Resolving module name 'worker_threads' relative to base url '/Users/marcela-dev/Projects/motherboard-systems-hq-clean' - '/Users/marcela-dev/Projects/motherboard-systems-hq-clean/worker_threads'.
Loading module as file / folder, candidate module location '/Users/marcela-dev/Projects/motherboard-systems-hq-clean/worker_threads', target file types: TypeScript, Declaration.
File '/Users/marcela-dev/Projects/motherboard-systems-hq-clean/worker_threads.ts' does not exist.
File '/Users/marcela-dev/Projects/motherboard-systems-hq-clean/worker_threads.tsx' does not exist.
File '/Users/marcela-dev/Projects/motherboard-systems-hq-clean/worker_threads.d.ts' does not exist.
Directory '/Users/marcela-dev/Projects/motherboard-systems-hq-clean/worker_threads' does not exist, skipping all lookups in it.
Loading module 'worker_threads' from 'node_modules' folder, target file types: TypeScript, Declaration.
Searching all ancestor node_modules directories for preferred extensions: TypeScript, Declaration.
Directory '/Users/marcela-dev/Projects/motherboard-systems-hq-clean/node_modules/undici-types/node_modules' does not exist, skipping all lookups in it.
File '/Users/marcela-dev/Projects/motherboard-systems-hq-clean/node_modules/worker_threads.ts' does not exist.
File '/Users/marcela-dev/Projects/motherboard-systems-hq-clean/node_modules/worker_threads.tsx' does not exist.
File '/Users/marcela-dev/Projects/motherboard-systems-hq-clean/node_modules/worker_threads.d.ts' does not exist.
File '/Users/marcela-dev/Projects/motherboard-systems-hq-clean/node_modules/@types/worker_threads.d.ts' does not exist.
Directory '/Users/marcela-dev/Projects/node_modules' does not exist, skipping all lookups in it.
File '/Users/marcela-dev/node_modules/worker_threads.ts' does not exist.
File '/Users/marcela-dev/node_modules/worker_threads.tsx' does not exist.
File '/Users/marcela-dev/node_modules/worker_threads.d.ts' does not exist.
File '/Users/marcela-dev/node_modules/@types/worker_threads.d.ts' does not exist.
Directory '/Users/node_modules' does not exist, skipping all lookups in it.
Directory '/node_modules' does not exist, skipping all lookups in it.
'baseUrl' option is set to '/Users/marcela-dev/Projects/motherboard-systems-hq-clean', using this value to resolve non-relative module name 'worker_threads'.
Resolving module name 'worker_threads' relative to base url '/Users/marcela-dev/Projects/motherboard-systems-hq-clean' - '/Users/marcela-dev/Projects/motherboard-systems-hq-clean/worker_threads'.
Loading module as file / folder, candidate module location '/Users/marcela-dev/Projects/motherboard-systems-hq-clean/worker_threads', target file types: JavaScript, JSON.
File '/Users/marcela-dev/Projects/motherboard-systems-hq-clean/worker_threads.js' does not exist.
File '/Users/marcela-dev/Projects/motherboard-systems-hq-clean/worker_threads.jsx' does not exist.
Directory '/Users/marcela-dev/Projects/motherboard-systems-hq-clean/worker_threads' does not exist, skipping all lookups in it.
Loading module 'worker_threads' from 'node_modules' folder, target file types: JavaScript, JSON.
Searching all ancestor node_modules directories for fallback extensions: JavaScript, JSON.
Directory '/Users/marcela-dev/Projects/motherboard-systems-hq-clean/node_modules/undici-types/node_modules' does not exist, skipping all lookups in it.
File '/Users/marcela-dev/Projects/motherboard-systems-hq-clean/node_modules/worker_threads.js' does not exist.
File '/Users/marcela-dev/Projects/motherboard-systems-hq-clean/node_modules/worker_threads.jsx' does not exist.
Directory '/Users/marcela-dev/Projects/node_modules' does not exist, skipping all lookups in it.
File '/Users/marcela-dev/node_modules/worker_threads.js' does not exist.
File '/Users/marcela-dev/node_modules/worker_threads.jsx' does not exist.
Directory '/Users/node_modules' does not exist, skipping all lookups in it.
Directory '/node_modules' does not exist, skipping all lookups in it.
======== Module name 'worker_threads' was not resolved. ========
======== Resolving module './patch' from '/Users/marcela-dev/Projects/motherboard-systems-hq-clean/node_modules/undici-types/websocket.d.ts'. ========
Resolution for module './patch' was found in cache from location '/Users/marcela-dev/Projects/motherboard-systems-hq-clean/node_modules/undici-types'.
======== Module name './patch' was successfully resolved to '/Users/marcela-dev/Projects/motherboard-systems-hq-clean/node_modules/undici-types/patch.d.ts' with Package ID 'undici-types/patch.d.ts@6.21.0'. ========
======== Resolving module './dispatcher' from '/Users/marcela-dev/Projects/motherboard-systems-hq-clean/node_modules/undici-types/websocket.d.ts'. ========
Resolution for module './dispatcher' was found in cache from location '/Users/marcela-dev/Projects/motherboard-systems-hq-clean/node_modules/undici-types'.
======== Module name './dispatcher' was successfully resolved to '/Users/marcela-dev/Projects/motherboard-systems-hq-clean/node_modules/undici-types/dispatcher.d.ts' with Package ID 'undici-types/dispatcher.d.ts@6.21.0'. ========
======== Resolving module './fetch' from '/Users/marcela-dev/Projects/motherboard-systems-hq-clean/node_modules/undici-types/websocket.d.ts'. ========
Resolution for module './fetch' was found in cache from location '/Users/marcela-dev/Projects/motherboard-systems-hq-clean/node_modules/undici-types'.
======== Module name './fetch' was successfully resolved to '/Users/marcela-dev/Projects/motherboard-systems-hq-clean/node_modules/undici-types/fetch.d.ts' with Package ID 'undici-types/fetch.d.ts@6.21.0'. ========
File '/Users/marcela-dev/Projects/motherboard-systems-hq-clean/node_modules/undici-types/package.json' exists according to earlier cached lookups.
======== Resolving type reference directive 'node', containing file '/Users/marcela-dev/Projects/motherboard-systems-hq-clean/node_modules/undici-types/patch.d.ts'. ========
Resolution for type reference directive 'node' was found in cache from location '/Users/marcela-dev/Projects/motherboard-systems-hq-clean/node_modules/undici-types'.
======== Type reference directive 'node' was successfully resolved to '/Users/marcela-dev/Projects/motherboard-systems-hq-clean/node_modules/@types/node/index.d.ts' with Package ID '@types/node/index.d.ts@20.19.43', primary: true. ========
File '/Users/marcela-dev/Projects/motherboard-systems-hq-clean/node_modules/undici-types/package.json' exists according to earlier cached lookups.
======== Resolving type reference directive 'node', containing file '/Users/marcela-dev/Projects/motherboard-systems-hq-clean/node_modules/undici-types/filereader.d.ts'. ========
Resolution for type reference directive 'node' was found in cache from location '/Users/marcela-dev/Projects/motherboard-systems-hq-clean/node_modules/undici-types'.
======== Type reference directive 'node' was successfully resolved to '/Users/marcela-dev/Projects/motherboard-systems-hq-clean/node_modules/@types/node/index.d.ts' with Package ID '@types/node/index.d.ts@20.19.43', primary: true. ========
======== Resolving module 'buffer' from '/Users/marcela-dev/Projects/motherboard-systems-hq-clean/node_modules/undici-types/filereader.d.ts'. ========
Resolution for module 'buffer' was found in cache from location '/Users/marcela-dev/Projects/motherboard-systems-hq-clean/node_modules/undici-types'.
======== Module name 'buffer' was successfully resolved to '/Users/marcela-dev/Projects/motherboard-systems-hq-clean/node_modules/buffer/index.d.ts' with Package ID 'buffer/index.d.ts@5.7.1'. ========
======== Resolving module './patch' from '/Users/marcela-dev/Projects/motherboard-systems-hq-clean/node_modules/undici-types/filereader.d.ts'. ========
Resolution for module './patch' was found in cache from location '/Users/marcela-dev/Projects/motherboard-systems-hq-clean/node_modules/undici-types'.
======== Module name './patch' was successfully resolved to '/Users/marcela-dev/Projects/motherboard-systems-hq-clean/node_modules/undici-types/patch.d.ts' with Package ID 'undici-types/patch.d.ts@6.21.0'. ========
File '/Users/marcela-dev/Projects/motherboard-systems-hq-clean/node_modules/undici-types/package.json' exists according to earlier cached lookups.
======== Resolving module 'net' from '/Users/marcela-dev/Projects/motherboard-systems-hq-clean/node_modules/undici-types/diagnostics-channel.d.ts'. ========
Resolution for module 'net' was found in cache from location '/Users/marcela-dev/Projects/motherboard-systems-hq-clean/node_modules/undici-types'.
======== Module name 'net' was not resolved. ========
======== Resolving module 'url' from '/Users/marcela-dev/Projects/motherboard-systems-hq-clean/node_modules/undici-types/diagnostics-channel.d.ts'. ========
Resolution for module 'url' was found in cache from location '/Users/marcela-dev/Projects/motherboard-systems-hq-clean/node_modules/undici-types'.
======== Module name 'url' was not resolved. ========
======== Resolving module './connector' from '/Users/marcela-dev/Projects/motherboard-systems-hq-clean/node_modules/undici-types/diagnostics-channel.d.ts'. ========
Resolution for module './connector' was found in cache from location '/Users/marcela-dev/Projects/motherboard-systems-hq-clean/node_modules/undici-types'.
======== Module name './connector' was successfully resolved to '/Users/marcela-dev/Projects/motherboard-systems-hq-clean/node_modules/undici-types/connector.d.ts' with Package ID 'undici-types/connector.d.ts@6.21.0'. ========
======== Resolving module './dispatcher' from '/Users/marcela-dev/Projects/motherboard-systems-hq-clean/node_modules/undici-types/diagnostics-channel.d.ts'. ========
Resolution for module './dispatcher' was found in cache from location '/Users/marcela-dev/Projects/motherboard-systems-hq-clean/node_modules/undici-types'.
======== Module name './dispatcher' was successfully resolved to '/Users/marcela-dev/Projects/motherboard-systems-hq-clean/node_modules/undici-types/dispatcher.d.ts' with Package ID 'undici-types/dispatcher.d.ts@6.21.0'. ========
File '/Users/marcela-dev/Projects/motherboard-systems-hq-clean/node_modules/undici-types/package.json' exists according to earlier cached lookups.
======== Resolving type reference directive 'node', containing file '/Users/marcela-dev/Projects/motherboard-systems-hq-clean/node_modules/undici-types/content-type.d.ts'. ========
Resolution for type reference directive 'node' was found in cache from location '/Users/marcela-dev/Projects/motherboard-systems-hq-clean/node_modules/undici-types'.
======== Type reference directive 'node' was successfully resolved to '/Users/marcela-dev/Projects/motherboard-systems-hq-clean/node_modules/@types/node/index.d.ts' with Package ID '@types/node/index.d.ts@20.19.43', primary: true. ========
File '/Users/marcela-dev/Projects/motherboard-systems-hq-clean/node_modules/undici-types/package.json' exists according to earlier cached lookups.
======== Resolving module './fetch' from '/Users/marcela-dev/Projects/motherboard-systems-hq-clean/node_modules/undici-types/cache.d.ts'. ========
Resolution for module './fetch' was found in cache from location '/Users/marcela-dev/Projects/motherboard-systems-hq-clean/node_modules/undici-types'.
======== Module name './fetch' was successfully resolved to '/Users/marcela-dev/Projects/motherboard-systems-hq-clean/node_modules/undici-types/fetch.d.ts' with Package ID 'undici-types/fetch.d.ts@6.21.0'. ========
File '/Users/marcela-dev/Projects/motherboard-systems-hq-clean/node_modules/@types/node/package.json' exists according to earlier cached lookups.
Module 'assert' was resolved as locally declared ambient module in file '/Users/marcela-dev/Projects/motherboard-systems-hq-clean/node_modules/@types/node/assert.d.ts'.
File '/Users/marcela-dev/Projects/motherboard-systems-hq-clean/node_modules/@types/node/assert/package.json' does not exist.
File '/Users/marcela-dev/Projects/motherboard-systems-hq-clean/node_modules/@types/node/package.json' exists according to earlier cached lookups.
======== Resolving module 'node:assert' from '/Users/marcela-dev/Projects/motherboard-systems-hq-clean/node_modules/@types/node/assert/strict.d.ts'. ========
Explicitly specified module resolution kind: 'Node10'.
'baseUrl' option is set to '/Users/marcela-dev/Projects/motherboard-systems-hq-clean', using this value to resolve non-relative module name 'node:assert'.
Resolving module name 'node:assert' relative to base url '/Users/marcela-dev/Projects/motherboard-systems-hq-clean' - '/Users/marcela-dev/Projects/motherboard-systems-hq-clean/node:assert'.
Loading module as file / folder, candidate module location '/Users/marcela-dev/Projects/motherboard-systems-hq-clean/node:assert', target file types: TypeScript, Declaration.
File '/Users/marcela-dev/Projects/motherboard-systems-hq-clean/node:assert.ts' does not exist.
File '/Users/marcela-dev/Projects/motherboard-systems-hq-clean/node:assert.tsx' does not exist.
File '/Users/marcela-dev/Projects/motherboard-systems-hq-clean/node:assert.d.ts' does not exist.
Directory '/Users/marcela-dev/Projects/motherboard-systems-hq-clean/node:assert' does not exist, skipping all lookups in it.
Skipping module 'node:assert' that looks like an absolute URI, target file types: TypeScript, Declaration.
'baseUrl' option is set to '/Users/marcela-dev/Projects/motherboard-systems-hq-clean', using this value to resolve non-relative module name 'node:assert'.
Resolving module name 'node:assert' relative to base url '/Users/marcela-dev/Projects/motherboard-systems-hq-clean' - '/Users/marcela-dev/Projects/motherboard-systems-hq-clean/node:assert'.
Loading module as file / folder, candidate module location '/Users/marcela-dev/Projects/motherboard-systems-hq-clean/node:assert', target file types: JavaScript, JSON.
File '/Users/marcela-dev/Projects/motherboard-systems-hq-clean/node:assert.js' does not exist.
File '/Users/marcela-dev/Projects/motherboard-systems-hq-clean/node:assert.jsx' does not exist.
Directory '/Users/marcela-dev/Projects/motherboard-systems-hq-clean/node:assert' does not exist, skipping all lookups in it.
Skipping module 'node:assert' that looks like an absolute URI, target file types: JavaScript, JSON.
======== Module name 'node:assert' was not resolved. ========
File '/Users/marcela-dev/Projects/motherboard-systems-hq-clean/node_modules/@types/node/package.json' exists according to earlier cached lookups.
Module 'async_hooks' was resolved as locally declared ambient module in file '/Users/marcela-dev/Projects/motherboard-systems-hq-clean/node_modules/@types/node/async_hooks.d.ts'.
File '/Users/marcela-dev/Projects/motherboard-systems-hq-clean/node_modules/@types/node/package.json' exists according to earlier cached lookups.
Module 'buffer' was resolved as locally declared ambient module in file '/Users/marcela-dev/Projects/motherboard-systems-hq-clean/node_modules/@types/node/buffer.d.ts'.
Module 'buffer' was resolved as locally declared ambient module in file '/Users/marcela-dev/Projects/motherboard-systems-hq-clean/node_modules/@types/node/buffer.d.ts'.
Module 'buffer' was resolved as locally declared ambient module in file '/Users/marcela-dev/Projects/motherboard-systems-hq-clean/node_modules/@types/node/buffer.d.ts'.
Module 'buffer' was resolved as locally declared ambient module in file '/Users/marcela-dev/Projects/motherboard-systems-hq-clean/node_modules/@types/node/buffer.d.ts'.
Module 'buffer' was resolved as locally declared ambient module in file '/Users/marcela-dev/Projects/motherboard-systems-hq-clean/node_modules/@types/node/buffer.d.ts'.
======== Resolving module 'node:crypto' from '/Users/marcela-dev/Projects/motherboard-systems-hq-clean/node_modules/@types/node/buffer.d.ts'. ========
Explicitly specified module resolution kind: 'Node10'.
'baseUrl' option is set to '/Users/marcela-dev/Projects/motherboard-systems-hq-clean', using this value to resolve non-relative module name 'node:crypto'.
Resolving module name 'node:crypto' relative to base url '/Users/marcela-dev/Projects/motherboard-systems-hq-clean' - '/Users/marcela-dev/Projects/motherboard-systems-hq-clean/node:crypto'.
Loading module as file / folder, candidate module location '/Users/marcela-dev/Projects/motherboard-systems-hq-clean/node:crypto', target file types: TypeScript, Declaration.
File '/Users/marcela-dev/Projects/motherboard-systems-hq-clean/node:crypto.ts' does not exist.
File '/Users/marcela-dev/Projects/motherboard-systems-hq-clean/node:crypto.tsx' does not exist.
File '/Users/marcela-dev/Projects/motherboard-systems-hq-clean/node:crypto.d.ts' does not exist.
Directory '/Users/marcela-dev/Projects/motherboard-systems-hq-clean/node:crypto' does not exist, skipping all lookups in it.
Skipping module 'node:crypto' that looks like an absolute URI, target file types: TypeScript, Declaration.
'baseUrl' option is set to '/Users/marcela-dev/Projects/motherboard-systems-hq-clean', using this value to resolve non-relative module name 'node:crypto'.
Resolving module name 'node:crypto' relative to base url '/Users/marcela-dev/Projects/motherboard-systems-hq-clean' - '/Users/marcela-dev/Projects/motherboard-systems-hq-clean/node:crypto'.
Loading module as file / folder, candidate module location '/Users/marcela-dev/Projects/motherboard-systems-hq-clean/node:crypto', target file types: JavaScript, JSON.
File '/Users/marcela-dev/Projects/motherboard-systems-hq-clean/node:crypto.js' does not exist.
File '/Users/marcela-dev/Projects/motherboard-systems-hq-clean/node:crypto.jsx' does not exist.
Directory '/Users/marcela-dev/Projects/motherboard-systems-hq-clean/node:crypto' does not exist, skipping all lookups in it.
Skipping module 'node:crypto' that looks like an absolute URI, target file types: JavaScript, JSON.
======== Module name 'node:crypto' was not resolved. ========
======== Resolving module 'node:stream/web' from '/Users/marcela-dev/Projects/motherboard-systems-hq-clean/node_modules/@types/node/buffer.d.ts'. ========
Explicitly specified module resolution kind: 'Node10'.
'baseUrl' option is set to '/Users/marcela-dev/Projects/motherboard-systems-hq-clean', using this value to resolve non-relative module name 'node:stream/web'.
Resolving module name 'node:stream/web' relative to base url '/Users/marcela-dev/Projects/motherboard-systems-hq-clean' - '/Users/marcela-dev/Projects/motherboard-systems-hq-clean/node:stream/web'.
Loading module as file / folder, candidate module location '/Users/marcela-dev/Projects/motherboard-systems-hq-clean/node:stream/web', target file types: TypeScript, Declaration.
Skipping module 'node:stream/web' that looks like an absolute URI, target file types: TypeScript, Declaration.
'baseUrl' option is set to '/Users/marcela-dev/Projects/motherboard-systems-hq-clean', using this value to resolve non-relative module name 'node:stream/web'.
Resolving module name 'node:stream/web' relative to base url '/Users/marcela-dev/Projects/motherboard-systems-hq-clean' - '/Users/marcela-dev/Projects/motherboard-systems-hq-clean/node:stream/web'.
Loading module as file / folder, candidate module location '/Users/marcela-dev/Projects/motherboard-systems-hq-clean/node:stream/web', target file types: JavaScript, JSON.
Skipping module 'node:stream/web' that looks like an absolute URI, target file types: JavaScript, JSON.
======== Module name 'node:stream/web' was not resolved. ========
File '/Users/marcela-dev/Projects/motherboard-systems-hq-clean/node_modules/@types/node/package.json' exists according to earlier cached lookups.
Module 'child_process' was resolved as locally declared ambient module in file '/Users/marcela-dev/Projects/motherboard-systems-hq-clean/node_modules/@types/node/child_process.d.ts'.
======== Resolving module 'node:buffer' from '/Users/marcela-dev/Projects/motherboard-systems-hq-clean/node_modules/@types/node/child_process.d.ts'. ========
Explicitly specified module resolution kind: 'Node10'.
'baseUrl' option is set to '/Users/marcela-dev/Projects/motherboard-systems-hq-clean', using this value to resolve non-relative module name 'node:buffer'.
Resolving module name 'node:buffer' relative to base url '/Users/marcela-dev/Projects/motherboard-systems-hq-clean' - '/Users/marcela-dev/Projects/motherboard-systems-hq-clean/node:buffer'.
Loading module as file / folder, candidate module location '/Users/marcela-dev/Projects/motherboard-systems-hq-clean/node:buffer', target file types: TypeScript, Declaration.
File '/Users/marcela-dev/Projects/motherboard-systems-hq-clean/node:buffer.ts' does not exist.
File '/Users/marcela-dev/Projects/motherboard-systems-hq-clean/node:buffer.tsx' does not exist.
File '/Users/marcela-dev/Projects/motherboard-systems-hq-clean/node:buffer.d.ts' does not exist.
Directory '/Users/marcela-dev/Projects/motherboard-systems-hq-clean/node:buffer' does not exist, skipping all lookups in it.
Skipping module 'node:buffer' that looks like an absolute URI, target file types: TypeScript, Declaration.
'baseUrl' option is set to '/Users/marcela-dev/Projects/motherboard-systems-hq-clean', using this value to resolve non-relative module name 'node:buffer'.
Resolving module name 'node:buffer' relative to base url '/Users/marcela-dev/Projects/motherboard-systems-hq-clean' - '/Users/marcela-dev/Projects/motherboard-systems-hq-clean/node:buffer'.
Loading module as file / folder, candidate module location '/Users/marcela-dev/Projects/motherboard-systems-hq-clean/node:buffer', target file types: JavaScript, JSON.
File '/Users/marcela-dev/Projects/motherboard-systems-hq-clean/node:buffer.js' does not exist.
File '/Users/marcela-dev/Projects/motherboard-systems-hq-clean/node:buffer.jsx' does not exist.
Directory '/Users/marcela-dev/Projects/motherboard-systems-hq-clean/node:buffer' does not exist, skipping all lookups in it.
Skipping module 'node:buffer' that looks like an absolute URI, target file types: JavaScript, JSON.
======== Module name 'node:buffer' was not resolved. ========
======== Resolving module 'node:events' from '/Users/marcela-dev/Projects/motherboard-systems-hq-clean/node_modules/@types/node/child_process.d.ts'. ========
Explicitly specified module resolution kind: 'Node10'.
'baseUrl' option is set to '/Users/marcela-dev/Projects/motherboard-systems-hq-clean', using this value to resolve non-relative module name 'node:events'.
Resolving module name 'node:events' relative to base url '/Users/marcela-dev/Projects/motherboard-systems-hq-clean' - '/Users/marcela-dev/Projects/motherboard-systems-hq-clean/node:events'.
Loading module as file / folder, candidate module location '/Users/marcela-dev/Projects/motherboard-systems-hq-clean/node:events', target file types: TypeScript, Declaration.
File '/Users/marcela-dev/Projects/motherboard-systems-hq-clean/node:events.ts' does not exist.
File '/Users/marcela-dev/Projects/motherboard-systems-hq-clean/node:events.tsx' does not exist.
File '/Users/marcela-dev/Projects/motherboard-systems-hq-clean/node:events.d.ts' does not exist.
Directory '/Users/marcela-dev/Projects/motherboard-systems-hq-clean/node:events' does not exist, skipping all lookups in it.
Skipping module 'node:events' that looks like an absolute URI, target file types: TypeScript, Declaration.
'baseUrl' option is set to '/Users/marcela-dev/Projects/motherboard-systems-hq-clean', using this value to resolve non-relative module name 'node:events'.
Resolving module name 'node:events' relative to base url '/Users/marcela-dev/Projects/motherboard-systems-hq-clean' - '/Users/marcela-dev/Projects/motherboard-systems-hq-clean/node:events'.
Loading module as file / folder, candidate module location '/Users/marcela-dev/Projects/motherboard-systems-hq-clean/node:events', target file types: JavaScript, JSON.
File '/Users/marcela-dev/Projects/motherboard-systems-hq-clean/node:events.js' does not exist.
File '/Users/marcela-dev/Projects/motherboard-systems-hq-clean/node:events.jsx' does not exist.
Directory '/Users/marcela-dev/Projects/motherboard-systems-hq-clean/node:events' does not exist, skipping all lookups in it.
Skipping module 'node:events' that looks like an absolute URI, target file types: JavaScript, JSON.
======== Module name 'node:events' was not resolved. ========
======== Resolving module 'node:dgram' from '/Users/marcela-dev/Projects/motherboard-systems-hq-clean/node_modules/@types/node/child_process.d.ts'. ========
Explicitly specified module resolution kind: 'Node10'.
'baseUrl' option is set to '/Users/marcela-dev/Projects/motherboard-systems-hq-clean', using this value to resolve non-relative module name 'node:dgram'.
Resolving module name 'node:dgram' relative to base url '/Users/marcela-dev/Projects/motherboard-systems-hq-clean' - '/Users/marcela-dev/Projects/motherboard-systems-hq-clean/node:dgram'.
Loading module as file / folder, candidate module location '/Users/marcela-dev/Projects/motherboard-systems-hq-clean/node:dgram', target file types: TypeScript, Declaration.
File '/Users/marcela-dev/Projects/motherboard-systems-hq-clean/node:dgram.ts' does not exist.
File '/Users/marcela-dev/Projects/motherboard-systems-hq-clean/node:dgram.tsx' does not exist.
File '/Users/marcela-dev/Projects/motherboard-systems-hq-clean/node:dgram.d.ts' does not exist.
Directory '/Users/marcela-dev/Projects/motherboard-systems-hq-clean/node:dgram' does not exist, skipping all lookups in it.
Skipping module 'node:dgram' that looks like an absolute URI, target file types: TypeScript, Declaration.
'baseUrl' option is set to '/Users/marcela-dev/Projects/motherboard-systems-hq-clean', using this value to resolve non-relative module name 'node:dgram'.
Resolving module name 'node:dgram' relative to base url '/Users/marcela-dev/Projects/motherboard-systems-hq-clean' - '/Users/marcela-dev/Projects/motherboard-systems-hq-clean/node:dgram'.
Loading module as file / folder, candidate module location '/Users/marcela-dev/Projects/motherboard-systems-hq-clean/node:dgram', target file types: JavaScript, JSON.
File '/Users/marcela-dev/Projects/motherboard-systems-hq-clean/node:dgram.js' does not exist.
File '/Users/marcela-dev/Projects/motherboard-systems-hq-clean/node:dgram.jsx' does not exist.
Directory '/Users/marcela-dev/Projects/motherboard-systems-hq-clean/node:dgram' does not exist, skipping all lookups in it.
Skipping module 'node:dgram' that looks like an absolute URI, target file types: JavaScript, JSON.
======== Module name 'node:dgram' was not resolved. ========
======== Resolving module 'node:net' from '/Users/marcela-dev/Projects/motherboard-systems-hq-clean/node_modules/@types/node/child_process.d.ts'. ========
Explicitly specified module resolution kind: 'Node10'.
'baseUrl' option is set to '/Users/marcela-dev/Projects/motherboard-systems-hq-clean', using this value to resolve non-relative module name 'node:net'.
Resolving module name 'node:net' relative to base url '/Users/marcela-dev/Projects/motherboard-systems-hq-clean' - '/Users/marcela-dev/Projects/motherboard-systems-hq-clean/node:net'.
Loading module as file / folder, candidate module location '/Users/marcela-dev/Projects/motherboard-systems-hq-clean/node:net', target file types: TypeScript, Declaration.
File '/Users/marcela-dev/Projects/motherboard-systems-hq-clean/node:net.ts' does not exist.
File '/Users/marcela-dev/Projects/motherboard-systems-hq-clean/node:net.tsx' does not exist.
File '/Users/marcela-dev/Projects/motherboard-systems-hq-clean/node:net.d.ts' does not exist.
Directory '/Users/marcela-dev/Projects/motherboard-systems-hq-clean/node:net' does not exist, skipping all lookups in it.
Skipping module 'node:net' that looks like an absolute URI, target file types: TypeScript, Declaration.
'baseUrl' option is set to '/Users/marcela-dev/Projects/motherboard-systems-hq-clean', using this value to resolve non-relative module name 'node:net'.
Resolving module name 'node:net' relative to base url '/Users/marcela-dev/Projects/motherboard-systems-hq-clean' - '/Users/marcela-dev/Projects/motherboard-systems-hq-clean/node:net'.
Loading module as file / folder, candidate module location '/Users/marcela-dev/Projects/motherboard-systems-hq-clean/node:net', target file types: JavaScript, JSON.
File '/Users/marcela-dev/Projects/motherboard-systems-hq-clean/node:net.js' does not exist.
File '/Users/marcela-dev/Projects/motherboard-systems-hq-clean/node:net.jsx' does not exist.
Directory '/Users/marcela-dev/Projects/motherboard-systems-hq-clean/node:net' does not exist, skipping all lookups in it.
Skipping module 'node:net' that looks like an absolute URI, target file types: JavaScript, JSON.
======== Module name 'node:net' was not resolved. ========
======== Resolving module 'node:stream' from '/Users/marcela-dev/Projects/motherboard-systems-hq-clean/node_modules/@types/node/child_process.d.ts'. ========
Explicitly specified module resolution kind: 'Node10'.
'baseUrl' option is set to '/Users/marcela-dev/Projects/motherboard-systems-hq-clean', using this value to resolve non-relative module name 'node:stream'.
Resolving module name 'node:stream' relative to base url '/Users/marcela-dev/Projects/motherboard-systems-hq-clean' - '/Users/marcela-dev/Projects/motherboard-systems-hq-clean/node:stream'.
Loading module as file / folder, candidate module location '/Users/marcela-dev/Projects/motherboard-systems-hq-clean/node:stream', target file types: TypeScript, Declaration.
File '/Users/marcela-dev/Projects/motherboard-systems-hq-clean/node:stream.ts' does not exist.
File '/Users/marcela-dev/Projects/motherboard-systems-hq-clean/node:stream.tsx' does not exist.
File '/Users/marcela-dev/Projects/motherboard-systems-hq-clean/node:stream.d.ts' does not exist.
Directory '/Users/marcela-dev/Projects/motherboard-systems-hq-clean/node:stream' does not exist, skipping all lookups in it.
Skipping module 'node:stream' that looks like an absolute URI, target file types: TypeScript, Declaration.
'baseUrl' option is set to '/Users/marcela-dev/Projects/motherboard-systems-hq-clean', using this value to resolve non-relative module name 'node:stream'.
Resolving module name 'node:stream' relative to base url '/Users/marcela-dev/Projects/motherboard-systems-hq-clean' - '/Users/marcela-dev/Projects/motherboard-systems-hq-clean/node:stream'.
Loading module as file / folder, candidate module location '/Users/marcela-dev/Projects/motherboard-systems-hq-clean/node:stream', target file types: JavaScript, JSON.
File '/Users/marcela-dev/Projects/motherboard-systems-hq-clean/node:stream.js' does not exist.
File '/Users/marcela-dev/Projects/motherboard-systems-hq-clean/node:stream.jsx' does not exist.
Directory '/Users/marcela-dev/Projects/motherboard-systems-hq-clean/node:stream' does not exist, skipping all lookups in it.
Skipping module 'node:stream' that looks like an absolute URI, target file types: JavaScript, JSON.
======== Module name 'node:stream' was not resolved. ========
======== Resolving module 'node:url' from '/Users/marcela-dev/Projects/motherboard-systems-hq-clean/node_modules/@types/node/child_process.d.ts'. ========
Explicitly specified module resolution kind: 'Node10'.
'baseUrl' option is set to '/Users/marcela-dev/Projects/motherboard-systems-hq-clean', using this value to resolve non-relative module name 'node:url'.
Resolving module name 'node:url' relative to base url '/Users/marcela-dev/Projects/motherboard-systems-hq-clean' - '/Users/marcela-dev/Projects/motherboard-systems-hq-clean/node:url'.
Loading module as file / folder, candidate module location '/Users/marcela-dev/Projects/motherboard-systems-hq-clean/node:url', target file types: TypeScript, Declaration.
File '/Users/marcela-dev/Projects/motherboard-systems-hq-clean/node:url.ts' does not exist.
File '/Users/marcela-dev/Projects/motherboard-systems-hq-clean/node:url.tsx' does not exist.
File '/Users/marcela-dev/Projects/motherboard-systems-hq-clean/node:url.d.ts' does not exist.
Directory '/Users/marcela-dev/Projects/motherboard-systems-hq-clean/node:url' does not exist, skipping all lookups in it.
Skipping module 'node:url' that looks like an absolute URI, target file types: TypeScript, Declaration.
'baseUrl' option is set to '/Users/marcela-dev/Projects/motherboard-systems-hq-clean', using this value to resolve non-relative module name 'node:url'.
Resolving module name 'node:url' relative to base url '/Users/marcela-dev/Projects/motherboard-systems-hq-clean' - '/Users/marcela-dev/Projects/motherboard-systems-hq-clean/node:url'.
Loading module as file / folder, candidate module location '/Users/marcela-dev/Projects/motherboard-systems-hq-clean/node:url', target file types: JavaScript, JSON.
File '/Users/marcela-dev/Projects/motherboard-systems-hq-clean/node:url.js' does not exist.
File '/Users/marcela-dev/Projects/motherboard-systems-hq-clean/node:url.jsx' does not exist.
Directory '/Users/marcela-dev/Projects/motherboard-systems-hq-clean/node:url' does not exist, skipping all lookups in it.
Skipping module 'node:url' that looks like an absolute URI, target file types: JavaScript, JSON.
======== Module name 'node:url' was not resolved. ========
File '/Users/marcela-dev/Projects/motherboard-systems-hq-clean/node_modules/@types/node/package.json' exists according to earlier cached lookups.
Module 'cluster' was resolved as locally declared ambient module in file '/Users/marcela-dev/Projects/motherboard-systems-hq-clean/node_modules/@types/node/cluster.d.ts'.
Module 'cluster' was resolved as locally declared ambient module in file '/Users/marcela-dev/Projects/motherboard-systems-hq-clean/node_modules/@types/node/cluster.d.ts'.
======== Resolving module 'node:child_process' from '/Users/marcela-dev/Projects/motherboard-systems-hq-clean/node_modules/@types/node/cluster.d.ts'. ========
Explicitly specified module resolution kind: 'Node10'.
'baseUrl' option is set to '/Users/marcela-dev/Projects/motherboard-systems-hq-clean', using this value to resolve non-relative module name 'node:child_process'.
Resolving module name 'node:child_process' relative to base url '/Users/marcela-dev/Projects/motherboard-systems-hq-clean' - '/Users/marcela-dev/Projects/motherboard-systems-hq-clean/node:child_process'.
Loading module as file / folder, candidate module location '/Users/marcela-dev/Projects/motherboard-systems-hq-clean/node:child_process', target file types: TypeScript, Declaration.
File '/Users/marcela-dev/Projects/motherboard-systems-hq-clean/node:child_process.ts' does not exist.
File '/Users/marcela-dev/Projects/motherboard-systems-hq-clean/node:child_process.tsx' does not exist.
File '/Users/marcela-dev/Projects/motherboard-systems-hq-clean/node:child_process.d.ts' does not exist.
Directory '/Users/marcela-dev/Projects/motherboard-systems-hq-clean/node:child_process' does not exist, skipping all lookups in it.
Skipping module 'node:child_process' that looks like an absolute URI, target file types: TypeScript, Declaration.
'baseUrl' option is set to '/Users/marcela-dev/Projects/motherboard-systems-hq-clean', using this value to resolve non-relative module name 'node:child_process'.
Resolving module name 'node:child_process' relative to base url '/Users/marcela-dev/Projects/motherboard-systems-hq-clean' - '/Users/marcela-dev/Projects/motherboard-systems-hq-clean/node:child_process'.
Loading module as file / folder, candidate module location '/Users/marcela-dev/Projects/motherboard-systems-hq-clean/node:child_process', target file types: JavaScript, JSON.
File '/Users/marcela-dev/Projects/motherboard-systems-hq-clean/node:child_process.js' does not exist.
File '/Users/marcela-dev/Projects/motherboard-systems-hq-clean/node:child_process.jsx' does not exist.
Directory '/Users/marcela-dev/Projects/motherboard-systems-hq-clean/node:child_process' does not exist, skipping all lookups in it.
Skipping module 'node:child_process' that looks like an absolute URI, target file types: JavaScript, JSON.
======== Module name 'node:child_process' was not resolved. ========
======== Resolving module 'node:events' from '/Users/marcela-dev/Projects/motherboard-systems-hq-clean/node_modules/@types/node/cluster.d.ts'. ========
Resolution for module 'node:events' was found in cache from location '/Users/marcela-dev/Projects/motherboard-systems-hq-clean/node_modules/@types/node'.
======== Module name 'node:events' was not resolved. ========
======== Resolving module 'node:net' from '/Users/marcela-dev/Projects/motherboard-systems-hq-clean/node_modules/@types/node/cluster.d.ts'. ========
Resolution for module 'node:net' was found in cache from location '/Users/marcela-dev/Projects/motherboard-systems-hq-clean/node_modules/@types/node'.
======== Module name 'node:net' was not resolved. ========
File '/Users/marcela-dev/Projects/motherboard-systems-hq-clean/node_modules/@types/node/package.json' exists according to earlier cached lookups.
Module 'node:console' was resolved as locally declared ambient module in file '/Users/marcela-dev/Projects/motherboard-systems-hq-clean/node_modules/@types/node/console.d.ts'.
======== Resolving module 'node:util' from '/Users/marcela-dev/Projects/motherboard-systems-hq-clean/node_modules/@types/node/console.d.ts'. ========
Explicitly specified module resolution kind: 'Node10'.
'baseUrl' option is set to '/Users/marcela-dev/Projects/motherboard-systems-hq-clean', using this value to resolve non-relative module name 'node:util'.
Resolving module name 'node:util' relative to base url '/Users/marcela-dev/Projects/motherboard-systems-hq-clean' - '/Users/marcela-dev/Projects/motherboard-systems-hq-clean/node:util'.
Loading module as file / folder, candidate module location '/Users/marcela-dev/Projects/motherboard-systems-hq-clean/node:util', target file types: TypeScript, Declaration.
File '/Users/marcela-dev/Projects/motherboard-systems-hq-clean/node:util.ts' does not exist.
File '/Users/marcela-dev/Projects/motherboard-systems-hq-clean/node:util.tsx' does not exist.
File '/Users/marcela-dev/Projects/motherboard-systems-hq-clean/node:util.d.ts' does not exist.
Directory '/Users/marcela-dev/Projects/motherboard-systems-hq-clean/node:util' does not exist, skipping all lookups in it.
Skipping module 'node:util' that looks like an absolute URI, target file types: TypeScript, Declaration.
'baseUrl' option is set to '/Users/marcela-dev/Projects/motherboard-systems-hq-clean', using this value to resolve non-relative module name 'node:util'.
Resolving module name 'node:util' relative to base url '/Users/marcela-dev/Projects/motherboard-systems-hq-clean' - '/Users/marcela-dev/Projects/motherboard-systems-hq-clean/node:util'.
Loading module as file / folder, candidate module location '/Users/marcela-dev/Projects/motherboard-systems-hq-clean/node:util', target file types: JavaScript, JSON.
File '/Users/marcela-dev/Projects/motherboard-systems-hq-clean/node:util.js' does not exist.
File '/Users/marcela-dev/Projects/motherboard-systems-hq-clean/node:util.jsx' does not exist.
Directory '/Users/marcela-dev/Projects/motherboard-systems-hq-clean/node:util' does not exist, skipping all lookups in it.
Skipping module 'node:util' that looks like an absolute URI, target file types: JavaScript, JSON.
======== Module name 'node:util' was not resolved. ========
File '/Users/marcela-dev/Projects/motherboard-systems-hq-clean/node_modules/@types/node/package.json' exists according to earlier cached lookups.
Module 'constants' was resolved as locally declared ambient module in file '/Users/marcela-dev/Projects/motherboard-systems-hq-clean/node_modules/@types/node/constants.d.ts'.
======== Resolving module 'node:os' from '/Users/marcela-dev/Projects/motherboard-systems-hq-clean/node_modules/@types/node/constants.d.ts'. ========
Explicitly specified module resolution kind: 'Node10'.
'baseUrl' option is set to '/Users/marcela-dev/Projects/motherboard-systems-hq-clean', using this value to resolve non-relative module name 'node:os'.
Resolving module name 'node:os' relative to base url '/Users/marcela-dev/Projects/motherboard-systems-hq-clean' - '/Users/marcela-dev/Projects/motherboard-systems-hq-clean/node:os'.
Loading module as file / folder, candidate module location '/Users/marcela-dev/Projects/motherboard-systems-hq-clean/node:os', target file types: TypeScript, Declaration.
File '/Users/marcela-dev/Projects/motherboard-systems-hq-clean/node:os.ts' does not exist.
File '/Users/marcela-dev/Projects/motherboard-systems-hq-clean/node:os.tsx' does not exist.
File '/Users/marcela-dev/Projects/motherboard-systems-hq-clean/node:os.d.ts' does not exist.
Directory '/Users/marcela-dev/Projects/motherboard-systems-hq-clean/node:os' does not exist, skipping all lookups in it.
Skipping module 'node:os' that looks like an absolute URI, target file types: TypeScript, Declaration.
'baseUrl' option is set to '/Users/marcela-dev/Projects/motherboard-systems-hq-clean', using this value to resolve non-relative module name 'node:os'.
Resolving module name 'node:os' relative to base url '/Users/marcela-dev/Projects/motherboard-systems-hq-clean' - '/Users/marcela-dev/Projects/motherboard-systems-hq-clean/node:os'.
Loading module as file / folder, candidate module location '/Users/marcela-dev/Projects/motherboard-systems-hq-clean/node:os', target file types: JavaScript, JSON.
File '/Users/marcela-dev/Projects/motherboard-systems-hq-clean/node:os.js' does not exist.
File '/Users/marcela-dev/Projects/motherboard-systems-hq-clean/node:os.jsx' does not exist.
Directory '/Users/marcela-dev/Projects/motherboard-systems-hq-clean/node:os' does not exist, skipping all lookups in it.
Skipping module 'node:os' that looks like an absolute URI, target file types: JavaScript, JSON.
======== Module name 'node:os' was not resolved. ========
======== Resolving module 'node:fs' from '/Users/marcela-dev/Projects/motherboard-systems-hq-clean/node_modules/@types/node/constants.d.ts'. ========
Explicitly specified module resolution kind: 'Node10'.
'baseUrl' option is set to '/Users/marcela-dev/Projects/motherboard-systems-hq-clean', using this value to resolve non-relative module name 'node:fs'.
Resolving module name 'node:fs' relative to base url '/Users/marcela-dev/Projects/motherboard-systems-hq-clean' - '/Users/marcela-dev/Projects/motherboard-systems-hq-clean/node:fs'.
Loading module as file / folder, candidate module location '/Users/marcela-dev/Projects/motherboard-systems-hq-clean/node:fs', target file types: TypeScript, Declaration.
File '/Users/marcela-dev/Projects/motherboard-systems-hq-clean/node:fs.ts' does not exist.
File '/Users/marcela-dev/Projects/motherboard-systems-hq-clean/node:fs.tsx' does not exist.
File '/Users/marcela-dev/Projects/motherboard-systems-hq-clean/node:fs.d.ts' does not exist.
Directory '/Users/marcela-dev/Projects/motherboard-systems-hq-clean/node:fs' does not exist, skipping all lookups in it.
Skipping module 'node:fs' that looks like an absolute URI, target file types: TypeScript, Declaration.
'baseUrl' option is set to '/Users/marcela-dev/Projects/motherboard-systems-hq-clean', using this value to resolve non-relative module name 'node:fs'.
Resolving module name 'node:fs' relative to base url '/Users/marcela-dev/Projects/motherboard-systems-hq-clean' - '/Users/marcela-dev/Projects/motherboard-systems-hq-clean/node:fs'.
Loading module as file / folder, candidate module location '/Users/marcela-dev/Projects/motherboard-systems-hq-clean/node:fs', target file types: JavaScript, JSON.
File '/Users/marcela-dev/Projects/motherboard-systems-hq-clean/node:fs.js' does not exist.
File '/Users/marcela-dev/Projects/motherboard-systems-hq-clean/node:fs.jsx' does not exist.
Directory '/Users/marcela-dev/Projects/motherboard-systems-hq-clean/node:fs' does not exist, skipping all lookups in it.
Skipping module 'node:fs' that looks like an absolute URI, target file types: JavaScript, JSON.
======== Module name 'node:fs' was not resolved. ========
======== Resolving module 'node:crypto' from '/Users/marcela-dev/Projects/motherboard-systems-hq-clean/node_modules/@types/node/constants.d.ts'. ========
Resolution for module 'node:crypto' was found in cache from location '/Users/marcela-dev/Projects/motherboard-systems-hq-clean/node_modules/@types/node'.
======== Module name 'node:crypto' was not resolved. ========
File '/Users/marcela-dev/Projects/motherboard-systems-hq-clean/node_modules/@types/node/package.json' exists according to earlier cached lookups.
Module 'crypto' was resolved as locally declared ambient module in file '/Users/marcela-dev/Projects/motherboard-systems-hq-clean/node_modules/@types/node/crypto.d.ts'.
======== Resolving module 'node:buffer' from '/Users/marcela-dev/Projects/motherboard-systems-hq-clean/node_modules/@types/node/crypto.d.ts'. ========
Resolution for module 'node:buffer' was found in cache from location '/Users/marcela-dev/Projects/motherboard-systems-hq-clean/node_modules/@types/node'.
======== Module name 'node:buffer' was not resolved. ========
======== Resolving module 'node:stream' from '/Users/marcela-dev/Projects/motherboard-systems-hq-clean/node_modules/@types/node/crypto.d.ts'. ========
Resolution for module 'node:stream' was found in cache from location '/Users/marcela-dev/Projects/motherboard-systems-hq-clean/node_modules/@types/node'.
======== Module name 'node:stream' was not resolved. ========
======== Resolving module 'node:tls' from '/Users/marcela-dev/Projects/motherboard-systems-hq-clean/node_modules/@types/node/crypto.d.ts'. ========
Explicitly specified module resolution kind: 'Node10'.
'baseUrl' option is set to '/Users/marcela-dev/Projects/motherboard-systems-hq-clean', using this value to resolve non-relative module name 'node:tls'.
Resolving module name 'node:tls' relative to base url '/Users/marcela-dev/Projects/motherboard-systems-hq-clean' - '/Users/marcela-dev/Projects/motherboard-systems-hq-clean/node:tls'.
Loading module as file / folder, candidate module location '/Users/marcela-dev/Projects/motherboard-systems-hq-clean/node:tls', target file types: TypeScript, Declaration.
File '/Users/marcela-dev/Projects/motherboard-systems-hq-clean/node:tls.ts' does not exist.
File '/Users/marcela-dev/Projects/motherboard-systems-hq-clean/node:tls.tsx' does not exist.
File '/Users/marcela-dev/Projects/motherboard-systems-hq-clean/node:tls.d.ts' does not exist.
Directory '/Users/marcela-dev/Projects/motherboard-systems-hq-clean/node:tls' does not exist, skipping all lookups in it.
Skipping module 'node:tls' that looks like an absolute URI, target file types: TypeScript, Declaration.
'baseUrl' option is set to '/Users/marcela-dev/Projects/motherboard-systems-hq-clean', using this value to resolve non-relative module name 'node:tls'.
Resolving module name 'node:tls' relative to base url '/Users/marcela-dev/Projects/motherboard-systems-hq-clean' - '/Users/marcela-dev/Projects/motherboard-systems-hq-clean/node:tls'.
Loading module as file / folder, candidate module location '/Users/marcela-dev/Projects/motherboard-systems-hq-clean/node:tls', target file types: JavaScript, JSON.
File '/Users/marcela-dev/Projects/motherboard-systems-hq-clean/node:tls.js' does not exist.
File '/Users/marcela-dev/Projects/motherboard-systems-hq-clean/node:tls.jsx' does not exist.
Directory '/Users/marcela-dev/Projects/motherboard-systems-hq-clean/node:tls' does not exist, skipping all lookups in it.
Skipping module 'node:tls' that looks like an absolute URI, target file types: JavaScript, JSON.
======== Module name 'node:tls' was not resolved. ========
File '/Users/marcela-dev/Projects/motherboard-systems-hq-clean/node_modules/@types/node/package.json' exists according to earlier cached lookups.
Module 'dgram' was resolved as locally declared ambient module in file '/Users/marcela-dev/Projects/motherboard-systems-hq-clean/node_modules/@types/node/dgram.d.ts'.
======== Resolving module 'node:buffer' from '/Users/marcela-dev/Projects/motherboard-systems-hq-clean/node_modules/@types/node/dgram.d.ts'. ========
Resolution for module 'node:buffer' was found in cache from location '/Users/marcela-dev/Projects/motherboard-systems-hq-clean/node_modules/@types/node'.
======== Module name 'node:buffer' was not resolved. ========
======== Resolving module 'node:net' from '/Users/marcela-dev/Projects/motherboard-systems-hq-clean/node_modules/@types/node/dgram.d.ts'. ========
Resolution for module 'node:net' was found in cache from location '/Users/marcela-dev/Projects/motherboard-systems-hq-clean/node_modules/@types/node'.
======== Module name 'node:net' was not resolved. ========
======== Resolving module 'node:dns' from '/Users/marcela-dev/Projects/motherboard-systems-hq-clean/node_modules/@types/node/dgram.d.ts'. ========
Explicitly specified module resolution kind: 'Node10'.
'baseUrl' option is set to '/Users/marcela-dev/Projects/motherboard-systems-hq-clean', using this value to resolve non-relative module name 'node:dns'.
Resolving module name 'node:dns' relative to base url '/Users/marcela-dev/Projects/motherboard-systems-hq-clean' - '/Users/marcela-dev/Projects/motherboard-systems-hq-clean/node:dns'.
Loading module as file / folder, candidate module location '/Users/marcela-dev/Projects/motherboard-systems-hq-clean/node:dns', target file types: TypeScript, Declaration.
File '/Users/marcela-dev/Projects/motherboard-systems-hq-clean/node:dns.ts' does not exist.
File '/Users/marcela-dev/Projects/motherboard-systems-hq-clean/node:dns.tsx' does not exist.
File '/Users/marcela-dev/Projects/motherboard-systems-hq-clean/node:dns.d.ts' does not exist.
Directory '/Users/marcela-dev/Projects/motherboard-systems-hq-clean/node:dns' does not exist, skipping all lookups in it.
Skipping module 'node:dns' that looks like an absolute URI, target file types: TypeScript, Declaration.
'baseUrl' option is set to '/Users/marcela-dev/Projects/motherboard-systems-hq-clean', using this value to resolve non-relative module name 'node:dns'.
Resolving module name 'node:dns' relative to base url '/Users/marcela-dev/Projects/motherboard-systems-hq-clean' - '/Users/marcela-dev/Projects/motherboard-systems-hq-clean/node:dns'.
Loading module as file / folder, candidate module location '/Users/marcela-dev/Projects/motherboard-systems-hq-clean/node:dns', target file types: JavaScript, JSON.
File '/Users/marcela-dev/Projects/motherboard-systems-hq-clean/node:dns.js' does not exist.
File '/Users/marcela-dev/Projects/motherboard-systems-hq-clean/node:dns.jsx' does not exist.
Directory '/Users/marcela-dev/Projects/motherboard-systems-hq-clean/node:dns' does not exist, skipping all lookups in it.
Skipping module 'node:dns' that looks like an absolute URI, target file types: JavaScript, JSON.
======== Module name 'node:dns' was not resolved. ========
======== Resolving module 'node:events' from '/Users/marcela-dev/Projects/motherboard-systems-hq-clean/node_modules/@types/node/dgram.d.ts'. ========
Resolution for module 'node:events' was found in cache from location '/Users/marcela-dev/Projects/motherboard-systems-hq-clean/node_modules/@types/node'.
======== Module name 'node:events' was not resolved. ========
File '/Users/marcela-dev/Projects/motherboard-systems-hq-clean/node_modules/@types/node/package.json' exists according to earlier cached lookups.
Module 'diagnostics_channel' was resolved as locally declared ambient module in file '/Users/marcela-dev/Projects/motherboard-systems-hq-clean/node_modules/@types/node/diagnostics_channel.d.ts'.
======== Resolving module 'node:async_hooks' from '/Users/marcela-dev/Projects/motherboard-systems-hq-clean/node_modules/@types/node/diagnostics_channel.d.ts'. ========
Explicitly specified module resolution kind: 'Node10'.
'baseUrl' option is set to '/Users/marcela-dev/Projects/motherboard-systems-hq-clean', using this value to resolve non-relative module name 'node:async_hooks'.
Resolving module name 'node:async_hooks' relative to base url '/Users/marcela-dev/Projects/motherboard-systems-hq-clean' - '/Users/marcela-dev/Projects/motherboard-systems-hq-clean/node:async_hooks'.
Loading module as file / folder, candidate module location '/Users/marcela-dev/Projects/motherboard-systems-hq-clean/node:async_hooks', target file types: TypeScript, Declaration.
File '/Users/marcela-dev/Projects/motherboard-systems-hq-clean/node:async_hooks.ts' does not exist.
File '/Users/marcela-dev/Projects/motherboard-systems-hq-clean/node:async_hooks.tsx' does not exist.
File '/Users/marcela-dev/Projects/motherboard-systems-hq-clean/node:async_hooks.d.ts' does not exist.
Directory '/Users/marcela-dev/Projects/motherboard-systems-hq-clean/node:async_hooks' does not exist, skipping all lookups in it.
Skipping module 'node:async_hooks' that looks like an absolute URI, target file types: TypeScript, Declaration.
'baseUrl' option is set to '/Users/marcela-dev/Projects/motherboard-systems-hq-clean', using this value to resolve non-relative module name 'node:async_hooks'.
Resolving module name 'node:async_hooks' relative to base url '/Users/marcela-dev/Projects/motherboard-systems-hq-clean' - '/Users/marcela-dev/Projects/motherboard-systems-hq-clean/node:async_hooks'.
Loading module as file / folder, candidate module location '/Users/marcela-dev/Projects/motherboard-systems-hq-clean/node:async_hooks', target file types: JavaScript, JSON.
File '/Users/marcela-dev/Projects/motherboard-systems-hq-clean/node:async_hooks.js' does not exist.
File '/Users/marcela-dev/Projects/motherboard-systems-hq-clean/node:async_hooks.jsx' does not exist.
Directory '/Users/marcela-dev/Projects/motherboard-systems-hq-clean/node:async_hooks' does not exist, skipping all lookups in it.
Skipping module 'node:async_hooks' that looks like an absolute URI, target file types: JavaScript, JSON.
======== Module name 'node:async_hooks' was not resolved. ========
File '/Users/marcela-dev/Projects/motherboard-systems-hq-clean/node_modules/@types/node/package.json' exists according to earlier cached lookups.
Module 'dns' was resolved as locally declared ambient module in file '/Users/marcela-dev/Projects/motherboard-systems-hq-clean/node_modules/@types/node/dns.d.ts'.
======== Resolving module 'node:dns/promises' from '/Users/marcela-dev/Projects/motherboard-systems-hq-clean/node_modules/@types/node/dns.d.ts'. ========
Explicitly specified module resolution kind: 'Node10'.
'baseUrl' option is set to '/Users/marcela-dev/Projects/motherboard-systems-hq-clean', using this value to resolve non-relative module name 'node:dns/promises'.
Resolving module name 'node:dns/promises' relative to base url '/Users/marcela-dev/Projects/motherboard-systems-hq-clean' - '/Users/marcela-dev/Projects/motherboard-systems-hq-clean/node:dns/promises'.
Loading module as file / folder, candidate module location '/Users/marcela-dev/Projects/motherboard-systems-hq-clean/node:dns/promises', target file types: TypeScript, Declaration.
Skipping module 'node:dns/promises' that looks like an absolute URI, target file types: TypeScript, Declaration.
'baseUrl' option is set to '/Users/marcela-dev/Projects/motherboard-systems-hq-clean', using this value to resolve non-relative module name 'node:dns/promises'.
Resolving module name 'node:dns/promises' relative to base url '/Users/marcela-dev/Projects/motherboard-systems-hq-clean' - '/Users/marcela-dev/Projects/motherboard-systems-hq-clean/node:dns/promises'.
Loading module as file / folder, candidate module location '/Users/marcela-dev/Projects/motherboard-systems-hq-clean/node:dns/promises', target file types: JavaScript, JSON.
Skipping module 'node:dns/promises' that looks like an absolute URI, target file types: JavaScript, JSON.
======== Module name 'node:dns/promises' was not resolved. ========
File '/Users/marcela-dev/Projects/motherboard-systems-hq-clean/node_modules/@types/node/dns/package.json' does not exist.
File '/Users/marcela-dev/Projects/motherboard-systems-hq-clean/node_modules/@types/node/package.json' exists according to earlier cached lookups.
Module 'dns/promises' was resolved as locally declared ambient module in file '/Users/marcela-dev/Projects/motherboard-systems-hq-clean/node_modules/@types/node/dns/promises.d.ts'.
======== Resolving module 'node:dns' from '/Users/marcela-dev/Projects/motherboard-systems-hq-clean/node_modules/@types/node/dns/promises.d.ts'. ========
Explicitly specified module resolution kind: 'Node10'.
'baseUrl' option is set to '/Users/marcela-dev/Projects/motherboard-systems-hq-clean', using this value to resolve non-relative module name 'node:dns'.
Resolving module name 'node:dns' relative to base url '/Users/marcela-dev/Projects/motherboard-systems-hq-clean' - '/Users/marcela-dev/Projects/motherboard-systems-hq-clean/node:dns'.
Loading module as file / folder, candidate module location '/Users/marcela-dev/Projects/motherboard-systems-hq-clean/node:dns', target file types: TypeScript, Declaration.
File '/Users/marcela-dev/Projects/motherboard-systems-hq-clean/node:dns.ts' does not exist.
File '/Users/marcela-dev/Projects/motherboard-systems-hq-clean/node:dns.tsx' does not exist.
File '/Users/marcela-dev/Projects/motherboard-systems-hq-clean/node:dns.d.ts' does not exist.
Directory '/Users/marcela-dev/Projects/motherboard-systems-hq-clean/node:dns' does not exist, skipping all lookups in it.
Skipping module 'node:dns' that looks like an absolute URI, target file types: TypeScript, Declaration.
'baseUrl' option is set to '/Users/marcela-dev/Projects/motherboard-systems-hq-clean', using this value to resolve non-relative module name 'node:dns'.
Resolving module name 'node:dns' relative to base url '/Users/marcela-dev/Projects/motherboard-systems-hq-clean' - '/Users/marcela-dev/Projects/motherboard-systems-hq-clean/node:dns'.
Loading module as file / folder, candidate module location '/Users/marcela-dev/Projects/motherboard-systems-hq-clean/node:dns', target file types: JavaScript, JSON.
File '/Users/marcela-dev/Projects/motherboard-systems-hq-clean/node:dns.js' does not exist.
File '/Users/marcela-dev/Projects/motherboard-systems-hq-clean/node:dns.jsx' does not exist.
Directory '/Users/marcela-dev/Projects/motherboard-systems-hq-clean/node:dns' does not exist, skipping all lookups in it.
Skipping module 'node:dns' that looks like an absolute URI, target file types: JavaScript, JSON.
======== Module name 'node:dns' was not resolved. ========
File '/Users/marcela-dev/Projects/motherboard-systems-hq-clean/node_modules/@types/node/package.json' exists according to earlier cached lookups.
Module 'domain' was resolved as locally declared ambient module in file '/Users/marcela-dev/Projects/motherboard-systems-hq-clean/node_modules/@types/node/domain.d.ts'.
======== Resolving module 'node:events' from '/Users/marcela-dev/Projects/motherboard-systems-hq-clean/node_modules/@types/node/domain.d.ts'. ========
Resolution for module 'node:events' was found in cache from location '/Users/marcela-dev/Projects/motherboard-systems-hq-clean/node_modules/@types/node'.
======== Module name 'node:events' was not resolved. ========
File '/Users/marcela-dev/Projects/motherboard-systems-hq-clean/node_modules/@types/node/package.json' exists according to earlier cached lookups.
Module 'node:events' was resolved as locally declared ambient module in file '/Users/marcela-dev/Projects/motherboard-systems-hq-clean/node_modules/@types/node/events.d.ts'.
Module 'events' was resolved as locally declared ambient module in file '/Users/marcela-dev/Projects/motherboard-systems-hq-clean/node_modules/@types/node/events.d.ts'.
======== Resolving module 'node:async_hooks' from '/Users/marcela-dev/Projects/motherboard-systems-hq-clean/node_modules/@types/node/events.d.ts'. ========
Resolution for module 'node:async_hooks' was found in cache from location '/Users/marcela-dev/Projects/motherboard-systems-hq-clean/node_modules/@types/node'.
======== Module name 'node:async_hooks' was not resolved. ========
File '/Users/marcela-dev/Projects/motherboard-systems-hq-clean/node_modules/@types/node/package.json' exists according to earlier cached lookups.
Module 'fs' was resolved as locally declared ambient module in file '/Users/marcela-dev/Projects/motherboard-systems-hq-clean/node_modules/@types/node/fs.d.ts'.
======== Resolving module 'node:buffer' from '/Users/marcela-dev/Projects/motherboard-systems-hq-clean/node_modules/@types/node/fs.d.ts'. ========
Resolution for module 'node:buffer' was found in cache from location '/Users/marcela-dev/Projects/motherboard-systems-hq-clean/node_modules/@types/node'.
======== Module name 'node:buffer' was not resolved. ========
======== Resolving module 'node:stream' from '/Users/marcela-dev/Projects/motherboard-systems-hq-clean/node_modules/@types/node/fs.d.ts'. ========
Resolution for module 'node:stream' was found in cache from location '/Users/marcela-dev/Projects/motherboard-systems-hq-clean/node_modules/@types/node'.
======== Module name 'node:stream' was not resolved. ========
======== Resolving module 'node:events' from '/Users/marcela-dev/Projects/motherboard-systems-hq-clean/node_modules/@types/node/fs.d.ts'. ========
Resolution for module 'node:events' was found in cache from location '/Users/marcela-dev/Projects/motherboard-systems-hq-clean/node_modules/@types/node'.
======== Module name 'node:events' was not resolved. ========
======== Resolving module 'node:url' from '/Users/marcela-dev/Projects/motherboard-systems-hq-clean/node_modules/@types/node/fs.d.ts'. ========
Resolution for module 'node:url' was found in cache from location '/Users/marcela-dev/Projects/motherboard-systems-hq-clean/node_modules/@types/node'.
======== Module name 'node:url' was not resolved. ========
======== Resolving module 'node:fs/promises' from '/Users/marcela-dev/Projects/motherboard-systems-hq-clean/node_modules/@types/node/fs.d.ts'. ========
Explicitly specified module resolution kind: 'Node10'.
'baseUrl' option is set to '/Users/marcela-dev/Projects/motherboard-systems-hq-clean', using this value to resolve non-relative module name 'node:fs/promises'.
Resolving module name 'node:fs/promises' relative to base url '/Users/marcela-dev/Projects/motherboard-systems-hq-clean' - '/Users/marcela-dev/Projects/motherboard-systems-hq-clean/node:fs/promises'.
Loading module as file / folder, candidate module location '/Users/marcela-dev/Projects/motherboard-systems-hq-clean/node:fs/promises', target file types: TypeScript, Declaration.
Skipping module 'node:fs/promises' that looks like an absolute URI, target file types: TypeScript, Declaration.
'baseUrl' option is set to '/Users/marcela-dev/Projects/motherboard-systems-hq-clean', using this value to resolve non-relative module name 'node:fs/promises'.
Resolving module name 'node:fs/promises' relative to base url '/Users/marcela-dev/Projects/motherboard-systems-hq-clean' - '/Users/marcela-dev/Projects/motherboard-systems-hq-clean/node:fs/promises'.
Loading module as file / folder, candidate module location '/Users/marcela-dev/Projects/motherboard-systems-hq-clean/node:fs/promises', target file types: JavaScript, JSON.
Skipping module 'node:fs/promises' that looks like an absolute URI, target file types: JavaScript, JSON.
======== Module name 'node:fs/promises' was not resolved. ========
File '/Users/marcela-dev/Projects/motherboard-systems-hq-clean/node_modules/@types/node/fs/package.json' does not exist.
File '/Users/marcela-dev/Projects/motherboard-systems-hq-clean/node_modules/@types/node/package.json' exists according to earlier cached lookups.
Module 'fs/promises' was resolved as locally declared ambient module in file '/Users/marcela-dev/Projects/motherboard-systems-hq-clean/node_modules/@types/node/fs/promises.d.ts'.
======== Resolving module 'node:buffer' from '/Users/marcela-dev/Projects/motherboard-systems-hq-clean/node_modules/@types/node/fs/promises.d.ts'. ========
Explicitly specified module resolution kind: 'Node10'.
'baseUrl' option is set to '/Users/marcela-dev/Projects/motherboard-systems-hq-clean', using this value to resolve non-relative module name 'node:buffer'.
Resolving module name 'node:buffer' relative to base url '/Users/marcela-dev/Projects/motherboard-systems-hq-clean' - '/Users/marcela-dev/Projects/motherboard-systems-hq-clean/node:buffer'.
Loading module as file / folder, candidate module location '/Users/marcela-dev/Projects/motherboard-systems-hq-clean/node:buffer', target file types: TypeScript, Declaration.
File '/Users/marcela-dev/Projects/motherboard-systems-hq-clean/node:buffer.ts' does not exist.
File '/Users/marcela-dev/Projects/motherboard-systems-hq-clean/node:buffer.tsx' does not exist.
File '/Users/marcela-dev/Projects/motherboard-systems-hq-clean/node:buffer.d.ts' does not exist.
Directory '/Users/marcela-dev/Projects/motherboard-systems-hq-clean/node:buffer' does not exist, skipping all lookups in it.
Skipping module 'node:buffer' that looks like an absolute URI, target file types: TypeScript, Declaration.
'baseUrl' option is set to '/Users/marcela-dev/Projects/motherboard-systems-hq-clean', using this value to resolve non-relative module name 'node:buffer'.
Resolving module name 'node:buffer' relative to base url '/Users/marcela-dev/Projects/motherboard-systems-hq-clean' - '/Users/marcela-dev/Projects/motherboard-systems-hq-clean/node:buffer'.
Loading module as file / folder, candidate module location '/Users/marcela-dev/Projects/motherboard-systems-hq-clean/node:buffer', target file types: JavaScript, JSON.
File '/Users/marcela-dev/Projects/motherboard-systems-hq-clean/node:buffer.js' does not exist.
File '/Users/marcela-dev/Projects/motherboard-systems-hq-clean/node:buffer.jsx' does not exist.
Directory '/Users/marcela-dev/Projects/motherboard-systems-hq-clean/node:buffer' does not exist, skipping all lookups in it.
Skipping module 'node:buffer' that looks like an absolute URI, target file types: JavaScript, JSON.
======== Module name 'node:buffer' was not resolved. ========
======== Resolving module 'node:events' from '/Users/marcela-dev/Projects/motherboard-systems-hq-clean/node_modules/@types/node/fs/promises.d.ts'. ========
Explicitly specified module resolution kind: 'Node10'.
'baseUrl' option is set to '/Users/marcela-dev/Projects/motherboard-systems-hq-clean', using this value to resolve non-relative module name 'node:events'.
Resolving module name 'node:events' relative to base url '/Users/marcela-dev/Projects/motherboard-systems-hq-clean' - '/Users/marcela-dev/Projects/motherboard-systems-hq-clean/node:events'.
Loading module as file / folder, candidate module location '/Users/marcela-dev/Projects/motherboard-systems-hq-clean/node:events', target file types: TypeScript, Declaration.
File '/Users/marcela-dev/Projects/motherboard-systems-hq-clean/node:events.ts' does not exist.
File '/Users/marcela-dev/Projects/motherboard-systems-hq-clean/node:events.tsx' does not exist.
File '/Users/marcela-dev/Projects/motherboard-systems-hq-clean/node:events.d.ts' does not exist.
Directory '/Users/marcela-dev/Projects/motherboard-systems-hq-clean/node:events' does not exist, skipping all lookups in it.
Skipping module 'node:events' that looks like an absolute URI, target file types: TypeScript, Declaration.
'baseUrl' option is set to '/Users/marcela-dev/Projects/motherboard-systems-hq-clean', using this value to resolve non-relative module name 'node:events'.
Resolving module name 'node:events' relative to base url '/Users/marcela-dev/Projects/motherboard-systems-hq-clean' - '/Users/marcela-dev/Projects/motherboard-systems-hq-clean/node:events'.
Loading module as file / folder, candidate module location '/Users/marcela-dev/Projects/motherboard-systems-hq-clean/node:events', target file types: JavaScript, JSON.
File '/Users/marcela-dev/Projects/motherboard-systems-hq-clean/node:events.js' does not exist.
File '/Users/marcela-dev/Projects/motherboard-systems-hq-clean/node:events.jsx' does not exist.
Directory '/Users/marcela-dev/Projects/motherboard-systems-hq-clean/node:events' does not exist, skipping all lookups in it.
Skipping module 'node:events' that looks like an absolute URI, target file types: JavaScript, JSON.
======== Module name 'node:events' was not resolved. ========
======== Resolving module 'node:stream' from '/Users/marcela-dev/Projects/motherboard-systems-hq-clean/node_modules/@types/node/fs/promises.d.ts'. ========
Explicitly specified module resolution kind: 'Node10'.
'baseUrl' option is set to '/Users/marcela-dev/Projects/motherboard-systems-hq-clean', using this value to resolve non-relative module name 'node:stream'.
Resolving module name 'node:stream' relative to base url '/Users/marcela-dev/Projects/motherboard-systems-hq-clean' - '/Users/marcela-dev/Projects/motherboard-systems-hq-clean/node:stream'.
Loading module as file / folder, candidate module location '/Users/marcela-dev/Projects/motherboard-systems-hq-clean/node:stream', target file types: TypeScript, Declaration.
File '/Users/marcela-dev/Projects/motherboard-systems-hq-clean/node:stream.ts' does not exist.
File '/Users/marcela-dev/Projects/motherboard-systems-hq-clean/node:stream.tsx' does not exist.
File '/Users/marcela-dev/Projects/motherboard-systems-hq-clean/node:stream.d.ts' does not exist.
Directory '/Users/marcela-dev/Projects/motherboard-systems-hq-clean/node:stream' does not exist, skipping all lookups in it.
Skipping module 'node:stream' that looks like an absolute URI, target file types: TypeScript, Declaration.
'baseUrl' option is set to '/Users/marcela-dev/Projects/motherboard-systems-hq-clean', using this value to resolve non-relative module name 'node:stream'.
Resolving module name 'node:stream' relative to base url '/Users/marcela-dev/Projects/motherboard-systems-hq-clean' - '/Users/marcela-dev/Projects/motherboard-systems-hq-clean/node:stream'.
Loading module as file / folder, candidate module location '/Users/marcela-dev/Projects/motherboard-systems-hq-clean/node:stream', target file types: JavaScript, JSON.
File '/Users/marcela-dev/Projects/motherboard-systems-hq-clean/node:stream.js' does not exist.
File '/Users/marcela-dev/Projects/motherboard-systems-hq-clean/node:stream.jsx' does not exist.
Directory '/Users/marcela-dev/Projects/motherboard-systems-hq-clean/node:stream' does not exist, skipping all lookups in it.
Skipping module 'node:stream' that looks like an absolute URI, target file types: JavaScript, JSON.
======== Module name 'node:stream' was not resolved. ========
======== Resolving module 'node:stream/web' from '/Users/marcela-dev/Projects/motherboard-systems-hq-clean/node_modules/@types/node/fs/promises.d.ts'. ========
Explicitly specified module resolution kind: 'Node10'.
'baseUrl' option is set to '/Users/marcela-dev/Projects/motherboard-systems-hq-clean', using this value to resolve non-relative module name 'node:stream/web'.
Resolving module name 'node:stream/web' relative to base url '/Users/marcela-dev/Projects/motherboard-systems-hq-clean' - '/Users/marcela-dev/Projects/motherboard-systems-hq-clean/node:stream/web'.
Loading module as file / folder, candidate module location '/Users/marcela-dev/Projects/motherboard-systems-hq-clean/node:stream/web', target file types: TypeScript, Declaration.
Skipping module 'node:stream/web' that looks like an absolute URI, target file types: TypeScript, Declaration.
'baseUrl' option is set to '/Users/marcela-dev/Projects/motherboard-systems-hq-clean', using this value to resolve non-relative module name 'node:stream/web'.
Resolving module name 'node:stream/web' relative to base url '/Users/marcela-dev/Projects/motherboard-systems-hq-clean' - '/Users/marcela-dev/Projects/motherboard-systems-hq-clean/node:stream/web'.
Loading module as file / folder, candidate module location '/Users/marcela-dev/Projects/motherboard-systems-hq-clean/node:stream/web', target file types: JavaScript, JSON.
Skipping module 'node:stream/web' that looks like an absolute URI, target file types: JavaScript, JSON.
======== Module name 'node:stream/web' was not resolved. ========
======== Resolving module 'node:fs' from '/Users/marcela-dev/Projects/motherboard-systems-hq-clean/node_modules/@types/node/fs/promises.d.ts'. ========
Explicitly specified module resolution kind: 'Node10'.
'baseUrl' option is set to '/Users/marcela-dev/Projects/motherboard-systems-hq-clean', using this value to resolve non-relative module name 'node:fs'.
Resolving module name 'node:fs' relative to base url '/Users/marcela-dev/Projects/motherboard-systems-hq-clean' - '/Users/marcela-dev/Projects/motherboard-systems-hq-clean/node:fs'.
Loading module as file / folder, candidate module location '/Users/marcela-dev/Projects/motherboard-systems-hq-clean/node:fs', target file types: TypeScript, Declaration.
File '/Users/marcela-dev/Projects/motherboard-systems-hq-clean/node:fs.ts' does not exist.
File '/Users/marcela-dev/Projects/motherboard-systems-hq-clean/node:fs.tsx' does not exist.
File '/Users/marcela-dev/Projects/motherboard-systems-hq-clean/node:fs.d.ts' does not exist.
Directory '/Users/marcela-dev/Projects/motherboard-systems-hq-clean/node:fs' does not exist, skipping all lookups in it.
Skipping module 'node:fs' that looks like an absolute URI, target file types: TypeScript, Declaration.
'baseUrl' option is set to '/Users/marcela-dev/Projects/motherboard-systems-hq-clean', using this value to resolve non-relative module name 'node:fs'.
Resolving module name 'node:fs' relative to base url '/Users/marcela-dev/Projects/motherboard-systems-hq-clean' - '/Users/marcela-dev/Projects/motherboard-systems-hq-clean/node:fs'.
Loading module as file / folder, candidate module location '/Users/marcela-dev/Projects/motherboard-systems-hq-clean/node:fs', target file types: JavaScript, JSON.
File '/Users/marcela-dev/Projects/motherboard-systems-hq-clean/node:fs.js' does not exist.
File '/Users/marcela-dev/Projects/motherboard-systems-hq-clean/node:fs.jsx' does not exist.
Directory '/Users/marcela-dev/Projects/motherboard-systems-hq-clean/node:fs' does not exist, skipping all lookups in it.
Skipping module 'node:fs' that looks like an absolute URI, target file types: JavaScript, JSON.
======== Module name 'node:fs' was not resolved. ========
======== Resolving module 'node:readline' from '/Users/marcela-dev/Projects/motherboard-systems-hq-clean/node_modules/@types/node/fs/promises.d.ts'. ========
Explicitly specified module resolution kind: 'Node10'.
'baseUrl' option is set to '/Users/marcela-dev/Projects/motherboard-systems-hq-clean', using this value to resolve non-relative module name 'node:readline'.
Resolving module name 'node:readline' relative to base url '/Users/marcela-dev/Projects/motherboard-systems-hq-clean' - '/Users/marcela-dev/Projects/motherboard-systems-hq-clean/node:readline'.
Loading module as file / folder, candidate module location '/Users/marcela-dev/Projects/motherboard-systems-hq-clean/node:readline', target file types: TypeScript, Declaration.
File '/Users/marcela-dev/Projects/motherboard-systems-hq-clean/node:readline.ts' does not exist.
File '/Users/marcela-dev/Projects/motherboard-systems-hq-clean/node:readline.tsx' does not exist.
File '/Users/marcela-dev/Projects/motherboard-systems-hq-clean/node:readline.d.ts' does not exist.
Directory '/Users/marcela-dev/Projects/motherboard-systems-hq-clean/node:readline' does not exist, skipping all lookups in it.
Skipping module 'node:readline' that looks like an absolute URI, target file types: TypeScript, Declaration.
'baseUrl' option is set to '/Users/marcela-dev/Projects/motherboard-systems-hq-clean', using this value to resolve non-relative module name 'node:readline'.
Resolving module name 'node:readline' relative to base url '/Users/marcela-dev/Projects/motherboard-systems-hq-clean' - '/Users/marcela-dev/Projects/motherboard-systems-hq-clean/node:readline'.
Loading module as file / folder, candidate module location '/Users/marcela-dev/Projects/motherboard-systems-hq-clean/node:readline', target file types: JavaScript, JSON.
File '/Users/marcela-dev/Projects/motherboard-systems-hq-clean/node:readline.js' does not exist.
File '/Users/marcela-dev/Projects/motherboard-systems-hq-clean/node:readline.jsx' does not exist.
Directory '/Users/marcela-dev/Projects/motherboard-systems-hq-clean/node:readline' does not exist, skipping all lookups in it.
Skipping module 'node:readline' that looks like an absolute URI, target file types: JavaScript, JSON.
======== Module name 'node:readline' was not resolved. ========
File '/Users/marcela-dev/Projects/motherboard-systems-hq-clean/node_modules/@types/node/package.json' exists according to earlier cached lookups.
Module 'http' was resolved as locally declared ambient module in file '/Users/marcela-dev/Projects/motherboard-systems-hq-clean/node_modules/@types/node/http.d.ts'.
======== Resolving module 'node:buffer' from '/Users/marcela-dev/Projects/motherboard-systems-hq-clean/node_modules/@types/node/http.d.ts'. ========
Resolution for module 'node:buffer' was found in cache from location '/Users/marcela-dev/Projects/motherboard-systems-hq-clean/node_modules/@types/node'.
======== Module name 'node:buffer' was not resolved. ========
======== Resolving module 'node:stream' from '/Users/marcela-dev/Projects/motherboard-systems-hq-clean/node_modules/@types/node/http.d.ts'. ========
Resolution for module 'node:stream' was found in cache from location '/Users/marcela-dev/Projects/motherboard-systems-hq-clean/node_modules/@types/node'.
======== Module name 'node:stream' was not resolved. ========
======== Resolving module 'node:url' from '/Users/marcela-dev/Projects/motherboard-systems-hq-clean/node_modules/@types/node/http.d.ts'. ========
Resolution for module 'node:url' was found in cache from location '/Users/marcela-dev/Projects/motherboard-systems-hq-clean/node_modules/@types/node'.
======== Module name 'node:url' was not resolved. ========
======== Resolving module 'node:dns' from '/Users/marcela-dev/Projects/motherboard-systems-hq-clean/node_modules/@types/node/http.d.ts'. ========
Resolution for module 'node:dns' was found in cache from location '/Users/marcela-dev/Projects/motherboard-systems-hq-clean/node_modules/@types/node'.
======== Module name 'node:dns' was not resolved. ========
======== Resolving module 'node:events' from '/Users/marcela-dev/Projects/motherboard-systems-hq-clean/node_modules/@types/node/http.d.ts'. ========
Resolution for module 'node:events' was found in cache from location '/Users/marcela-dev/Projects/motherboard-systems-hq-clean/node_modules/@types/node'.
======== Module name 'node:events' was not resolved. ========
======== Resolving module 'node:net' from '/Users/marcela-dev/Projects/motherboard-systems-hq-clean/node_modules/@types/node/http.d.ts'. ========
Resolution for module 'node:net' was found in cache from location '/Users/marcela-dev/Projects/motherboard-systems-hq-clean/node_modules/@types/node'.
======== Module name 'node:net' was not resolved. ========
File '/Users/marcela-dev/Projects/motherboard-systems-hq-clean/node_modules/@types/node/package.json' exists according to earlier cached lookups.
Module 'http2' was resolved as locally declared ambient module in file '/Users/marcela-dev/Projects/motherboard-systems-hq-clean/node_modules/@types/node/http2.d.ts'.
======== Resolving module 'node:buffer' from '/Users/marcela-dev/Projects/motherboard-systems-hq-clean/node_modules/@types/node/http2.d.ts'. ========
Resolution for module 'node:buffer' was found in cache from location '/Users/marcela-dev/Projects/motherboard-systems-hq-clean/node_modules/@types/node'.
======== Module name 'node:buffer' was not resolved. ========
======== Resolving module 'node:events' from '/Users/marcela-dev/Projects/motherboard-systems-hq-clean/node_modules/@types/node/http2.d.ts'. ========
Resolution for module 'node:events' was found in cache from location '/Users/marcela-dev/Projects/motherboard-systems-hq-clean/node_modules/@types/node'.
======== Module name 'node:events' was not resolved. ========
======== Resolving module 'node:fs' from '/Users/marcela-dev/Projects/motherboard-systems-hq-clean/node_modules/@types/node/http2.d.ts'. ========
Resolution for module 'node:fs' was found in cache from location '/Users/marcela-dev/Projects/motherboard-systems-hq-clean/node_modules/@types/node'.
======== Module name 'node:fs' was not resolved. ========
======== Resolving module 'node:net' from '/Users/marcela-dev/Projects/motherboard-systems-hq-clean/node_modules/@types/node/http2.d.ts'. ========
Resolution for module 'node:net' was found in cache from location '/Users/marcela-dev/Projects/motherboard-systems-hq-clean/node_modules/@types/node'.
======== Module name 'node:net' was not resolved. ========
======== Resolving module 'node:stream' from '/Users/marcela-dev/Projects/motherboard-systems-hq-clean/node_modules/@types/node/http2.d.ts'. ========
Resolution for module 'node:stream' was found in cache from location '/Users/marcela-dev/Projects/motherboard-systems-hq-clean/node_modules/@types/node'.
======== Module name 'node:stream' was not resolved. ========
======== Resolving module 'node:tls' from '/Users/marcela-dev/Projects/motherboard-systems-hq-clean/node_modules/@types/node/http2.d.ts'. ========
Resolution for module 'node:tls' was found in cache from location '/Users/marcela-dev/Projects/motherboard-systems-hq-clean/node_modules/@types/node'.
======== Module name 'node:tls' was not resolved. ========
======== Resolving module 'node:url' from '/Users/marcela-dev/Projects/motherboard-systems-hq-clean/node_modules/@types/node/http2.d.ts'. ========
Resolution for module 'node:url' was found in cache from location '/Users/marcela-dev/Projects/motherboard-systems-hq-clean/node_modules/@types/node'.
======== Module name 'node:url' was not resolved. ========
======== Resolving module 'node:http' from '/Users/marcela-dev/Projects/motherboard-systems-hq-clean/node_modules/@types/node/http2.d.ts'. ========
Explicitly specified module resolution kind: 'Node10'.
'baseUrl' option is set to '/Users/marcela-dev/Projects/motherboard-systems-hq-clean', using this value to resolve non-relative module name 'node:http'.
Resolving module name 'node:http' relative to base url '/Users/marcela-dev/Projects/motherboard-systems-hq-clean' - '/Users/marcela-dev/Projects/motherboard-systems-hq-clean/node:http'.
Loading module as file / folder, candidate module location '/Users/marcela-dev/Projects/motherboard-systems-hq-clean/node:http', target file types: TypeScript, Declaration.
File '/Users/marcela-dev/Projects/motherboard-systems-hq-clean/node:http.ts' does not exist.
File '/Users/marcela-dev/Projects/motherboard-systems-hq-clean/node:http.tsx' does not exist.
File '/Users/marcela-dev/Projects/motherboard-systems-hq-clean/node:http.d.ts' does not exist.
Directory '/Users/marcela-dev/Projects/motherboard-systems-hq-clean/node:http' does not exist, skipping all lookups in it.
Skipping module 'node:http' that looks like an absolute URI, target file types: TypeScript, Declaration.
'baseUrl' option is set to '/Users/marcela-dev/Projects/motherboard-systems-hq-clean', using this value to resolve non-relative module name 'node:http'.
Resolving module name 'node:http' relative to base url '/Users/marcela-dev/Projects/motherboard-systems-hq-clean' - '/Users/marcela-dev/Projects/motherboard-systems-hq-clean/node:http'.
Loading module as file / folder, candidate module location '/Users/marcela-dev/Projects/motherboard-systems-hq-clean/node:http', target file types: JavaScript, JSON.
File '/Users/marcela-dev/Projects/motherboard-systems-hq-clean/node:http.js' does not exist.
File '/Users/marcela-dev/Projects/motherboard-systems-hq-clean/node:http.jsx' does not exist.
Directory '/Users/marcela-dev/Projects/motherboard-systems-hq-clean/node:http' does not exist, skipping all lookups in it.
Skipping module 'node:http' that looks like an absolute URI, target file types: JavaScript, JSON.
======== Module name 'node:http' was not resolved. ========
File '/Users/marcela-dev/Projects/motherboard-systems-hq-clean/node_modules/@types/node/package.json' exists according to earlier cached lookups.
Module 'https' was resolved as locally declared ambient module in file '/Users/marcela-dev/Projects/motherboard-systems-hq-clean/node_modules/@types/node/https.d.ts'.
======== Resolving module 'node:buffer' from '/Users/marcela-dev/Projects/motherboard-systems-hq-clean/node_modules/@types/node/https.d.ts'. ========
Resolution for module 'node:buffer' was found in cache from location '/Users/marcela-dev/Projects/motherboard-systems-hq-clean/node_modules/@types/node'.
======== Module name 'node:buffer' was not resolved. ========
======== Resolving module 'node:stream' from '/Users/marcela-dev/Projects/motherboard-systems-hq-clean/node_modules/@types/node/https.d.ts'. ========
Resolution for module 'node:stream' was found in cache from location '/Users/marcela-dev/Projects/motherboard-systems-hq-clean/node_modules/@types/node'.
======== Module name 'node:stream' was not resolved. ========
======== Resolving module 'node:tls' from '/Users/marcela-dev/Projects/motherboard-systems-hq-clean/node_modules/@types/node/https.d.ts'. ========
Resolution for module 'node:tls' was found in cache from location '/Users/marcela-dev/Projects/motherboard-systems-hq-clean/node_modules/@types/node'.
======== Module name 'node:tls' was not resolved. ========
======== Resolving module 'node:http' from '/Users/marcela-dev/Projects/motherboard-systems-hq-clean/node_modules/@types/node/https.d.ts'. ========
Resolution for module 'node:http' was found in cache from location '/Users/marcela-dev/Projects/motherboard-systems-hq-clean/node_modules/@types/node'.
======== Module name 'node:http' was not resolved. ========
======== Resolving module 'node:url' from '/Users/marcela-dev/Projects/motherboard-systems-hq-clean/node_modules/@types/node/https.d.ts'. ========
Resolution for module 'node:url' was found in cache from location '/Users/marcela-dev/Projects/motherboard-systems-hq-clean/node_modules/@types/node'.
======== Module name 'node:url' was not resolved. ========
File '/Users/marcela-dev/Projects/motherboard-systems-hq-clean/node_modules/@types/node/package.json' exists according to earlier cached lookups.
Module 'inspector' was resolved as locally declared ambient module in file '/Users/marcela-dev/Projects/motherboard-systems-hq-clean/node_modules/@types/node/inspector.generated.d.ts'.
Module 'inspector' was resolved as locally declared ambient module in file '/Users/marcela-dev/Projects/motherboard-systems-hq-clean/node_modules/@types/node/inspector.generated.d.ts'.
Module 'inspector/promises' was resolved as locally declared ambient module in file '/Users/marcela-dev/Projects/motherboard-systems-hq-clean/node_modules/@types/node/inspector.generated.d.ts'.
======== Resolving module 'node:events' from '/Users/marcela-dev/Projects/motherboard-systems-hq-clean/node_modules/@types/node/inspector.generated.d.ts'. ========
Resolution for module 'node:events' was found in cache from location '/Users/marcela-dev/Projects/motherboard-systems-hq-clean/node_modules/@types/node'.
======== Module name 'node:events' was not resolved. ========
File '/Users/marcela-dev/Projects/motherboard-systems-hq-clean/node_modules/@types/node/package.json' exists according to earlier cached lookups.
Module 'module' was resolved as locally declared ambient module in file '/Users/marcela-dev/Projects/motherboard-systems-hq-clean/node_modules/@types/node/module.d.ts'.
======== Resolving module 'node:url' from '/Users/marcela-dev/Projects/motherboard-systems-hq-clean/node_modules/@types/node/module.d.ts'. ========
Resolution for module 'node:url' was found in cache from location '/Users/marcela-dev/Projects/motherboard-systems-hq-clean/node_modules/@types/node'.
======== Module name 'node:url' was not resolved. ========
======== Resolving module 'node:worker_threads' from '/Users/marcela-dev/Projects/motherboard-systems-hq-clean/node_modules/@types/node/module.d.ts'. ========
Explicitly specified module resolution kind: 'Node10'.
'baseUrl' option is set to '/Users/marcela-dev/Projects/motherboard-systems-hq-clean', using this value to resolve non-relative module name 'node:worker_threads'.
Resolving module name 'node:worker_threads' relative to base url '/Users/marcela-dev/Projects/motherboard-systems-hq-clean' - '/Users/marcela-dev/Projects/motherboard-systems-hq-clean/node:worker_threads'.
Loading module as file / folder, candidate module location '/Users/marcela-dev/Projects/motherboard-systems-hq-clean/node:worker_threads', target file types: TypeScript, Declaration.
File '/Users/marcela-dev/Projects/motherboard-systems-hq-clean/node:worker_threads.ts' does not exist.
File '/Users/marcela-dev/Projects/motherboard-systems-hq-clean/node:worker_threads.tsx' does not exist.
File '/Users/marcela-dev/Projects/motherboard-systems-hq-clean/node:worker_threads.d.ts' does not exist.
Directory '/Users/marcela-dev/Projects/motherboard-systems-hq-clean/node:worker_threads' does not exist, skipping all lookups in it.
Skipping module 'node:worker_threads' that looks like an absolute URI, target file types: TypeScript, Declaration.
'baseUrl' option is set to '/Users/marcela-dev/Projects/motherboard-systems-hq-clean', using this value to resolve non-relative module name 'node:worker_threads'.
Resolving module name 'node:worker_threads' relative to base url '/Users/marcela-dev/Projects/motherboard-systems-hq-clean' - '/Users/marcela-dev/Projects/motherboard-systems-hq-clean/node:worker_threads'.
Loading module as file / folder, candidate module location '/Users/marcela-dev/Projects/motherboard-systems-hq-clean/node:worker_threads', target file types: JavaScript, JSON.
File '/Users/marcela-dev/Projects/motherboard-systems-hq-clean/node:worker_threads.js' does not exist.
File '/Users/marcela-dev/Projects/motherboard-systems-hq-clean/node:worker_threads.jsx' does not exist.
Directory '/Users/marcela-dev/Projects/motherboard-systems-hq-clean/node:worker_threads' does not exist, skipping all lookups in it.
Skipping module 'node:worker_threads' that looks like an absolute URI, target file types: JavaScript, JSON.
======== Module name 'node:worker_threads' was not resolved. ========
File '/Users/marcela-dev/Projects/motherboard-systems-hq-clean/node_modules/@types/node/package.json' exists according to earlier cached lookups.
Module 'net' was resolved as locally declared ambient module in file '/Users/marcela-dev/Projects/motherboard-systems-hq-clean/node_modules/@types/node/net.d.ts'.
======== Resolving module 'node:buffer' from '/Users/marcela-dev/Projects/motherboard-systems-hq-clean/node_modules/@types/node/net.d.ts'. ========
Resolution for module 'node:buffer' was found in cache from location '/Users/marcela-dev/Projects/motherboard-systems-hq-clean/node_modules/@types/node'.
======== Module name 'node:buffer' was not resolved. ========
======== Resolving module 'node:stream' from '/Users/marcela-dev/Projects/motherboard-systems-hq-clean/node_modules/@types/node/net.d.ts'. ========
Resolution for module 'node:stream' was found in cache from location '/Users/marcela-dev/Projects/motherboard-systems-hq-clean/node_modules/@types/node'.
======== Module name 'node:stream' was not resolved. ========
======== Resolving module 'node:events' from '/Users/marcela-dev/Projects/motherboard-systems-hq-clean/node_modules/@types/node/net.d.ts'. ========
Resolution for module 'node:events' was found in cache from location '/Users/marcela-dev/Projects/motherboard-systems-hq-clean/node_modules/@types/node'.
======== Module name 'node:events' was not resolved. ========
======== Resolving module 'node:dns' from '/Users/marcela-dev/Projects/motherboard-systems-hq-clean/node_modules/@types/node/net.d.ts'. ========
Resolution for module 'node:dns' was found in cache from location '/Users/marcela-dev/Projects/motherboard-systems-hq-clean/node_modules/@types/node'.
======== Module name 'node:dns' was not resolved. ========
File '/Users/marcela-dev/Projects/motherboard-systems-hq-clean/node_modules/@types/node/package.json' exists according to earlier cached lookups.
Module 'os' was resolved as locally declared ambient module in file '/Users/marcela-dev/Projects/motherboard-systems-hq-clean/node_modules/@types/node/os.d.ts'.
======== Resolving module 'buffer' from '/Users/marcela-dev/Projects/motherboard-systems-hq-clean/node_modules/@types/node/os.d.ts'. ========
Explicitly specified module resolution kind: 'Node10'.
'baseUrl' option is set to '/Users/marcela-dev/Projects/motherboard-systems-hq-clean', using this value to resolve non-relative module name 'buffer'.
Resolving module name 'buffer' relative to base url '/Users/marcela-dev/Projects/motherboard-systems-hq-clean' - '/Users/marcela-dev/Projects/motherboard-systems-hq-clean/buffer'.
Loading module as file / folder, candidate module location '/Users/marcela-dev/Projects/motherboard-systems-hq-clean/buffer', target file types: TypeScript, Declaration.
File '/Users/marcela-dev/Projects/motherboard-systems-hq-clean/buffer.ts' does not exist.
File '/Users/marcela-dev/Projects/motherboard-systems-hq-clean/buffer.tsx' does not exist.
File '/Users/marcela-dev/Projects/motherboard-systems-hq-clean/buffer.d.ts' does not exist.
Directory '/Users/marcela-dev/Projects/motherboard-systems-hq-clean/buffer' does not exist, skipping all lookups in it.
Loading module 'buffer' from 'node_modules' folder, target file types: TypeScript, Declaration.
Searching all ancestor node_modules directories for preferred extensions: TypeScript, Declaration.
Directory '/Users/marcela-dev/Projects/motherboard-systems-hq-clean/node_modules/@types/node/node_modules' does not exist, skipping all lookups in it.
Directory '/Users/marcela-dev/Projects/motherboard-systems-hq-clean/node_modules/@types/node_modules' does not exist, skipping all lookups in it.
File '/Users/marcela-dev/Projects/motherboard-systems-hq-clean/node_modules/buffer/package.json' exists according to earlier cached lookups.
File '/Users/marcela-dev/Projects/motherboard-systems-hq-clean/node_modules/buffer.ts' does not exist.
File '/Users/marcela-dev/Projects/motherboard-systems-hq-clean/node_modules/buffer.tsx' does not exist.
File '/Users/marcela-dev/Projects/motherboard-systems-hq-clean/node_modules/buffer.d.ts' does not exist.
'package.json' does not have a 'typings' field.
'package.json' has 'types' field 'index.d.ts' that references '/Users/marcela-dev/Projects/motherboard-systems-hq-clean/node_modules/buffer/index.d.ts'.
File '/Users/marcela-dev/Projects/motherboard-systems-hq-clean/node_modules/buffer/index.d.ts' exists - use it as a name resolution result.
Resolving real path for '/Users/marcela-dev/Projects/motherboard-systems-hq-clean/node_modules/buffer/index.d.ts', result '/Users/marcela-dev/Projects/motherboard-systems-hq-clean/node_modules/buffer/index.d.ts'.
======== Module name 'buffer' was successfully resolved to '/Users/marcela-dev/Projects/motherboard-systems-hq-clean/node_modules/buffer/index.d.ts' with Package ID 'buffer/index.d.ts@5.7.1'. ========
File '/Users/marcela-dev/Projects/motherboard-systems-hq-clean/node_modules/@types/node/package.json' exists according to earlier cached lookups.
Module 'path' was resolved as locally declared ambient module in file '/Users/marcela-dev/Projects/motherboard-systems-hq-clean/node_modules/@types/node/path.d.ts'.
Module 'path' was resolved as locally declared ambient module in file '/Users/marcela-dev/Projects/motherboard-systems-hq-clean/node_modules/@types/node/path.d.ts'.
Module 'path' was resolved as locally declared ambient module in file '/Users/marcela-dev/Projects/motherboard-systems-hq-clean/node_modules/@types/node/path.d.ts'.
Module 'path/posix' was resolved as locally declared ambient module in file '/Users/marcela-dev/Projects/motherboard-systems-hq-clean/node_modules/@types/node/path.d.ts'.
Module 'path/win32' was resolved as locally declared ambient module in file '/Users/marcela-dev/Projects/motherboard-systems-hq-clean/node_modules/@types/node/path.d.ts'.
File '/Users/marcela-dev/Projects/motherboard-systems-hq-clean/node_modules/@types/node/package.json' exists according to earlier cached lookups.
Module 'perf_hooks' was resolved as locally declared ambient module in file '/Users/marcela-dev/Projects/motherboard-systems-hq-clean/node_modules/@types/node/perf_hooks.d.ts'.
Module 'perf_hooks' was resolved as locally declared ambient module in file '/Users/marcela-dev/Projects/motherboard-systems-hq-clean/node_modules/@types/node/perf_hooks.d.ts'.
======== Resolving module 'node:async_hooks' from '/Users/marcela-dev/Projects/motherboard-systems-hq-clean/node_modules/@types/node/perf_hooks.d.ts'. ========
Resolution for module 'node:async_hooks' was found in cache from location '/Users/marcela-dev/Projects/motherboard-systems-hq-clean/node_modules/@types/node'.
======== Module name 'node:async_hooks' was not resolved. ========
File '/Users/marcela-dev/Projects/motherboard-systems-hq-clean/node_modules/@types/node/package.json' exists according to earlier cached lookups.
Module 'process' was resolved as locally declared ambient module in file '/Users/marcela-dev/Projects/motherboard-systems-hq-clean/node_modules/@types/node/process.d.ts'.
Module 'process' was resolved as locally declared ambient module in file '/Users/marcela-dev/Projects/motherboard-systems-hq-clean/node_modules/@types/node/process.d.ts'.
Module 'node:process' was resolved as locally declared ambient module in file '/Users/marcela-dev/Projects/motherboard-systems-hq-clean/node_modules/@types/node/process.d.ts'.
======== Resolving module 'node:child_process' from '/Users/marcela-dev/Projects/motherboard-systems-hq-clean/node_modules/@types/node/process.d.ts'. ========
Resolution for module 'node:child_process' was found in cache from location '/Users/marcela-dev/Projects/motherboard-systems-hq-clean/node_modules/@types/node'.
======== Module name 'node:child_process' was not resolved. ========
======== Resolving module 'node:fs' from '/Users/marcela-dev/Projects/motherboard-systems-hq-clean/node_modules/@types/node/process.d.ts'. ========
Resolution for module 'node:fs' was found in cache from location '/Users/marcela-dev/Projects/motherboard-systems-hq-clean/node_modules/@types/node'.
======== Module name 'node:fs' was not resolved. ========
======== Resolving module 'node:tty' from '/Users/marcela-dev/Projects/motherboard-systems-hq-clean/node_modules/@types/node/process.d.ts'. ========
Explicitly specified module resolution kind: 'Node10'.
'baseUrl' option is set to '/Users/marcela-dev/Projects/motherboard-systems-hq-clean', using this value to resolve non-relative module name 'node:tty'.
Resolving module name 'node:tty' relative to base url '/Users/marcela-dev/Projects/motherboard-systems-hq-clean' - '/Users/marcela-dev/Projects/motherboard-systems-hq-clean/node:tty'.
Loading module as file / folder, candidate module location '/Users/marcela-dev/Projects/motherboard-systems-hq-clean/node:tty', target file types: TypeScript, Declaration.
File '/Users/marcela-dev/Projects/motherboard-systems-hq-clean/node:tty.ts' does not exist.
File '/Users/marcela-dev/Projects/motherboard-systems-hq-clean/node:tty.tsx' does not exist.
File '/Users/marcela-dev/Projects/motherboard-systems-hq-clean/node:tty.d.ts' does not exist.
Directory '/Users/marcela-dev/Projects/motherboard-systems-hq-clean/node:tty' does not exist, skipping all lookups in it.
Skipping module 'node:tty' that looks like an absolute URI, target file types: TypeScript, Declaration.
'baseUrl' option is set to '/Users/marcela-dev/Projects/motherboard-systems-hq-clean', using this value to resolve non-relative module name 'node:tty'.
Resolving module name 'node:tty' relative to base url '/Users/marcela-dev/Projects/motherboard-systems-hq-clean' - '/Users/marcela-dev/Projects/motherboard-systems-hq-clean/node:tty'.
Loading module as file / folder, candidate module location '/Users/marcela-dev/Projects/motherboard-systems-hq-clean/node:tty', target file types: JavaScript, JSON.
File '/Users/marcela-dev/Projects/motherboard-systems-hq-clean/node:tty.js' does not exist.
File '/Users/marcela-dev/Projects/motherboard-systems-hq-clean/node:tty.jsx' does not exist.
Directory '/Users/marcela-dev/Projects/motherboard-systems-hq-clean/node:tty' does not exist, skipping all lookups in it.
Skipping module 'node:tty' that looks like an absolute URI, target file types: JavaScript, JSON.
======== Module name 'node:tty' was not resolved. ========
======== Resolving module 'node:worker_threads' from '/Users/marcela-dev/Projects/motherboard-systems-hq-clean/node_modules/@types/node/process.d.ts'. ========
Resolution for module 'node:worker_threads' was found in cache from location '/Users/marcela-dev/Projects/motherboard-systems-hq-clean/node_modules/@types/node'.
======== Module name 'node:worker_threads' was not resolved. ========
======== Resolving module 'assert' from '/Users/marcela-dev/Projects/motherboard-systems-hq-clean/node_modules/@types/node/process.d.ts'. ========
Explicitly specified module resolution kind: 'Node10'.
'baseUrl' option is set to '/Users/marcela-dev/Projects/motherboard-systems-hq-clean', using this value to resolve non-relative module name 'assert'.
Resolving module name 'assert' relative to base url '/Users/marcela-dev/Projects/motherboard-systems-hq-clean' - '/Users/marcela-dev/Projects/motherboard-systems-hq-clean/assert'.
Loading module as file / folder, candidate module location '/Users/marcela-dev/Projects/motherboard-systems-hq-clean/assert', target file types: TypeScript, Declaration.
File '/Users/marcela-dev/Projects/motherboard-systems-hq-clean/assert.ts' does not exist.
File '/Users/marcela-dev/Projects/motherboard-systems-hq-clean/assert.tsx' does not exist.
File '/Users/marcela-dev/Projects/motherboard-systems-hq-clean/assert.d.ts' does not exist.
Directory '/Users/marcela-dev/Projects/motherboard-systems-hq-clean/assert' does not exist, skipping all lookups in it.
Loading module 'assert' from 'node_modules' folder, target file types: TypeScript, Declaration.
Searching all ancestor node_modules directories for preferred extensions: TypeScript, Declaration.
Directory '/Users/marcela-dev/Projects/motherboard-systems-hq-clean/node_modules/@types/node/node_modules' does not exist, skipping all lookups in it.
Directory '/Users/marcela-dev/Projects/motherboard-systems-hq-clean/node_modules/@types/node_modules' does not exist, skipping all lookups in it.
File '/Users/marcela-dev/Projects/motherboard-systems-hq-clean/node_modules/assert.ts' does not exist.
File '/Users/marcela-dev/Projects/motherboard-systems-hq-clean/node_modules/assert.tsx' does not exist.
File '/Users/marcela-dev/Projects/motherboard-systems-hq-clean/node_modules/assert.d.ts' does not exist.
File '/Users/marcela-dev/Projects/motherboard-systems-hq-clean/node_modules/@types/assert.d.ts' does not exist.
Directory '/Users/marcela-dev/Projects/node_modules' does not exist, skipping all lookups in it.
File '/Users/marcela-dev/node_modules/assert.ts' does not exist.
File '/Users/marcela-dev/node_modules/assert.tsx' does not exist.
File '/Users/marcela-dev/node_modules/assert.d.ts' does not exist.
File '/Users/marcela-dev/node_modules/@types/assert.d.ts' does not exist.
Directory '/Users/node_modules' does not exist, skipping all lookups in it.
Directory '/node_modules' does not exist, skipping all lookups in it.
'baseUrl' option is set to '/Users/marcela-dev/Projects/motherboard-systems-hq-clean', using this value to resolve non-relative module name 'assert'.
Resolving module name 'assert' relative to base url '/Users/marcela-dev/Projects/motherboard-systems-hq-clean' - '/Users/marcela-dev/Projects/motherboard-systems-hq-clean/assert'.
Loading module as file / folder, candidate module location '/Users/marcela-dev/Projects/motherboard-systems-hq-clean/assert', target file types: JavaScript, JSON.
File '/Users/marcela-dev/Projects/motherboard-systems-hq-clean/assert.js' does not exist.
File '/Users/marcela-dev/Projects/motherboard-systems-hq-clean/assert.jsx' does not exist.
Directory '/Users/marcela-dev/Projects/motherboard-systems-hq-clean/assert' does not exist, skipping all lookups in it.
Loading module 'assert' from 'node_modules' folder, target file types: JavaScript, JSON.
Searching all ancestor node_modules directories for fallback extensions: JavaScript, JSON.
Directory '/Users/marcela-dev/Projects/motherboard-systems-hq-clean/node_modules/@types/node/node_modules' does not exist, skipping all lookups in it.
Directory '/Users/marcela-dev/Projects/motherboard-systems-hq-clean/node_modules/@types/node_modules' does not exist, skipping all lookups in it.
File '/Users/marcela-dev/Projects/motherboard-systems-hq-clean/node_modules/assert.js' does not exist.
File '/Users/marcela-dev/Projects/motherboard-systems-hq-clean/node_modules/assert.jsx' does not exist.
Directory '/Users/marcela-dev/Projects/node_modules' does not exist, skipping all lookups in it.
File '/Users/marcela-dev/node_modules/assert.js' does not exist.
File '/Users/marcela-dev/node_modules/assert.jsx' does not exist.
Directory '/Users/node_modules' does not exist, skipping all lookups in it.
Directory '/node_modules' does not exist, skipping all lookups in it.
======== Module name 'assert' was not resolved. ========
======== Resolving module 'node:assert' from '/Users/marcela-dev/Projects/motherboard-systems-hq-clean/node_modules/@types/node/process.d.ts'. ========
Explicitly specified module resolution kind: 'Node10'.
'baseUrl' option is set to '/Users/marcela-dev/Projects/motherboard-systems-hq-clean', using this value to resolve non-relative module name 'node:assert'.
Resolving module name 'node:assert' relative to base url '/Users/marcela-dev/Projects/motherboard-systems-hq-clean' - '/Users/marcela-dev/Projects/motherboard-systems-hq-clean/node:assert'.
Loading module as file / folder, candidate module location '/Users/marcela-dev/Projects/motherboard-systems-hq-clean/node:assert', target file types: TypeScript, Declaration.
File '/Users/marcela-dev/Projects/motherboard-systems-hq-clean/node:assert.ts' does not exist.
File '/Users/marcela-dev/Projects/motherboard-systems-hq-clean/node:assert.tsx' does not exist.
File '/Users/marcela-dev/Projects/motherboard-systems-hq-clean/node:assert.d.ts' does not exist.
Directory '/Users/marcela-dev/Projects/motherboard-systems-hq-clean/node:assert' does not exist, skipping all lookups in it.
Skipping module 'node:assert' that looks like an absolute URI, target file types: TypeScript, Declaration.
'baseUrl' option is set to '/Users/marcela-dev/Projects/motherboard-systems-hq-clean', using this value to resolve non-relative module name 'node:assert'.
Resolving module name 'node:assert' relative to base url '/Users/marcela-dev/Projects/motherboard-systems-hq-clean' - '/Users/marcela-dev/Projects/motherboard-systems-hq-clean/node:assert'.
Loading module as file / folder, candidate module location '/Users/marcela-dev/Projects/motherboard-systems-hq-clean/node:assert', target file types: JavaScript, JSON.
File '/Users/marcela-dev/Projects/motherboard-systems-hq-clean/node:assert.js' does not exist.
File '/Users/marcela-dev/Projects/motherboard-systems-hq-clean/node:assert.jsx' does not exist.
Directory '/Users/marcela-dev/Projects/motherboard-systems-hq-clean/node:assert' does not exist, skipping all lookups in it.
Skipping module 'node:assert' that looks like an absolute URI, target file types: JavaScript, JSON.
======== Module name 'node:assert' was not resolved. ========
======== Resolving module 'assert/strict' from '/Users/marcela-dev/Projects/motherboard-systems-hq-clean/node_modules/@types/node/process.d.ts'. ========
Explicitly specified module resolution kind: 'Node10'.
'baseUrl' option is set to '/Users/marcela-dev/Projects/motherboard-systems-hq-clean', using this value to resolve non-relative module name 'assert/strict'.
Resolving module name 'assert/strict' relative to base url '/Users/marcela-dev/Projects/motherboard-systems-hq-clean' - '/Users/marcela-dev/Projects/motherboard-systems-hq-clean/assert/strict'.
Loading module as file / folder, candidate module location '/Users/marcela-dev/Projects/motherboard-systems-hq-clean/assert/strict', target file types: TypeScript, Declaration.
Loading module 'assert/strict' from 'node_modules' folder, target file types: TypeScript, Declaration.
Searching all ancestor node_modules directories for preferred extensions: TypeScript, Declaration.
Directory '/Users/marcela-dev/Projects/motherboard-systems-hq-clean/node_modules/@types/node/node_modules' does not exist, skipping all lookups in it.
Directory '/Users/marcela-dev/Projects/motherboard-systems-hq-clean/node_modules/@types/node_modules' does not exist, skipping all lookups in it.
Directory '/Users/marcela-dev/Projects/node_modules' does not exist, skipping all lookups in it.
Directory '/Users/node_modules' does not exist, skipping all lookups in it.
Directory '/node_modules' does not exist, skipping all lookups in it.
'baseUrl' option is set to '/Users/marcela-dev/Projects/motherboard-systems-hq-clean', using this value to resolve non-relative module name 'assert/strict'.
Resolving module name 'assert/strict' relative to base url '/Users/marcela-dev/Projects/motherboard-systems-hq-clean' - '/Users/marcela-dev/Projects/motherboard-systems-hq-clean/assert/strict'.
Loading module as file / folder, candidate module location '/Users/marcela-dev/Projects/motherboard-systems-hq-clean/assert/strict', target file types: JavaScript, JSON.
Loading module 'assert/strict' from 'node_modules' folder, target file types: JavaScript, JSON.
Searching all ancestor node_modules directories for fallback extensions: JavaScript, JSON.
Directory '/Users/marcela-dev/Projects/motherboard-systems-hq-clean/node_modules/@types/node/node_modules' does not exist, skipping all lookups in it.
Directory '/Users/marcela-dev/Projects/motherboard-systems-hq-clean/node_modules/@types/node_modules' does not exist, skipping all lookups in it.
Directory '/Users/marcela-dev/Projects/node_modules' does not exist, skipping all lookups in it.
Directory '/Users/node_modules' does not exist, skipping all lookups in it.
Directory '/node_modules' does not exist, skipping all lookups in it.
======== Module name 'assert/strict' was not resolved. ========
======== Resolving module 'node:assert/strict' from '/Users/marcela-dev/Projects/motherboard-systems-hq-clean/node_modules/@types/node/process.d.ts'. ========
Explicitly specified module resolution kind: 'Node10'.
'baseUrl' option is set to '/Users/marcela-dev/Projects/motherboard-systems-hq-clean', using this value to resolve non-relative module name 'node:assert/strict'.
Resolving module name 'node:assert/strict' relative to base url '/Users/marcela-dev/Projects/motherboard-systems-hq-clean' - '/Users/marcela-dev/Projects/motherboard-systems-hq-clean/node:assert/strict'.
Loading module as file / folder, candidate module location '/Users/marcela-dev/Projects/motherboard-systems-hq-clean/node:assert/strict', target file types: TypeScript, Declaration.
Skipping module 'node:assert/strict' that looks like an absolute URI, target file types: TypeScript, Declaration.
'baseUrl' option is set to '/Users/marcela-dev/Projects/motherboard-systems-hq-clean', using this value to resolve non-relative module name 'node:assert/strict'.
Resolving module name 'node:assert/strict' relative to base url '/Users/marcela-dev/Projects/motherboard-systems-hq-clean' - '/Users/marcela-dev/Projects/motherboard-systems-hq-clean/node:assert/strict'.
Loading module as file / folder, candidate module location '/Users/marcela-dev/Projects/motherboard-systems-hq-clean/node:assert/strict', target file types: JavaScript, JSON.
Skipping module 'node:assert/strict' that looks like an absolute URI, target file types: JavaScript, JSON.
======== Module name 'node:assert/strict' was not resolved. ========
======== Resolving module 'async_hooks' from '/Users/marcela-dev/Projects/motherboard-systems-hq-clean/node_modules/@types/node/process.d.ts'. ========
Explicitly specified module resolution kind: 'Node10'.
'baseUrl' option is set to '/Users/marcela-dev/Projects/motherboard-systems-hq-clean', using this value to resolve non-relative module name 'async_hooks'.
Resolving module name 'async_hooks' relative to base url '/Users/marcela-dev/Projects/motherboard-systems-hq-clean' - '/Users/marcela-dev/Projects/motherboard-systems-hq-clean/async_hooks'.
Loading module as file / folder, candidate module location '/Users/marcela-dev/Projects/motherboard-systems-hq-clean/async_hooks', target file types: TypeScript, Declaration.
File '/Users/marcela-dev/Projects/motherboard-systems-hq-clean/async_hooks.ts' does not exist.
File '/Users/marcela-dev/Projects/motherboard-systems-hq-clean/async_hooks.tsx' does not exist.
File '/Users/marcela-dev/Projects/motherboard-systems-hq-clean/async_hooks.d.ts' does not exist.
Directory '/Users/marcela-dev/Projects/motherboard-systems-hq-clean/async_hooks' does not exist, skipping all lookups in it.
Loading module 'async_hooks' from 'node_modules' folder, target file types: TypeScript, Declaration.
Searching all ancestor node_modules directories for preferred extensions: TypeScript, Declaration.
Directory '/Users/marcela-dev/Projects/motherboard-systems-hq-clean/node_modules/@types/node/node_modules' does not exist, skipping all lookups in it.
Directory '/Users/marcela-dev/Projects/motherboard-systems-hq-clean/node_modules/@types/node_modules' does not exist, skipping all lookups in it.
File '/Users/marcela-dev/Projects/motherboard-systems-hq-clean/node_modules/async_hooks.ts' does not exist.
File '/Users/marcela-dev/Projects/motherboard-systems-hq-clean/node_modules/async_hooks.tsx' does not exist.
File '/Users/marcela-dev/Projects/motherboard-systems-hq-clean/node_modules/async_hooks.d.ts' does not exist.
File '/Users/marcela-dev/Projects/motherboard-systems-hq-clean/node_modules/@types/async_hooks.d.ts' does not exist.
Directory '/Users/marcela-dev/Projects/node_modules' does not exist, skipping all lookups in it.
File '/Users/marcela-dev/node_modules/async_hooks.ts' does not exist.
File '/Users/marcela-dev/node_modules/async_hooks.tsx' does not exist.
File '/Users/marcela-dev/node_modules/async_hooks.d.ts' does not exist.
File '/Users/marcela-dev/node_modules/@types/async_hooks.d.ts' does not exist.
Directory '/Users/node_modules' does not exist, skipping all lookups in it.
Directory '/node_modules' does not exist, skipping all lookups in it.
'baseUrl' option is set to '/Users/marcela-dev/Projects/motherboard-systems-hq-clean', using this value to resolve non-relative module name 'async_hooks'.
Resolving module name 'async_hooks' relative to base url '/Users/marcela-dev/Projects/motherboard-systems-hq-clean' - '/Users/marcela-dev/Projects/motherboard-systems-hq-clean/async_hooks'.
Loading module as file / folder, candidate module location '/Users/marcela-dev/Projects/motherboard-systems-hq-clean/async_hooks', target file types: JavaScript, JSON.
File '/Users/marcela-dev/Projects/motherboard-systems-hq-clean/async_hooks.js' does not exist.
File '/Users/marcela-dev/Projects/motherboard-systems-hq-clean/async_hooks.jsx' does not exist.
Directory '/Users/marcela-dev/Projects/motherboard-systems-hq-clean/async_hooks' does not exist, skipping all lookups in it.
Loading module 'async_hooks' from 'node_modules' folder, target file types: JavaScript, JSON.
Searching all ancestor node_modules directories for fallback extensions: JavaScript, JSON.
Directory '/Users/marcela-dev/Projects/motherboard-systems-hq-clean/node_modules/@types/node/node_modules' does not exist, skipping all lookups in it.
Directory '/Users/marcela-dev/Projects/motherboard-systems-hq-clean/node_modules/@types/node_modules' does not exist, skipping all lookups in it.
File '/Users/marcela-dev/Projects/motherboard-systems-hq-clean/node_modules/async_hooks.js' does not exist.
File '/Users/marcela-dev/Projects/motherboard-systems-hq-clean/node_modules/async_hooks.jsx' does not exist.
Directory '/Users/marcela-dev/Projects/node_modules' does not exist, skipping all lookups in it.
File '/Users/marcela-dev/node_modules/async_hooks.js' does not exist.
File '/Users/marcela-dev/node_modules/async_hooks.jsx' does not exist.
Directory '/Users/node_modules' does not exist, skipping all lookups in it.
Directory '/node_modules' does not exist, skipping all lookups in it.
======== Module name 'async_hooks' was not resolved. ========
======== Resolving module 'node:async_hooks' from '/Users/marcela-dev/Projects/motherboard-systems-hq-clean/node_modules/@types/node/process.d.ts'. ========
Resolution for module 'node:async_hooks' was found in cache from location '/Users/marcela-dev/Projects/motherboard-systems-hq-clean/node_modules/@types/node'.
======== Module name 'node:async_hooks' was not resolved. ========
======== Resolving module 'buffer' from '/Users/marcela-dev/Projects/motherboard-systems-hq-clean/node_modules/@types/node/process.d.ts'. ========
Resolution for module 'buffer' was found in cache from location '/Users/marcela-dev/Projects/motherboard-systems-hq-clean/node_modules/@types/node'.
======== Module name 'buffer' was successfully resolved to '/Users/marcela-dev/Projects/motherboard-systems-hq-clean/node_modules/buffer/index.d.ts' with Package ID 'buffer/index.d.ts@5.7.1'. ========
======== Resolving module 'node:buffer' from '/Users/marcela-dev/Projects/motherboard-systems-hq-clean/node_modules/@types/node/process.d.ts'. ========
Resolution for module 'node:buffer' was found in cache from location '/Users/marcela-dev/Projects/motherboard-systems-hq-clean/node_modules/@types/node'.
======== Module name 'node:buffer' was not resolved. ========
======== Resolving module 'child_process' from '/Users/marcela-dev/Projects/motherboard-systems-hq-clean/node_modules/@types/node/process.d.ts'. ========
Explicitly specified module resolution kind: 'Node10'.
'baseUrl' option is set to '/Users/marcela-dev/Projects/motherboard-systems-hq-clean', using this value to resolve non-relative module name 'child_process'.
Resolving module name 'child_process' relative to base url '/Users/marcela-dev/Projects/motherboard-systems-hq-clean' - '/Users/marcela-dev/Projects/motherboard-systems-hq-clean/child_process'.
Loading module as file / folder, candidate module location '/Users/marcela-dev/Projects/motherboard-systems-hq-clean/child_process', target file types: TypeScript, Declaration.
File '/Users/marcela-dev/Projects/motherboard-systems-hq-clean/child_process.ts' does not exist.
File '/Users/marcela-dev/Projects/motherboard-systems-hq-clean/child_process.tsx' does not exist.
File '/Users/marcela-dev/Projects/motherboard-systems-hq-clean/child_process.d.ts' does not exist.
Directory '/Users/marcela-dev/Projects/motherboard-systems-hq-clean/child_process' does not exist, skipping all lookups in it.
Loading module 'child_process' from 'node_modules' folder, target file types: TypeScript, Declaration.
Searching all ancestor node_modules directories for preferred extensions: TypeScript, Declaration.
Directory '/Users/marcela-dev/Projects/motherboard-systems-hq-clean/node_modules/@types/node/node_modules' does not exist, skipping all lookups in it.
Directory '/Users/marcela-dev/Projects/motherboard-systems-hq-clean/node_modules/@types/node_modules' does not exist, skipping all lookups in it.
File '/Users/marcela-dev/Projects/motherboard-systems-hq-clean/node_modules/child_process.ts' does not exist.
File '/Users/marcela-dev/Projects/motherboard-systems-hq-clean/node_modules/child_process.tsx' does not exist.
File '/Users/marcela-dev/Projects/motherboard-systems-hq-clean/node_modules/child_process.d.ts' does not exist.
File '/Users/marcela-dev/Projects/motherboard-systems-hq-clean/node_modules/@types/child_process.d.ts' does not exist.
Directory '/Users/marcela-dev/Projects/node_modules' does not exist, skipping all lookups in it.
File '/Users/marcela-dev/node_modules/child_process.ts' does not exist.
File '/Users/marcela-dev/node_modules/child_process.tsx' does not exist.
File '/Users/marcela-dev/node_modules/child_process.d.ts' does not exist.
File '/Users/marcela-dev/node_modules/@types/child_process.d.ts' does not exist.
Directory '/Users/node_modules' does not exist, skipping all lookups in it.
Directory '/node_modules' does not exist, skipping all lookups in it.
'baseUrl' option is set to '/Users/marcela-dev/Projects/motherboard-systems-hq-clean', using this value to resolve non-relative module name 'child_process'.
Resolving module name 'child_process' relative to base url '/Users/marcela-dev/Projects/motherboard-systems-hq-clean' - '/Users/marcela-dev/Projects/motherboard-systems-hq-clean/child_process'.
Loading module as file / folder, candidate module location '/Users/marcela-dev/Projects/motherboard-systems-hq-clean/child_process', target file types: JavaScript, JSON.
File '/Users/marcela-dev/Projects/motherboard-systems-hq-clean/child_process.js' does not exist.
File '/Users/marcela-dev/Projects/motherboard-systems-hq-clean/child_process.jsx' does not exist.
Directory '/Users/marcela-dev/Projects/motherboard-systems-hq-clean/child_process' does not exist, skipping all lookups in it.
Loading module 'child_process' from 'node_modules' folder, target file types: JavaScript, JSON.
Searching all ancestor node_modules directories for fallback extensions: JavaScript, JSON.
Directory '/Users/marcela-dev/Projects/motherboard-systems-hq-clean/node_modules/@types/node/node_modules' does not exist, skipping all lookups in it.
Directory '/Users/marcela-dev/Projects/motherboard-systems-hq-clean/node_modules/@types/node_modules' does not exist, skipping all lookups in it.
File '/Users/marcela-dev/Projects/motherboard-systems-hq-clean/node_modules/child_process.js' does not exist.
File '/Users/marcela-dev/Projects/motherboard-systems-hq-clean/node_modules/child_process.jsx' does not exist.
Directory '/Users/marcela-dev/Projects/node_modules' does not exist, skipping all lookups in it.
File '/Users/marcela-dev/node_modules/child_process.js' does not exist.
File '/Users/marcela-dev/node_modules/child_process.jsx' does not exist.
Directory '/Users/node_modules' does not exist, skipping all lookups in it.
Directory '/node_modules' does not exist, skipping all lookups in it.
======== Module name 'child_process' was not resolved. ========
======== Resolving module 'cluster' from '/Users/marcela-dev/Projects/motherboard-systems-hq-clean/node_modules/@types/node/process.d.ts'. ========
Explicitly specified module resolution kind: 'Node10'.
'baseUrl' option is set to '/Users/marcela-dev/Projects/motherboard-systems-hq-clean', using this value to resolve non-relative module name 'cluster'.
Resolving module name 'cluster' relative to base url '/Users/marcela-dev/Projects/motherboard-systems-hq-clean' - '/Users/marcela-dev/Projects/motherboard-systems-hq-clean/cluster'.
Loading module as file / folder, candidate module location '/Users/marcela-dev/Projects/motherboard-systems-hq-clean/cluster', target file types: TypeScript, Declaration.
File '/Users/marcela-dev/Projects/motherboard-systems-hq-clean/cluster.ts' does not exist.
File '/Users/marcela-dev/Projects/motherboard-systems-hq-clean/cluster.tsx' does not exist.
File '/Users/marcela-dev/Projects/motherboard-systems-hq-clean/cluster.d.ts' does not exist.
Directory '/Users/marcela-dev/Projects/motherboard-systems-hq-clean/cluster' does not exist, skipping all lookups in it.
Loading module 'cluster' from 'node_modules' folder, target file types: TypeScript, Declaration.
Searching all ancestor node_modules directories for preferred extensions: TypeScript, Declaration.
Directory '/Users/marcela-dev/Projects/motherboard-systems-hq-clean/node_modules/@types/node/node_modules' does not exist, skipping all lookups in it.
Directory '/Users/marcela-dev/Projects/motherboard-systems-hq-clean/node_modules/@types/node_modules' does not exist, skipping all lookups in it.
File '/Users/marcela-dev/Projects/motherboard-systems-hq-clean/node_modules/cluster.ts' does not exist.
File '/Users/marcela-dev/Projects/motherboard-systems-hq-clean/node_modules/cluster.tsx' does not exist.
File '/Users/marcela-dev/Projects/motherboard-systems-hq-clean/node_modules/cluster.d.ts' does not exist.
File '/Users/marcela-dev/Projects/motherboard-systems-hq-clean/node_modules/@types/cluster.d.ts' does not exist.
Directory '/Users/marcela-dev/Projects/node_modules' does not exist, skipping all lookups in it.
File '/Users/marcela-dev/node_modules/cluster.ts' does not exist.
File '/Users/marcela-dev/node_modules/cluster.tsx' does not exist.
File '/Users/marcela-dev/node_modules/cluster.d.ts' does not exist.
File '/Users/marcela-dev/node_modules/@types/cluster.d.ts' does not exist.
Directory '/Users/node_modules' does not exist, skipping all lookups in it.
Directory '/node_modules' does not exist, skipping all lookups in it.
'baseUrl' option is set to '/Users/marcela-dev/Projects/motherboard-systems-hq-clean', using this value to resolve non-relative module name 'cluster'.
Resolving module name 'cluster' relative to base url '/Users/marcela-dev/Projects/motherboard-systems-hq-clean' - '/Users/marcela-dev/Projects/motherboard-systems-hq-clean/cluster'.
Loading module as file / folder, candidate module location '/Users/marcela-dev/Projects/motherboard-systems-hq-clean/cluster', target file types: JavaScript, JSON.
File '/Users/marcela-dev/Projects/motherboard-systems-hq-clean/cluster.js' does not exist.
File '/Users/marcela-dev/Projects/motherboard-systems-hq-clean/cluster.jsx' does not exist.
Directory '/Users/marcela-dev/Projects/motherboard-systems-hq-clean/cluster' does not exist, skipping all lookups in it.
Loading module 'cluster' from 'node_modules' folder, target file types: JavaScript, JSON.
Searching all ancestor node_modules directories for fallback extensions: JavaScript, JSON.
Directory '/Users/marcela-dev/Projects/motherboard-systems-hq-clean/node_modules/@types/node/node_modules' does not exist, skipping all lookups in it.
Directory '/Users/marcela-dev/Projects/motherboard-systems-hq-clean/node_modules/@types/node_modules' does not exist, skipping all lookups in it.
File '/Users/marcela-dev/Projects/motherboard-systems-hq-clean/node_modules/cluster.js' does not exist.
File '/Users/marcela-dev/Projects/motherboard-systems-hq-clean/node_modules/cluster.jsx' does not exist.
Directory '/Users/marcela-dev/Projects/node_modules' does not exist, skipping all lookups in it.
File '/Users/marcela-dev/node_modules/cluster.js' does not exist.
File '/Users/marcela-dev/node_modules/cluster.jsx' does not exist.
Directory '/Users/node_modules' does not exist, skipping all lookups in it.
Directory '/node_modules' does not exist, skipping all lookups in it.
======== Module name 'cluster' was not resolved. ========
======== Resolving module 'node:cluster' from '/Users/marcela-dev/Projects/motherboard-systems-hq-clean/node_modules/@types/node/process.d.ts'. ========
Explicitly specified module resolution kind: 'Node10'.
'baseUrl' option is set to '/Users/marcela-dev/Projects/motherboard-systems-hq-clean', using this value to resolve non-relative module name 'node:cluster'.
Resolving module name 'node:cluster' relative to base url '/Users/marcela-dev/Projects/motherboard-systems-hq-clean' - '/Users/marcela-dev/Projects/motherboard-systems-hq-clean/node:cluster'.
Loading module as file / folder, candidate module location '/Users/marcela-dev/Projects/motherboard-systems-hq-clean/node:cluster', target file types: TypeScript, Declaration.
File '/Users/marcela-dev/Projects/motherboard-systems-hq-clean/node:cluster.ts' does not exist.
File '/Users/marcela-dev/Projects/motherboard-systems-hq-clean/node:cluster.tsx' does not exist.
File '/Users/marcela-dev/Projects/motherboard-systems-hq-clean/node:cluster.d.ts' does not exist.
Directory '/Users/marcela-dev/Projects/motherboard-systems-hq-clean/node:cluster' does not exist, skipping all lookups in it.
Skipping module 'node:cluster' that looks like an absolute URI, target file types: TypeScript, Declaration.
'baseUrl' option is set to '/Users/marcela-dev/Projects/motherboard-systems-hq-clean', using this value to resolve non-relative module name 'node:cluster'.
Resolving module name 'node:cluster' relative to base url '/Users/marcela-dev/Projects/motherboard-systems-hq-clean' - '/Users/marcela-dev/Projects/motherboard-systems-hq-clean/node:cluster'.
Loading module as file / folder, candidate module location '/Users/marcela-dev/Projects/motherboard-systems-hq-clean/node:cluster', target file types: JavaScript, JSON.
File '/Users/marcela-dev/Projects/motherboard-systems-hq-clean/node:cluster.js' does not exist.
File '/Users/marcela-dev/Projects/motherboard-systems-hq-clean/node:cluster.jsx' does not exist.
Directory '/Users/marcela-dev/Projects/motherboard-systems-hq-clean/node:cluster' does not exist, skipping all lookups in it.
Skipping module 'node:cluster' that looks like an absolute URI, target file types: JavaScript, JSON.
======== Module name 'node:cluster' was not resolved. ========
======== Resolving module 'console' from '/Users/marcela-dev/Projects/motherboard-systems-hq-clean/node_modules/@types/node/process.d.ts'. ========
Explicitly specified module resolution kind: 'Node10'.
'baseUrl' option is set to '/Users/marcela-dev/Projects/motherboard-systems-hq-clean', using this value to resolve non-relative module name 'console'.
Resolving module name 'console' relative to base url '/Users/marcela-dev/Projects/motherboard-systems-hq-clean' - '/Users/marcela-dev/Projects/motherboard-systems-hq-clean/console'.
Loading module as file / folder, candidate module location '/Users/marcela-dev/Projects/motherboard-systems-hq-clean/console', target file types: TypeScript, Declaration.
File '/Users/marcela-dev/Projects/motherboard-systems-hq-clean/console.ts' does not exist.
File '/Users/marcela-dev/Projects/motherboard-systems-hq-clean/console.tsx' does not exist.
File '/Users/marcela-dev/Projects/motherboard-systems-hq-clean/console.d.ts' does not exist.
Directory '/Users/marcela-dev/Projects/motherboard-systems-hq-clean/console' does not exist, skipping all lookups in it.
Loading module 'console' from 'node_modules' folder, target file types: TypeScript, Declaration.
Searching all ancestor node_modules directories for preferred extensions: TypeScript, Declaration.
Directory '/Users/marcela-dev/Projects/motherboard-systems-hq-clean/node_modules/@types/node/node_modules' does not exist, skipping all lookups in it.
Directory '/Users/marcela-dev/Projects/motherboard-systems-hq-clean/node_modules/@types/node_modules' does not exist, skipping all lookups in it.
File '/Users/marcela-dev/Projects/motherboard-systems-hq-clean/node_modules/console.ts' does not exist.
File '/Users/marcela-dev/Projects/motherboard-systems-hq-clean/node_modules/console.tsx' does not exist.
File '/Users/marcela-dev/Projects/motherboard-systems-hq-clean/node_modules/console.d.ts' does not exist.
File '/Users/marcela-dev/Projects/motherboard-systems-hq-clean/node_modules/@types/console.d.ts' does not exist.
Directory '/Users/marcela-dev/Projects/node_modules' does not exist, skipping all lookups in it.
File '/Users/marcela-dev/node_modules/console.ts' does not exist.
File '/Users/marcela-dev/node_modules/console.tsx' does not exist.
File '/Users/marcela-dev/node_modules/console.d.ts' does not exist.
File '/Users/marcela-dev/node_modules/@types/console.d.ts' does not exist.
Directory '/Users/node_modules' does not exist, skipping all lookups in it.
Directory '/node_modules' does not exist, skipping all lookups in it.
'baseUrl' option is set to '/Users/marcela-dev/Projects/motherboard-systems-hq-clean', using this value to resolve non-relative module name 'console'.
Resolving module name 'console' relative to base url '/Users/marcela-dev/Projects/motherboard-systems-hq-clean' - '/Users/marcela-dev/Projects/motherboard-systems-hq-clean/console'.
Loading module as file / folder, candidate module location '/Users/marcela-dev/Projects/motherboard-systems-hq-clean/console', target file types: JavaScript, JSON.
File '/Users/marcela-dev/Projects/motherboard-systems-hq-clean/console.js' does not exist.
File '/Users/marcela-dev/Projects/motherboard-systems-hq-clean/console.jsx' does not exist.
Directory '/Users/marcela-dev/Projects/motherboard-systems-hq-clean/console' does not exist, skipping all lookups in it.
Loading module 'console' from 'node_modules' folder, target file types: JavaScript, JSON.
Searching all ancestor node_modules directories for fallback extensions: JavaScript, JSON.
Directory '/Users/marcela-dev/Projects/motherboard-systems-hq-clean/node_modules/@types/node/node_modules' does not exist, skipping all lookups in it.
Directory '/Users/marcela-dev/Projects/motherboard-systems-hq-clean/node_modules/@types/node_modules' does not exist, skipping all lookups in it.
File '/Users/marcela-dev/Projects/motherboard-systems-hq-clean/node_modules/console.js' does not exist.
File '/Users/marcela-dev/Projects/motherboard-systems-hq-clean/node_modules/console.jsx' does not exist.
Directory '/Users/marcela-dev/Projects/node_modules' does not exist, skipping all lookups in it.
File '/Users/marcela-dev/node_modules/console.js' does not exist.
File '/Users/marcela-dev/node_modules/console.jsx' does not exist.
Directory '/Users/node_modules' does not exist, skipping all lookups in it.
Directory '/node_modules' does not exist, skipping all lookups in it.
======== Module name 'console' was not resolved. ========
======== Resolving module 'node:console' from '/Users/marcela-dev/Projects/motherboard-systems-hq-clean/node_modules/@types/node/process.d.ts'. ========
Explicitly specified module resolution kind: 'Node10'.
'baseUrl' option is set to '/Users/marcela-dev/Projects/motherboard-systems-hq-clean', using this value to resolve non-relative module name 'node:console'.
Resolving module name 'node:console' relative to base url '/Users/marcela-dev/Projects/motherboard-systems-hq-clean' - '/Users/marcela-dev/Projects/motherboard-systems-hq-clean/node:console'.
Loading module as file / folder, candidate module location '/Users/marcela-dev/Projects/motherboard-systems-hq-clean/node:console', target file types: TypeScript, Declaration.
File '/Users/marcela-dev/Projects/motherboard-systems-hq-clean/node:console.ts' does not exist.
File '/Users/marcela-dev/Projects/motherboard-systems-hq-clean/node:console.tsx' does not exist.
File '/Users/marcela-dev/Projects/motherboard-systems-hq-clean/node:console.d.ts' does not exist.
Directory '/Users/marcela-dev/Projects/motherboard-systems-hq-clean/node:console' does not exist, skipping all lookups in it.
Skipping module 'node:console' that looks like an absolute URI, target file types: TypeScript, Declaration.
'baseUrl' option is set to '/Users/marcela-dev/Projects/motherboard-systems-hq-clean', using this value to resolve non-relative module name 'node:console'.
Resolving module name 'node:console' relative to base url '/Users/marcela-dev/Projects/motherboard-systems-hq-clean' - '/Users/marcela-dev/Projects/motherboard-systems-hq-clean/node:console'.
Loading module as file / folder, candidate module location '/Users/marcela-dev/Projects/motherboard-systems-hq-clean/node:console', target file types: JavaScript, JSON.
File '/Users/marcela-dev/Projects/motherboard-systems-hq-clean/node:console.js' does not exist.
File '/Users/marcela-dev/Projects/motherboard-systems-hq-clean/node:console.jsx' does not exist.
Directory '/Users/marcela-dev/Projects/motherboard-systems-hq-clean/node:console' does not exist, skipping all lookups in it.
Skipping module 'node:console' that looks like an absolute URI, target file types: JavaScript, JSON.
======== Module name 'node:console' was not resolved. ========
======== Resolving module 'constants' from '/Users/marcela-dev/Projects/motherboard-systems-hq-clean/node_modules/@types/node/process.d.ts'. ========
Explicitly specified module resolution kind: 'Node10'.
'baseUrl' option is set to '/Users/marcela-dev/Projects/motherboard-systems-hq-clean', using this value to resolve non-relative module name 'constants'.
Resolving module name 'constants' relative to base url '/Users/marcela-dev/Projects/motherboard-systems-hq-clean' - '/Users/marcela-dev/Projects/motherboard-systems-hq-clean/constants'.
Loading module as file / folder, candidate module location '/Users/marcela-dev/Projects/motherboard-systems-hq-clean/constants', target file types: TypeScript, Declaration.
File '/Users/marcela-dev/Projects/motherboard-systems-hq-clean/constants.ts' does not exist.
File '/Users/marcela-dev/Projects/motherboard-systems-hq-clean/constants.tsx' does not exist.
File '/Users/marcela-dev/Projects/motherboard-systems-hq-clean/constants.d.ts' does not exist.
Directory '/Users/marcela-dev/Projects/motherboard-systems-hq-clean/constants' does not exist, skipping all lookups in it.
Loading module 'constants' from 'node_modules' folder, target file types: TypeScript, Declaration.
Searching all ancestor node_modules directories for preferred extensions: TypeScript, Declaration.
Directory '/Users/marcela-dev/Projects/motherboard-systems-hq-clean/node_modules/@types/node/node_modules' does not exist, skipping all lookups in it.
Directory '/Users/marcela-dev/Projects/motherboard-systems-hq-clean/node_modules/@types/node_modules' does not exist, skipping all lookups in it.
File '/Users/marcela-dev/Projects/motherboard-systems-hq-clean/node_modules/constants.ts' does not exist.
File '/Users/marcela-dev/Projects/motherboard-systems-hq-clean/node_modules/constants.tsx' does not exist.
File '/Users/marcela-dev/Projects/motherboard-systems-hq-clean/node_modules/constants.d.ts' does not exist.
File '/Users/marcela-dev/Projects/motherboard-systems-hq-clean/node_modules/@types/constants.d.ts' does not exist.
Directory '/Users/marcela-dev/Projects/node_modules' does not exist, skipping all lookups in it.
File '/Users/marcela-dev/node_modules/constants.ts' does not exist.
File '/Users/marcela-dev/node_modules/constants.tsx' does not exist.
File '/Users/marcela-dev/node_modules/constants.d.ts' does not exist.
File '/Users/marcela-dev/node_modules/@types/constants.d.ts' does not exist.
Directory '/Users/node_modules' does not exist, skipping all lookups in it.
Directory '/node_modules' does not exist, skipping all lookups in it.
'baseUrl' option is set to '/Users/marcela-dev/Projects/motherboard-systems-hq-clean', using this value to resolve non-relative module name 'constants'.
Resolving module name 'constants' relative to base url '/Users/marcela-dev/Projects/motherboard-systems-hq-clean' - '/Users/marcela-dev/Projects/motherboard-systems-hq-clean/constants'.
Loading module as file / folder, candidate module location '/Users/marcela-dev/Projects/motherboard-systems-hq-clean/constants', target file types: JavaScript, JSON.
File '/Users/marcela-dev/Projects/motherboard-systems-hq-clean/constants.js' does not exist.
File '/Users/marcela-dev/Projects/motherboard-systems-hq-clean/constants.jsx' does not exist.
Directory '/Users/marcela-dev/Projects/motherboard-systems-hq-clean/constants' does not exist, skipping all lookups in it.
Loading module 'constants' from 'node_modules' folder, target file types: JavaScript, JSON.
Searching all ancestor node_modules directories for fallback extensions: JavaScript, JSON.
Directory '/Users/marcela-dev/Projects/motherboard-systems-hq-clean/node_modules/@types/node/node_modules' does not exist, skipping all lookups in it.
Directory '/Users/marcela-dev/Projects/motherboard-systems-hq-clean/node_modules/@types/node_modules' does not exist, skipping all lookups in it.
File '/Users/marcela-dev/Projects/motherboard-systems-hq-clean/node_modules/constants.js' does not exist.
File '/Users/marcela-dev/Projects/motherboard-systems-hq-clean/node_modules/constants.jsx' does not exist.
Directory '/Users/marcela-dev/Projects/node_modules' does not exist, skipping all lookups in it.
File '/Users/marcela-dev/node_modules/constants.js' does not exist.
File '/Users/marcela-dev/node_modules/constants.jsx' does not exist.
Directory '/Users/node_modules' does not exist, skipping all lookups in it.
Directory '/node_modules' does not exist, skipping all lookups in it.
======== Module name 'constants' was not resolved. ========
======== Resolving module 'node:constants' from '/Users/marcela-dev/Projects/motherboard-systems-hq-clean/node_modules/@types/node/process.d.ts'. ========
Explicitly specified module resolution kind: 'Node10'.
'baseUrl' option is set to '/Users/marcela-dev/Projects/motherboard-systems-hq-clean', using this value to resolve non-relative module name 'node:constants'.
Resolving module name 'node:constants' relative to base url '/Users/marcela-dev/Projects/motherboard-systems-hq-clean' - '/Users/marcela-dev/Projects/motherboard-systems-hq-clean/node:constants'.
Loading module as file / folder, candidate module location '/Users/marcela-dev/Projects/motherboard-systems-hq-clean/node:constants', target file types: TypeScript, Declaration.
File '/Users/marcela-dev/Projects/motherboard-systems-hq-clean/node:constants.ts' does not exist.
File '/Users/marcela-dev/Projects/motherboard-systems-hq-clean/node:constants.tsx' does not exist.
File '/Users/marcela-dev/Projects/motherboard-systems-hq-clean/node:constants.d.ts' does not exist.
Directory '/Users/marcela-dev/Projects/motherboard-systems-hq-clean/node:constants' does not exist, skipping all lookups in it.
Skipping module 'node:constants' that looks like an absolute URI, target file types: TypeScript, Declaration.
'baseUrl' option is set to '/Users/marcela-dev/Projects/motherboard-systems-hq-clean', using this value to resolve non-relative module name 'node:constants'.
Resolving module name 'node:constants' relative to base url '/Users/marcela-dev/Projects/motherboard-systems-hq-clean' - '/Users/marcela-dev/Projects/motherboard-systems-hq-clean/node:constants'.
Loading module as file / folder, candidate module location '/Users/marcela-dev/Projects/motherboard-systems-hq-clean/node:constants', target file types: JavaScript, JSON.
File '/Users/marcela-dev/Projects/motherboard-systems-hq-clean/node:constants.js' does not exist.
File '/Users/marcela-dev/Projects/motherboard-systems-hq-clean/node:constants.jsx' does not exist.
Directory '/Users/marcela-dev/Projects/motherboard-systems-hq-clean/node:constants' does not exist, skipping all lookups in it.
Skipping module 'node:constants' that looks like an absolute URI, target file types: JavaScript, JSON.
======== Module name 'node:constants' was not resolved. ========
======== Resolving module 'crypto' from '/Users/marcela-dev/Projects/motherboard-systems-hq-clean/node_modules/@types/node/process.d.ts'. ========
Explicitly specified module resolution kind: 'Node10'.
'baseUrl' option is set to '/Users/marcela-dev/Projects/motherboard-systems-hq-clean', using this value to resolve non-relative module name 'crypto'.
Resolving module name 'crypto' relative to base url '/Users/marcela-dev/Projects/motherboard-systems-hq-clean' - '/Users/marcela-dev/Projects/motherboard-systems-hq-clean/crypto'.
Loading module as file / folder, candidate module location '/Users/marcela-dev/Projects/motherboard-systems-hq-clean/crypto', target file types: TypeScript, Declaration.
File '/Users/marcela-dev/Projects/motherboard-systems-hq-clean/crypto.ts' does not exist.
File '/Users/marcela-dev/Projects/motherboard-systems-hq-clean/crypto.tsx' does not exist.
File '/Users/marcela-dev/Projects/motherboard-systems-hq-clean/crypto.d.ts' does not exist.
Directory '/Users/marcela-dev/Projects/motherboard-systems-hq-clean/crypto' does not exist, skipping all lookups in it.
Loading module 'crypto' from 'node_modules' folder, target file types: TypeScript, Declaration.
Searching all ancestor node_modules directories for preferred extensions: TypeScript, Declaration.
Directory '/Users/marcela-dev/Projects/motherboard-systems-hq-clean/node_modules/@types/node/node_modules' does not exist, skipping all lookups in it.
Directory '/Users/marcela-dev/Projects/motherboard-systems-hq-clean/node_modules/@types/node_modules' does not exist, skipping all lookups in it.
Resolution for module 'crypto' was found in cache from location '/Users/marcela-dev/Projects/motherboard-systems-hq-clean'.
======== Module name 'crypto' was not resolved. ========
======== Resolving module 'node:crypto' from '/Users/marcela-dev/Projects/motherboard-systems-hq-clean/node_modules/@types/node/process.d.ts'. ========
Resolution for module 'node:crypto' was found in cache from location '/Users/marcela-dev/Projects/motherboard-systems-hq-clean/node_modules/@types/node'.
======== Module name 'node:crypto' was not resolved. ========
======== Resolving module 'dgram' from '/Users/marcela-dev/Projects/motherboard-systems-hq-clean/node_modules/@types/node/process.d.ts'. ========
Explicitly specified module resolution kind: 'Node10'.
'baseUrl' option is set to '/Users/marcela-dev/Projects/motherboard-systems-hq-clean', using this value to resolve non-relative module name 'dgram'.
Resolving module name 'dgram' relative to base url '/Users/marcela-dev/Projects/motherboard-systems-hq-clean' - '/Users/marcela-dev/Projects/motherboard-systems-hq-clean/dgram'.
Loading module as file / folder, candidate module location '/Users/marcela-dev/Projects/motherboard-systems-hq-clean/dgram', target file types: TypeScript, Declaration.
File '/Users/marcela-dev/Projects/motherboard-systems-hq-clean/dgram.ts' does not exist.
File '/Users/marcela-dev/Projects/motherboard-systems-hq-clean/dgram.tsx' does not exist.
File '/Users/marcela-dev/Projects/motherboard-systems-hq-clean/dgram.d.ts' does not exist.
Directory '/Users/marcela-dev/Projects/motherboard-systems-hq-clean/dgram' does not exist, skipping all lookups in it.
Loading module 'dgram' from 'node_modules' folder, target file types: TypeScript, Declaration.
Searching all ancestor node_modules directories for preferred extensions: TypeScript, Declaration.
Directory '/Users/marcela-dev/Projects/motherboard-systems-hq-clean/node_modules/@types/node/node_modules' does not exist, skipping all lookups in it.
Directory '/Users/marcela-dev/Projects/motherboard-systems-hq-clean/node_modules/@types/node_modules' does not exist, skipping all lookups in it.
File '/Users/marcela-dev/Projects/motherboard-systems-hq-clean/node_modules/dgram.ts' does not exist.
File '/Users/marcela-dev/Projects/motherboard-systems-hq-clean/node_modules/dgram.tsx' does not exist.
File '/Users/marcela-dev/Projects/motherboard-systems-hq-clean/node_modules/dgram.d.ts' does not exist.
File '/Users/marcela-dev/Projects/motherboard-systems-hq-clean/node_modules/@types/dgram.d.ts' does not exist.
Directory '/Users/marcela-dev/Projects/node_modules' does not exist, skipping all lookups in it.
File '/Users/marcela-dev/node_modules/dgram.ts' does not exist.
File '/Users/marcela-dev/node_modules/dgram.tsx' does not exist.
File '/Users/marcela-dev/node_modules/dgram.d.ts' does not exist.
File '/Users/marcela-dev/node_modules/@types/dgram.d.ts' does not exist.
Directory '/Users/node_modules' does not exist, skipping all lookups in it.
Directory '/node_modules' does not exist, skipping all lookups in it.
'baseUrl' option is set to '/Users/marcela-dev/Projects/motherboard-systems-hq-clean', using this value to resolve non-relative module name 'dgram'.
Resolving module name 'dgram' relative to base url '/Users/marcela-dev/Projects/motherboard-systems-hq-clean' - '/Users/marcela-dev/Projects/motherboard-systems-hq-clean/dgram'.
Loading module as file / folder, candidate module location '/Users/marcela-dev/Projects/motherboard-systems-hq-clean/dgram', target file types: JavaScript, JSON.
File '/Users/marcela-dev/Projects/motherboard-systems-hq-clean/dgram.js' does not exist.
File '/Users/marcela-dev/Projects/motherboard-systems-hq-clean/dgram.jsx' does not exist.
Directory '/Users/marcela-dev/Projects/motherboard-systems-hq-clean/dgram' does not exist, skipping all lookups in it.
Loading module 'dgram' from 'node_modules' folder, target file types: JavaScript, JSON.
Searching all ancestor node_modules directories for fallback extensions: JavaScript, JSON.
Directory '/Users/marcela-dev/Projects/motherboard-systems-hq-clean/node_modules/@types/node/node_modules' does not exist, skipping all lookups in it.
Directory '/Users/marcela-dev/Projects/motherboard-systems-hq-clean/node_modules/@types/node_modules' does not exist, skipping all lookups in it.
File '/Users/marcela-dev/Projects/motherboard-systems-hq-clean/node_modules/dgram.js' does not exist.
File '/Users/marcela-dev/Projects/motherboard-systems-hq-clean/node_modules/dgram.jsx' does not exist.
Directory '/Users/marcela-dev/Projects/node_modules' does not exist, skipping all lookups in it.
File '/Users/marcela-dev/node_modules/dgram.js' does not exist.
File '/Users/marcela-dev/node_modules/dgram.jsx' does not exist.
Directory '/Users/node_modules' does not exist, skipping all lookups in it.
Directory '/node_modules' does not exist, skipping all lookups in it.
======== Module name 'dgram' was not resolved. ========
======== Resolving module 'node:dgram' from '/Users/marcela-dev/Projects/motherboard-systems-hq-clean/node_modules/@types/node/process.d.ts'. ========
Resolution for module 'node:dgram' was found in cache from location '/Users/marcela-dev/Projects/motherboard-systems-hq-clean/node_modules/@types/node'.
======== Module name 'node:dgram' was not resolved. ========
======== Resolving module 'diagnostics_channel' from '/Users/marcela-dev/Projects/motherboard-systems-hq-clean/node_modules/@types/node/process.d.ts'. ========
Explicitly specified module resolution kind: 'Node10'.
'baseUrl' option is set to '/Users/marcela-dev/Projects/motherboard-systems-hq-clean', using this value to resolve non-relative module name 'diagnostics_channel'.
Resolving module name 'diagnostics_channel' relative to base url '/Users/marcela-dev/Projects/motherboard-systems-hq-clean' - '/Users/marcela-dev/Projects/motherboard-systems-hq-clean/diagnostics_channel'.
Loading module as file / folder, candidate module location '/Users/marcela-dev/Projects/motherboard-systems-hq-clean/diagnostics_channel', target file types: TypeScript, Declaration.
File '/Users/marcela-dev/Projects/motherboard-systems-hq-clean/diagnostics_channel.ts' does not exist.
File '/Users/marcela-dev/Projects/motherboard-systems-hq-clean/diagnostics_channel.tsx' does not exist.
File '/Users/marcela-dev/Projects/motherboard-systems-hq-clean/diagnostics_channel.d.ts' does not exist.
Directory '/Users/marcela-dev/Projects/motherboard-systems-hq-clean/diagnostics_channel' does not exist, skipping all lookups in it.
Loading module 'diagnostics_channel' from 'node_modules' folder, target file types: TypeScript, Declaration.
Searching all ancestor node_modules directories for preferred extensions: TypeScript, Declaration.
Directory '/Users/marcela-dev/Projects/motherboard-systems-hq-clean/node_modules/@types/node/node_modules' does not exist, skipping all lookups in it.
Directory '/Users/marcela-dev/Projects/motherboard-systems-hq-clean/node_modules/@types/node_modules' does not exist, skipping all lookups in it.
File '/Users/marcela-dev/Projects/motherboard-systems-hq-clean/node_modules/diagnostics_channel.ts' does not exist.
File '/Users/marcela-dev/Projects/motherboard-systems-hq-clean/node_modules/diagnostics_channel.tsx' does not exist.
File '/Users/marcela-dev/Projects/motherboard-systems-hq-clean/node_modules/diagnostics_channel.d.ts' does not exist.
File '/Users/marcela-dev/Projects/motherboard-systems-hq-clean/node_modules/@types/diagnostics_channel.d.ts' does not exist.
Directory '/Users/marcela-dev/Projects/node_modules' does not exist, skipping all lookups in it.
File '/Users/marcela-dev/node_modules/diagnostics_channel.ts' does not exist.
File '/Users/marcela-dev/node_modules/diagnostics_channel.tsx' does not exist.
File '/Users/marcela-dev/node_modules/diagnostics_channel.d.ts' does not exist.
File '/Users/marcela-dev/node_modules/@types/diagnostics_channel.d.ts' does not exist.
Directory '/Users/node_modules' does not exist, skipping all lookups in it.
Directory '/node_modules' does not exist, skipping all lookups in it.
'baseUrl' option is set to '/Users/marcela-dev/Projects/motherboard-systems-hq-clean', using this value to resolve non-relative module name 'diagnostics_channel'.
Resolving module name 'diagnostics_channel' relative to base url '/Users/marcela-dev/Projects/motherboard-systems-hq-clean' - '/Users/marcela-dev/Projects/motherboard-systems-hq-clean/diagnostics_channel'.
Loading module as file / folder, candidate module location '/Users/marcela-dev/Projects/motherboard-systems-hq-clean/diagnostics_channel', target file types: JavaScript, JSON.
File '/Users/marcela-dev/Projects/motherboard-systems-hq-clean/diagnostics_channel.js' does not exist.
File '/Users/marcela-dev/Projects/motherboard-systems-hq-clean/diagnostics_channel.jsx' does not exist.
Directory '/Users/marcela-dev/Projects/motherboard-systems-hq-clean/diagnostics_channel' does not exist, skipping all lookups in it.
Loading module 'diagnostics_channel' from 'node_modules' folder, target file types: JavaScript, JSON.
Searching all ancestor node_modules directories for fallback extensions: JavaScript, JSON.
Directory '/Users/marcela-dev/Projects/motherboard-systems-hq-clean/node_modules/@types/node/node_modules' does not exist, skipping all lookups in it.
Directory '/Users/marcela-dev/Projects/motherboard-systems-hq-clean/node_modules/@types/node_modules' does not exist, skipping all lookups in it.
File '/Users/marcela-dev/Projects/motherboard-systems-hq-clean/node_modules/diagnostics_channel.js' does not exist.
File '/Users/marcela-dev/Projects/motherboard-systems-hq-clean/node_modules/diagnostics_channel.jsx' does not exist.
Directory '/Users/marcela-dev/Projects/node_modules' does not exist, skipping all lookups in it.
File '/Users/marcela-dev/node_modules/diagnostics_channel.js' does not exist.
File '/Users/marcela-dev/node_modules/diagnostics_channel.jsx' does not exist.
Directory '/Users/node_modules' does not exist, skipping all lookups in it.
Directory '/node_modules' does not exist, skipping all lookups in it.
======== Module name 'diagnostics_channel' was not resolved. ========
======== Resolving module 'node:diagnostics_channel' from '/Users/marcela-dev/Projects/motherboard-systems-hq-clean/node_modules/@types/node/process.d.ts'. ========
Explicitly specified module resolution kind: 'Node10'.
'baseUrl' option is set to '/Users/marcela-dev/Projects/motherboard-systems-hq-clean', using this value to resolve non-relative module name 'node:diagnostics_channel'.
Resolving module name 'node:diagnostics_channel' relative to base url '/Users/marcela-dev/Projects/motherboard-systems-hq-clean' - '/Users/marcela-dev/Projects/motherboard-systems-hq-clean/node:diagnostics_channel'.
Loading module as file / folder, candidate module location '/Users/marcela-dev/Projects/motherboard-systems-hq-clean/node:diagnostics_channel', target file types: TypeScript, Declaration.
File '/Users/marcela-dev/Projects/motherboard-systems-hq-clean/node:diagnostics_channel.ts' does not exist.
File '/Users/marcela-dev/Projects/motherboard-systems-hq-clean/node:diagnostics_channel.tsx' does not exist.
File '/Users/marcela-dev/Projects/motherboard-systems-hq-clean/node:diagnostics_channel.d.ts' does not exist.
Directory '/Users/marcela-dev/Projects/motherboard-systems-hq-clean/node:diagnostics_channel' does not exist, skipping all lookups in it.
Skipping module 'node:diagnostics_channel' that looks like an absolute URI, target file types: TypeScript, Declaration.
'baseUrl' option is set to '/Users/marcela-dev/Projects/motherboard-systems-hq-clean', using this value to resolve non-relative module name 'node:diagnostics_channel'.
Resolving module name 'node:diagnostics_channel' relative to base url '/Users/marcela-dev/Projects/motherboard-systems-hq-clean' - '/Users/marcela-dev/Projects/motherboard-systems-hq-clean/node:diagnostics_channel'.
Loading module as file / folder, candidate module location '/Users/marcela-dev/Projects/motherboard-systems-hq-clean/node:diagnostics_channel', target file types: JavaScript, JSON.
File '/Users/marcela-dev/Projects/motherboard-systems-hq-clean/node:diagnostics_channel.js' does not exist.
File '/Users/marcela-dev/Projects/motherboard-systems-hq-clean/node:diagnostics_channel.jsx' does not exist.
Directory '/Users/marcela-dev/Projects/motherboard-systems-hq-clean/node:diagnostics_channel' does not exist, skipping all lookups in it.
Skipping module 'node:diagnostics_channel' that looks like an absolute URI, target file types: JavaScript, JSON.
======== Module name 'node:diagnostics_channel' was not resolved. ========
======== Resolving module 'dns' from '/Users/marcela-dev/Projects/motherboard-systems-hq-clean/node_modules/@types/node/process.d.ts'. ========
Explicitly specified module resolution kind: 'Node10'.
'baseUrl' option is set to '/Users/marcela-dev/Projects/motherboard-systems-hq-clean', using this value to resolve non-relative module name 'dns'.
Resolving module name 'dns' relative to base url '/Users/marcela-dev/Projects/motherboard-systems-hq-clean' - '/Users/marcela-dev/Projects/motherboard-systems-hq-clean/dns'.
Loading module as file / folder, candidate module location '/Users/marcela-dev/Projects/motherboard-systems-hq-clean/dns', target file types: TypeScript, Declaration.
File '/Users/marcela-dev/Projects/motherboard-systems-hq-clean/dns.ts' does not exist.
File '/Users/marcela-dev/Projects/motherboard-systems-hq-clean/dns.tsx' does not exist.
File '/Users/marcela-dev/Projects/motherboard-systems-hq-clean/dns.d.ts' does not exist.
Directory '/Users/marcela-dev/Projects/motherboard-systems-hq-clean/dns' does not exist, skipping all lookups in it.
Loading module 'dns' from 'node_modules' folder, target file types: TypeScript, Declaration.
Searching all ancestor node_modules directories for preferred extensions: TypeScript, Declaration.
Directory '/Users/marcela-dev/Projects/motherboard-systems-hq-clean/node_modules/@types/node/node_modules' does not exist, skipping all lookups in it.
Directory '/Users/marcela-dev/Projects/motherboard-systems-hq-clean/node_modules/@types/node_modules' does not exist, skipping all lookups in it.
File '/Users/marcela-dev/Projects/motherboard-systems-hq-clean/node_modules/dns.ts' does not exist.
File '/Users/marcela-dev/Projects/motherboard-systems-hq-clean/node_modules/dns.tsx' does not exist.
File '/Users/marcela-dev/Projects/motherboard-systems-hq-clean/node_modules/dns.d.ts' does not exist.
File '/Users/marcela-dev/Projects/motherboard-systems-hq-clean/node_modules/@types/dns.d.ts' does not exist.
Directory '/Users/marcela-dev/Projects/node_modules' does not exist, skipping all lookups in it.
File '/Users/marcela-dev/node_modules/dns.ts' does not exist.
File '/Users/marcela-dev/node_modules/dns.tsx' does not exist.
File '/Users/marcela-dev/node_modules/dns.d.ts' does not exist.
File '/Users/marcela-dev/node_modules/@types/dns.d.ts' does not exist.
Directory '/Users/node_modules' does not exist, skipping all lookups in it.
Directory '/node_modules' does not exist, skipping all lookups in it.
'baseUrl' option is set to '/Users/marcela-dev/Projects/motherboard-systems-hq-clean', using this value to resolve non-relative module name 'dns'.
Resolving module name 'dns' relative to base url '/Users/marcela-dev/Projects/motherboard-systems-hq-clean' - '/Users/marcela-dev/Projects/motherboard-systems-hq-clean/dns'.
Loading module as file / folder, candidate module location '/Users/marcela-dev/Projects/motherboard-systems-hq-clean/dns', target file types: JavaScript, JSON.
File '/Users/marcela-dev/Projects/motherboard-systems-hq-clean/dns.js' does not exist.
File '/Users/marcela-dev/Projects/motherboard-systems-hq-clean/dns.jsx' does not exist.
Directory '/Users/marcela-dev/Projects/motherboard-systems-hq-clean/dns' does not exist, skipping all lookups in it.
Loading module 'dns' from 'node_modules' folder, target file types: JavaScript, JSON.
Searching all ancestor node_modules directories for fallback extensions: JavaScript, JSON.
Directory '/Users/marcela-dev/Projects/motherboard-systems-hq-clean/node_modules/@types/node/node_modules' does not exist, skipping all lookups in it.
Directory '/Users/marcela-dev/Projects/motherboard-systems-hq-clean/node_modules/@types/node_modules' does not exist, skipping all lookups in it.
File '/Users/marcela-dev/Projects/motherboard-systems-hq-clean/node_modules/dns.js' does not exist.
File '/Users/marcela-dev/Projects/motherboard-systems-hq-clean/node_modules/dns.jsx' does not exist.
Directory '/Users/marcela-dev/Projects/node_modules' does not exist, skipping all lookups in it.
File '/Users/marcela-dev/node_modules/dns.js' does not exist.
File '/Users/marcela-dev/node_modules/dns.jsx' does not exist.
Directory '/Users/node_modules' does not exist, skipping all lookups in it.
Directory '/node_modules' does not exist, skipping all lookups in it.
======== Module name 'dns' was not resolved. ========
======== Resolving module 'node:dns' from '/Users/marcela-dev/Projects/motherboard-systems-hq-clean/node_modules/@types/node/process.d.ts'. ========
Resolution for module 'node:dns' was found in cache from location '/Users/marcela-dev/Projects/motherboard-systems-hq-clean/node_modules/@types/node'.
======== Module name 'node:dns' was not resolved. ========
======== Resolving module 'dns/promises' from '/Users/marcela-dev/Projects/motherboard-systems-hq-clean/node_modules/@types/node/process.d.ts'. ========
Explicitly specified module resolution kind: 'Node10'.
'baseUrl' option is set to '/Users/marcela-dev/Projects/motherboard-systems-hq-clean', using this value to resolve non-relative module name 'dns/promises'.
Resolving module name 'dns/promises' relative to base url '/Users/marcela-dev/Projects/motherboard-systems-hq-clean' - '/Users/marcela-dev/Projects/motherboard-systems-hq-clean/dns/promises'.
Loading module as file / folder, candidate module location '/Users/marcela-dev/Projects/motherboard-systems-hq-clean/dns/promises', target file types: TypeScript, Declaration.
Loading module 'dns/promises' from 'node_modules' folder, target file types: TypeScript, Declaration.
Searching all ancestor node_modules directories for preferred extensions: TypeScript, Declaration.
Directory '/Users/marcela-dev/Projects/motherboard-systems-hq-clean/node_modules/@types/node/node_modules' does not exist, skipping all lookups in it.
Directory '/Users/marcela-dev/Projects/motherboard-systems-hq-clean/node_modules/@types/node_modules' does not exist, skipping all lookups in it.
Directory '/Users/marcela-dev/Projects/node_modules' does not exist, skipping all lookups in it.
Directory '/Users/node_modules' does not exist, skipping all lookups in it.
Directory '/node_modules' does not exist, skipping all lookups in it.
'baseUrl' option is set to '/Users/marcela-dev/Projects/motherboard-systems-hq-clean', using this value to resolve non-relative module name 'dns/promises'.
Resolving module name 'dns/promises' relative to base url '/Users/marcela-dev/Projects/motherboard-systems-hq-clean' - '/Users/marcela-dev/Projects/motherboard-systems-hq-clean/dns/promises'.
Loading module as file / folder, candidate module location '/Users/marcela-dev/Projects/motherboard-systems-hq-clean/dns/promises', target file types: JavaScript, JSON.
Loading module 'dns/promises' from 'node_modules' folder, target file types: JavaScript, JSON.
Searching all ancestor node_modules directories for fallback extensions: JavaScript, JSON.
Directory '/Users/marcela-dev/Projects/motherboard-systems-hq-clean/node_modules/@types/node/node_modules' does not exist, skipping all lookups in it.
Directory '/Users/marcela-dev/Projects/motherboard-systems-hq-clean/node_modules/@types/node_modules' does not exist, skipping all lookups in it.
Directory '/Users/marcela-dev/Projects/node_modules' does not exist, skipping all lookups in it.
Directory '/Users/node_modules' does not exist, skipping all lookups in it.
Directory '/node_modules' does not exist, skipping all lookups in it.
======== Module name 'dns/promises' was not resolved. ========
======== Resolving module 'node:dns/promises' from '/Users/marcela-dev/Projects/motherboard-systems-hq-clean/node_modules/@types/node/process.d.ts'. ========
Resolution for module 'node:dns/promises' was found in cache from location '/Users/marcela-dev/Projects/motherboard-systems-hq-clean/node_modules/@types/node'.
======== Module name 'node:dns/promises' was not resolved. ========
======== Resolving module 'domain' from '/Users/marcela-dev/Projects/motherboard-systems-hq-clean/node_modules/@types/node/process.d.ts'. ========
Explicitly specified module resolution kind: 'Node10'.
'baseUrl' option is set to '/Users/marcela-dev/Projects/motherboard-systems-hq-clean', using this value to resolve non-relative module name 'domain'.
Resolving module name 'domain' relative to base url '/Users/marcela-dev/Projects/motherboard-systems-hq-clean' - '/Users/marcela-dev/Projects/motherboard-systems-hq-clean/domain'.
Loading module as file / folder, candidate module location '/Users/marcela-dev/Projects/motherboard-systems-hq-clean/domain', target file types: TypeScript, Declaration.
File '/Users/marcela-dev/Projects/motherboard-systems-hq-clean/domain.ts' does not exist.
File '/Users/marcela-dev/Projects/motherboard-systems-hq-clean/domain.tsx' does not exist.
File '/Users/marcela-dev/Projects/motherboard-systems-hq-clean/domain.d.ts' does not exist.
Directory '/Users/marcela-dev/Projects/motherboard-systems-hq-clean/domain' does not exist, skipping all lookups in it.
Loading module 'domain' from 'node_modules' folder, target file types: TypeScript, Declaration.
Searching all ancestor node_modules directories for preferred extensions: TypeScript, Declaration.
Directory '/Users/marcela-dev/Projects/motherboard-systems-hq-clean/node_modules/@types/node/node_modules' does not exist, skipping all lookups in it.
Directory '/Users/marcela-dev/Projects/motherboard-systems-hq-clean/node_modules/@types/node_modules' does not exist, skipping all lookups in it.
File '/Users/marcela-dev/Projects/motherboard-systems-hq-clean/node_modules/domain.ts' does not exist.
File '/Users/marcela-dev/Projects/motherboard-systems-hq-clean/node_modules/domain.tsx' does not exist.
File '/Users/marcela-dev/Projects/motherboard-systems-hq-clean/node_modules/domain.d.ts' does not exist.
File '/Users/marcela-dev/Projects/motherboard-systems-hq-clean/node_modules/@types/domain.d.ts' does not exist.
Directory '/Users/marcela-dev/Projects/node_modules' does not exist, skipping all lookups in it.
File '/Users/marcela-dev/node_modules/domain.ts' does not exist.
File '/Users/marcela-dev/node_modules/domain.tsx' does not exist.
File '/Users/marcela-dev/node_modules/domain.d.ts' does not exist.
File '/Users/marcela-dev/node_modules/@types/domain.d.ts' does not exist.
Directory '/Users/node_modules' does not exist, skipping all lookups in it.
Directory '/node_modules' does not exist, skipping all lookups in it.
'baseUrl' option is set to '/Users/marcela-dev/Projects/motherboard-systems-hq-clean', using this value to resolve non-relative module name 'domain'.
Resolving module name 'domain' relative to base url '/Users/marcela-dev/Projects/motherboard-systems-hq-clean' - '/Users/marcela-dev/Projects/motherboard-systems-hq-clean/domain'.
Loading module as file / folder, candidate module location '/Users/marcela-dev/Projects/motherboard-systems-hq-clean/domain', target file types: JavaScript, JSON.
File '/Users/marcela-dev/Projects/motherboard-systems-hq-clean/domain.js' does not exist.
File '/Users/marcela-dev/Projects/motherboard-systems-hq-clean/domain.jsx' does not exist.
Directory '/Users/marcela-dev/Projects/motherboard-systems-hq-clean/domain' does not exist, skipping all lookups in it.
Loading module 'domain' from 'node_modules' folder, target file types: JavaScript, JSON.
Searching all ancestor node_modules directories for fallback extensions: JavaScript, JSON.
Directory '/Users/marcela-dev/Projects/motherboard-systems-hq-clean/node_modules/@types/node/node_modules' does not exist, skipping all lookups in it.
Directory '/Users/marcela-dev/Projects/motherboard-systems-hq-clean/node_modules/@types/node_modules' does not exist, skipping all lookups in it.
File '/Users/marcela-dev/Projects/motherboard-systems-hq-clean/node_modules/domain.js' does not exist.
File '/Users/marcela-dev/Projects/motherboard-systems-hq-clean/node_modules/domain.jsx' does not exist.
Directory '/Users/marcela-dev/Projects/node_modules' does not exist, skipping all lookups in it.
File '/Users/marcela-dev/node_modules/domain.js' does not exist.
File '/Users/marcela-dev/node_modules/domain.jsx' does not exist.
Directory '/Users/node_modules' does not exist, skipping all lookups in it.
Directory '/node_modules' does not exist, skipping all lookups in it.
======== Module name 'domain' was not resolved. ========
======== Resolving module 'node:domain' from '/Users/marcela-dev/Projects/motherboard-systems-hq-clean/node_modules/@types/node/process.d.ts'. ========
Explicitly specified module resolution kind: 'Node10'.
'baseUrl' option is set to '/Users/marcela-dev/Projects/motherboard-systems-hq-clean', using this value to resolve non-relative module name 'node:domain'.
Resolving module name 'node:domain' relative to base url '/Users/marcela-dev/Projects/motherboard-systems-hq-clean' - '/Users/marcela-dev/Projects/motherboard-systems-hq-clean/node:domain'.
Loading module as file / folder, candidate module location '/Users/marcela-dev/Projects/motherboard-systems-hq-clean/node:domain', target file types: TypeScript, Declaration.
File '/Users/marcela-dev/Projects/motherboard-systems-hq-clean/node:domain.ts' does not exist.
File '/Users/marcela-dev/Projects/motherboard-systems-hq-clean/node:domain.tsx' does not exist.
File '/Users/marcela-dev/Projects/motherboard-systems-hq-clean/node:domain.d.ts' does not exist.
Directory '/Users/marcela-dev/Projects/motherboard-systems-hq-clean/node:domain' does not exist, skipping all lookups in it.
Skipping module 'node:domain' that looks like an absolute URI, target file types: TypeScript, Declaration.
'baseUrl' option is set to '/Users/marcela-dev/Projects/motherboard-systems-hq-clean', using this value to resolve non-relative module name 'node:domain'.
Resolving module name 'node:domain' relative to base url '/Users/marcela-dev/Projects/motherboard-systems-hq-clean' - '/Users/marcela-dev/Projects/motherboard-systems-hq-clean/node:domain'.
Loading module as file / folder, candidate module location '/Users/marcela-dev/Projects/motherboard-systems-hq-clean/node:domain', target file types: JavaScript, JSON.
File '/Users/marcela-dev/Projects/motherboard-systems-hq-clean/node:domain.js' does not exist.
File '/Users/marcela-dev/Projects/motherboard-systems-hq-clean/node:domain.jsx' does not exist.
Directory '/Users/marcela-dev/Projects/motherboard-systems-hq-clean/node:domain' does not exist, skipping all lookups in it.
Skipping module 'node:domain' that looks like an absolute URI, target file types: JavaScript, JSON.
======== Module name 'node:domain' was not resolved. ========
======== Resolving module 'events' from '/Users/marcela-dev/Projects/motherboard-systems-hq-clean/node_modules/@types/node/process.d.ts'. ========
Explicitly specified module resolution kind: 'Node10'.
'baseUrl' option is set to '/Users/marcela-dev/Projects/motherboard-systems-hq-clean', using this value to resolve non-relative module name 'events'.
Resolving module name 'events' relative to base url '/Users/marcela-dev/Projects/motherboard-systems-hq-clean' - '/Users/marcela-dev/Projects/motherboard-systems-hq-clean/events'.
Loading module as file / folder, candidate module location '/Users/marcela-dev/Projects/motherboard-systems-hq-clean/events', target file types: TypeScript, Declaration.
File '/Users/marcela-dev/Projects/motherboard-systems-hq-clean/events.ts' does not exist.
File '/Users/marcela-dev/Projects/motherboard-systems-hq-clean/events.tsx' does not exist.
File '/Users/marcela-dev/Projects/motherboard-systems-hq-clean/events.d.ts' does not exist.
Directory '/Users/marcela-dev/Projects/motherboard-systems-hq-clean/events' does not exist, skipping all lookups in it.
Loading module 'events' from 'node_modules' folder, target file types: TypeScript, Declaration.
Searching all ancestor node_modules directories for preferred extensions: TypeScript, Declaration.
Directory '/Users/marcela-dev/Projects/motherboard-systems-hq-clean/node_modules/@types/node/node_modules' does not exist, skipping all lookups in it.
Directory '/Users/marcela-dev/Projects/motherboard-systems-hq-clean/node_modules/@types/node_modules' does not exist, skipping all lookups in it.
Resolution for module 'events' was found in cache from location '/Users/marcela-dev/Projects/motherboard-systems-hq-clean'.
======== Module name 'events' was not resolved. ========
======== Resolving module 'node:events' from '/Users/marcela-dev/Projects/motherboard-systems-hq-clean/node_modules/@types/node/process.d.ts'. ========
Resolution for module 'node:events' was found in cache from location '/Users/marcela-dev/Projects/motherboard-systems-hq-clean/node_modules/@types/node'.
======== Module name 'node:events' was not resolved. ========
======== Resolving module 'fs' from '/Users/marcela-dev/Projects/motherboard-systems-hq-clean/node_modules/@types/node/process.d.ts'. ========
Explicitly specified module resolution kind: 'Node10'.
'baseUrl' option is set to '/Users/marcela-dev/Projects/motherboard-systems-hq-clean', using this value to resolve non-relative module name 'fs'.
Resolving module name 'fs' relative to base url '/Users/marcela-dev/Projects/motherboard-systems-hq-clean' - '/Users/marcela-dev/Projects/motherboard-systems-hq-clean/fs'.
Loading module as file / folder, candidate module location '/Users/marcela-dev/Projects/motherboard-systems-hq-clean/fs', target file types: TypeScript, Declaration.
File '/Users/marcela-dev/Projects/motherboard-systems-hq-clean/fs.ts' does not exist.
File '/Users/marcela-dev/Projects/motherboard-systems-hq-clean/fs.tsx' does not exist.
File '/Users/marcela-dev/Projects/motherboard-systems-hq-clean/fs.d.ts' does not exist.
Directory '/Users/marcela-dev/Projects/motherboard-systems-hq-clean/fs' does not exist, skipping all lookups in it.
Loading module 'fs' from 'node_modules' folder, target file types: TypeScript, Declaration.
Searching all ancestor node_modules directories for preferred extensions: TypeScript, Declaration.
Directory '/Users/marcela-dev/Projects/motherboard-systems-hq-clean/node_modules/@types/node/node_modules' does not exist, skipping all lookups in it.
Directory '/Users/marcela-dev/Projects/motherboard-systems-hq-clean/node_modules/@types/node_modules' does not exist, skipping all lookups in it.
Resolution for module 'fs' was found in cache from location '/Users/marcela-dev/Projects/motherboard-systems-hq-clean'.
======== Module name 'fs' was not resolved. ========
======== Resolving module 'fs/promises' from '/Users/marcela-dev/Projects/motherboard-systems-hq-clean/node_modules/@types/node/process.d.ts'. ========
Explicitly specified module resolution kind: 'Node10'.
'baseUrl' option is set to '/Users/marcela-dev/Projects/motherboard-systems-hq-clean', using this value to resolve non-relative module name 'fs/promises'.
Resolving module name 'fs/promises' relative to base url '/Users/marcela-dev/Projects/motherboard-systems-hq-clean' - '/Users/marcela-dev/Projects/motherboard-systems-hq-clean/fs/promises'.
Loading module as file / folder, candidate module location '/Users/marcela-dev/Projects/motherboard-systems-hq-clean/fs/promises', target file types: TypeScript, Declaration.
Loading module 'fs/promises' from 'node_modules' folder, target file types: TypeScript, Declaration.
Searching all ancestor node_modules directories for preferred extensions: TypeScript, Declaration.
Directory '/Users/marcela-dev/Projects/motherboard-systems-hq-clean/node_modules/@types/node/node_modules' does not exist, skipping all lookups in it.
Directory '/Users/marcela-dev/Projects/motherboard-systems-hq-clean/node_modules/@types/node_modules' does not exist, skipping all lookups in it.
Directory '/Users/marcela-dev/Projects/node_modules' does not exist, skipping all lookups in it.
Directory '/Users/node_modules' does not exist, skipping all lookups in it.
Directory '/node_modules' does not exist, skipping all lookups in it.
'baseUrl' option is set to '/Users/marcela-dev/Projects/motherboard-systems-hq-clean', using this value to resolve non-relative module name 'fs/promises'.
Resolving module name 'fs/promises' relative to base url '/Users/marcela-dev/Projects/motherboard-systems-hq-clean' - '/Users/marcela-dev/Projects/motherboard-systems-hq-clean/fs/promises'.
Loading module as file / folder, candidate module location '/Users/marcela-dev/Projects/motherboard-systems-hq-clean/fs/promises', target file types: JavaScript, JSON.
Loading module 'fs/promises' from 'node_modules' folder, target file types: JavaScript, JSON.
Searching all ancestor node_modules directories for fallback extensions: JavaScript, JSON.
Directory '/Users/marcela-dev/Projects/motherboard-systems-hq-clean/node_modules/@types/node/node_modules' does not exist, skipping all lookups in it.
Directory '/Users/marcela-dev/Projects/motherboard-systems-hq-clean/node_modules/@types/node_modules' does not exist, skipping all lookups in it.
Directory '/Users/marcela-dev/Projects/node_modules' does not exist, skipping all lookups in it.
Directory '/Users/node_modules' does not exist, skipping all lookups in it.
Directory '/node_modules' does not exist, skipping all lookups in it.
======== Module name 'fs/promises' was not resolved. ========
======== Resolving module 'node:fs/promises' from '/Users/marcela-dev/Projects/motherboard-systems-hq-clean/node_modules/@types/node/process.d.ts'. ========
Resolution for module 'node:fs/promises' was found in cache from location '/Users/marcela-dev/Projects/motherboard-systems-hq-clean/node_modules/@types/node'.
======== Module name 'node:fs/promises' was not resolved. ========
======== Resolving module 'http' from '/Users/marcela-dev/Projects/motherboard-systems-hq-clean/node_modules/@types/node/process.d.ts'. ========
Explicitly specified module resolution kind: 'Node10'.
'baseUrl' option is set to '/Users/marcela-dev/Projects/motherboard-systems-hq-clean', using this value to resolve non-relative module name 'http'.
Resolving module name 'http' relative to base url '/Users/marcela-dev/Projects/motherboard-systems-hq-clean' - '/Users/marcela-dev/Projects/motherboard-systems-hq-clean/http'.
Loading module as file / folder, candidate module location '/Users/marcela-dev/Projects/motherboard-systems-hq-clean/http', target file types: TypeScript, Declaration.
File '/Users/marcela-dev/Projects/motherboard-systems-hq-clean/http.ts' does not exist.
File '/Users/marcela-dev/Projects/motherboard-systems-hq-clean/http.tsx' does not exist.
File '/Users/marcela-dev/Projects/motherboard-systems-hq-clean/http.d.ts' does not exist.
Directory '/Users/marcela-dev/Projects/motherboard-systems-hq-clean/http' does not exist, skipping all lookups in it.
Loading module 'http' from 'node_modules' folder, target file types: TypeScript, Declaration.
Searching all ancestor node_modules directories for preferred extensions: TypeScript, Declaration.
Directory '/Users/marcela-dev/Projects/motherboard-systems-hq-clean/node_modules/@types/node/node_modules' does not exist, skipping all lookups in it.
Directory '/Users/marcela-dev/Projects/motherboard-systems-hq-clean/node_modules/@types/node_modules' does not exist, skipping all lookups in it.
File '/Users/marcela-dev/Projects/motherboard-systems-hq-clean/node_modules/http.ts' does not exist.
File '/Users/marcela-dev/Projects/motherboard-systems-hq-clean/node_modules/http.tsx' does not exist.
File '/Users/marcela-dev/Projects/motherboard-systems-hq-clean/node_modules/http.d.ts' does not exist.
File '/Users/marcela-dev/Projects/motherboard-systems-hq-clean/node_modules/@types/http.d.ts' does not exist.
Directory '/Users/marcela-dev/Projects/node_modules' does not exist, skipping all lookups in it.
File '/Users/marcela-dev/node_modules/http.ts' does not exist.
File '/Users/marcela-dev/node_modules/http.tsx' does not exist.
File '/Users/marcela-dev/node_modules/http.d.ts' does not exist.
File '/Users/marcela-dev/node_modules/@types/http.d.ts' does not exist.
Directory '/Users/node_modules' does not exist, skipping all lookups in it.
Directory '/node_modules' does not exist, skipping all lookups in it.
'baseUrl' option is set to '/Users/marcela-dev/Projects/motherboard-systems-hq-clean', using this value to resolve non-relative module name 'http'.
Resolving module name 'http' relative to base url '/Users/marcela-dev/Projects/motherboard-systems-hq-clean' - '/Users/marcela-dev/Projects/motherboard-systems-hq-clean/http'.
Loading module as file / folder, candidate module location '/Users/marcela-dev/Projects/motherboard-systems-hq-clean/http', target file types: JavaScript, JSON.
File '/Users/marcela-dev/Projects/motherboard-systems-hq-clean/http.js' does not exist.
File '/Users/marcela-dev/Projects/motherboard-systems-hq-clean/http.jsx' does not exist.
Directory '/Users/marcela-dev/Projects/motherboard-systems-hq-clean/http' does not exist, skipping all lookups in it.
Loading module 'http' from 'node_modules' folder, target file types: JavaScript, JSON.
Searching all ancestor node_modules directories for fallback extensions: JavaScript, JSON.
Directory '/Users/marcela-dev/Projects/motherboard-systems-hq-clean/node_modules/@types/node/node_modules' does not exist, skipping all lookups in it.
Directory '/Users/marcela-dev/Projects/motherboard-systems-hq-clean/node_modules/@types/node_modules' does not exist, skipping all lookups in it.
File '/Users/marcela-dev/Projects/motherboard-systems-hq-clean/node_modules/http.js' does not exist.
File '/Users/marcela-dev/Projects/motherboard-systems-hq-clean/node_modules/http.jsx' does not exist.
Directory '/Users/marcela-dev/Projects/node_modules' does not exist, skipping all lookups in it.
File '/Users/marcela-dev/node_modules/http.js' does not exist.
File '/Users/marcela-dev/node_modules/http.jsx' does not exist.
Directory '/Users/node_modules' does not exist, skipping all lookups in it.
Directory '/node_modules' does not exist, skipping all lookups in it.
======== Module name 'http' was not resolved. ========
======== Resolving module 'node:http' from '/Users/marcela-dev/Projects/motherboard-systems-hq-clean/node_modules/@types/node/process.d.ts'. ========
Resolution for module 'node:http' was found in cache from location '/Users/marcela-dev/Projects/motherboard-systems-hq-clean/node_modules/@types/node'.
======== Module name 'node:http' was not resolved. ========
======== Resolving module 'http2' from '/Users/marcela-dev/Projects/motherboard-systems-hq-clean/node_modules/@types/node/process.d.ts'. ========
Explicitly specified module resolution kind: 'Node10'.
'baseUrl' option is set to '/Users/marcela-dev/Projects/motherboard-systems-hq-clean', using this value to resolve non-relative module name 'http2'.
Resolving module name 'http2' relative to base url '/Users/marcela-dev/Projects/motherboard-systems-hq-clean' - '/Users/marcela-dev/Projects/motherboard-systems-hq-clean/http2'.
Loading module as file / folder, candidate module location '/Users/marcela-dev/Projects/motherboard-systems-hq-clean/http2', target file types: TypeScript, Declaration.
File '/Users/marcela-dev/Projects/motherboard-systems-hq-clean/http2.ts' does not exist.
File '/Users/marcela-dev/Projects/motherboard-systems-hq-clean/http2.tsx' does not exist.
File '/Users/marcela-dev/Projects/motherboard-systems-hq-clean/http2.d.ts' does not exist.
Directory '/Users/marcela-dev/Projects/motherboard-systems-hq-clean/http2' does not exist, skipping all lookups in it.
Loading module 'http2' from 'node_modules' folder, target file types: TypeScript, Declaration.
Searching all ancestor node_modules directories for preferred extensions: TypeScript, Declaration.
Directory '/Users/marcela-dev/Projects/motherboard-systems-hq-clean/node_modules/@types/node/node_modules' does not exist, skipping all lookups in it.
Directory '/Users/marcela-dev/Projects/motherboard-systems-hq-clean/node_modules/@types/node_modules' does not exist, skipping all lookups in it.
File '/Users/marcela-dev/Projects/motherboard-systems-hq-clean/node_modules/http2.ts' does not exist.
File '/Users/marcela-dev/Projects/motherboard-systems-hq-clean/node_modules/http2.tsx' does not exist.
File '/Users/marcela-dev/Projects/motherboard-systems-hq-clean/node_modules/http2.d.ts' does not exist.
File '/Users/marcela-dev/Projects/motherboard-systems-hq-clean/node_modules/@types/http2.d.ts' does not exist.
Directory '/Users/marcela-dev/Projects/node_modules' does not exist, skipping all lookups in it.
File '/Users/marcela-dev/node_modules/http2.ts' does not exist.
File '/Users/marcela-dev/node_modules/http2.tsx' does not exist.
File '/Users/marcela-dev/node_modules/http2.d.ts' does not exist.
File '/Users/marcela-dev/node_modules/@types/http2.d.ts' does not exist.
Directory '/Users/node_modules' does not exist, skipping all lookups in it.
Directory '/node_modules' does not exist, skipping all lookups in it.
'baseUrl' option is set to '/Users/marcela-dev/Projects/motherboard-systems-hq-clean', using this value to resolve non-relative module name 'http2'.
Resolving module name 'http2' relative to base url '/Users/marcela-dev/Projects/motherboard-systems-hq-clean' - '/Users/marcela-dev/Projects/motherboard-systems-hq-clean/http2'.
Loading module as file / folder, candidate module location '/Users/marcela-dev/Projects/motherboard-systems-hq-clean/http2', target file types: JavaScript, JSON.
File '/Users/marcela-dev/Projects/motherboard-systems-hq-clean/http2.js' does not exist.
File '/Users/marcela-dev/Projects/motherboard-systems-hq-clean/http2.jsx' does not exist.
Directory '/Users/marcela-dev/Projects/motherboard-systems-hq-clean/http2' does not exist, skipping all lookups in it.
Loading module 'http2' from 'node_modules' folder, target file types: JavaScript, JSON.
Searching all ancestor node_modules directories for fallback extensions: JavaScript, JSON.
Directory '/Users/marcela-dev/Projects/motherboard-systems-hq-clean/node_modules/@types/node/node_modules' does not exist, skipping all lookups in it.
Directory '/Users/marcela-dev/Projects/motherboard-systems-hq-clean/node_modules/@types/node_modules' does not exist, skipping all lookups in it.
File '/Users/marcela-dev/Projects/motherboard-systems-hq-clean/node_modules/http2.js' does not exist.
File '/Users/marcela-dev/Projects/motherboard-systems-hq-clean/node_modules/http2.jsx' does not exist.
Directory '/Users/marcela-dev/Projects/node_modules' does not exist, skipping all lookups in it.
File '/Users/marcela-dev/node_modules/http2.js' does not exist.
File '/Users/marcela-dev/node_modules/http2.jsx' does not exist.
Directory '/Users/node_modules' does not exist, skipping all lookups in it.
Directory '/node_modules' does not exist, skipping all lookups in it.
======== Module name 'http2' was not resolved. ========
======== Resolving module 'node:http2' from '/Users/marcela-dev/Projects/motherboard-systems-hq-clean/node_modules/@types/node/process.d.ts'. ========
Explicitly specified module resolution kind: 'Node10'.
'baseUrl' option is set to '/Users/marcela-dev/Projects/motherboard-systems-hq-clean', using this value to resolve non-relative module name 'node:http2'.
Resolving module name 'node:http2' relative to base url '/Users/marcela-dev/Projects/motherboard-systems-hq-clean' - '/Users/marcela-dev/Projects/motherboard-systems-hq-clean/node:http2'.
Loading module as file / folder, candidate module location '/Users/marcela-dev/Projects/motherboard-systems-hq-clean/node:http2', target file types: TypeScript, Declaration.
File '/Users/marcela-dev/Projects/motherboard-systems-hq-clean/node:http2.ts' does not exist.
File '/Users/marcela-dev/Projects/motherboard-systems-hq-clean/node:http2.tsx' does not exist.
File '/Users/marcela-dev/Projects/motherboard-systems-hq-clean/node:http2.d.ts' does not exist.
Directory '/Users/marcela-dev/Projects/motherboard-systems-hq-clean/node:http2' does not exist, skipping all lookups in it.
Skipping module 'node:http2' that looks like an absolute URI, target file types: TypeScript, Declaration.
'baseUrl' option is set to '/Users/marcela-dev/Projects/motherboard-systems-hq-clean', using this value to resolve non-relative module name 'node:http2'.
Resolving module name 'node:http2' relative to base url '/Users/marcela-dev/Projects/motherboard-systems-hq-clean' - '/Users/marcela-dev/Projects/motherboard-systems-hq-clean/node:http2'.
Loading module as file / folder, candidate module location '/Users/marcela-dev/Projects/motherboard-systems-hq-clean/node:http2', target file types: JavaScript, JSON.
File '/Users/marcela-dev/Projects/motherboard-systems-hq-clean/node:http2.js' does not exist.
File '/Users/marcela-dev/Projects/motherboard-systems-hq-clean/node:http2.jsx' does not exist.
Directory '/Users/marcela-dev/Projects/motherboard-systems-hq-clean/node:http2' does not exist, skipping all lookups in it.
Skipping module 'node:http2' that looks like an absolute URI, target file types: JavaScript, JSON.
======== Module name 'node:http2' was not resolved. ========
======== Resolving module 'https' from '/Users/marcela-dev/Projects/motherboard-systems-hq-clean/node_modules/@types/node/process.d.ts'. ========
Explicitly specified module resolution kind: 'Node10'.
'baseUrl' option is set to '/Users/marcela-dev/Projects/motherboard-systems-hq-clean', using this value to resolve non-relative module name 'https'.
Resolving module name 'https' relative to base url '/Users/marcela-dev/Projects/motherboard-systems-hq-clean' - '/Users/marcela-dev/Projects/motherboard-systems-hq-clean/https'.
Loading module as file / folder, candidate module location '/Users/marcela-dev/Projects/motherboard-systems-hq-clean/https', target file types: TypeScript, Declaration.
File '/Users/marcela-dev/Projects/motherboard-systems-hq-clean/https.ts' does not exist.
File '/Users/marcela-dev/Projects/motherboard-systems-hq-clean/https.tsx' does not exist.
File '/Users/marcela-dev/Projects/motherboard-systems-hq-clean/https.d.ts' does not exist.
Directory '/Users/marcela-dev/Projects/motherboard-systems-hq-clean/https' does not exist, skipping all lookups in it.
Loading module 'https' from 'node_modules' folder, target file types: TypeScript, Declaration.
Searching all ancestor node_modules directories for preferred extensions: TypeScript, Declaration.
Directory '/Users/marcela-dev/Projects/motherboard-systems-hq-clean/node_modules/@types/node/node_modules' does not exist, skipping all lookups in it.
Directory '/Users/marcela-dev/Projects/motherboard-systems-hq-clean/node_modules/@types/node_modules' does not exist, skipping all lookups in it.
File '/Users/marcela-dev/Projects/motherboard-systems-hq-clean/node_modules/https.ts' does not exist.
File '/Users/marcela-dev/Projects/motherboard-systems-hq-clean/node_modules/https.tsx' does not exist.
File '/Users/marcela-dev/Projects/motherboard-systems-hq-clean/node_modules/https.d.ts' does not exist.
File '/Users/marcela-dev/Projects/motherboard-systems-hq-clean/node_modules/@types/https.d.ts' does not exist.
Directory '/Users/marcela-dev/Projects/node_modules' does not exist, skipping all lookups in it.
File '/Users/marcela-dev/node_modules/https.ts' does not exist.
File '/Users/marcela-dev/node_modules/https.tsx' does not exist.
File '/Users/marcela-dev/node_modules/https.d.ts' does not exist.
File '/Users/marcela-dev/node_modules/@types/https.d.ts' does not exist.
Directory '/Users/node_modules' does not exist, skipping all lookups in it.
Directory '/node_modules' does not exist, skipping all lookups in it.
'baseUrl' option is set to '/Users/marcela-dev/Projects/motherboard-systems-hq-clean', using this value to resolve non-relative module name 'https'.
Resolving module name 'https' relative to base url '/Users/marcela-dev/Projects/motherboard-systems-hq-clean' - '/Users/marcela-dev/Projects/motherboard-systems-hq-clean/https'.
Loading module as file / folder, candidate module location '/Users/marcela-dev/Projects/motherboard-systems-hq-clean/https', target file types: JavaScript, JSON.
File '/Users/marcela-dev/Projects/motherboard-systems-hq-clean/https.js' does not exist.
File '/Users/marcela-dev/Projects/motherboard-systems-hq-clean/https.jsx' does not exist.
Directory '/Users/marcela-dev/Projects/motherboard-systems-hq-clean/https' does not exist, skipping all lookups in it.
Loading module 'https' from 'node_modules' folder, target file types: JavaScript, JSON.
Searching all ancestor node_modules directories for fallback extensions: JavaScript, JSON.
Directory '/Users/marcela-dev/Projects/motherboard-systems-hq-clean/node_modules/@types/node/node_modules' does not exist, skipping all lookups in it.
Directory '/Users/marcela-dev/Projects/motherboard-systems-hq-clean/node_modules/@types/node_modules' does not exist, skipping all lookups in it.
File '/Users/marcela-dev/Projects/motherboard-systems-hq-clean/node_modules/https.js' does not exist.
File '/Users/marcela-dev/Projects/motherboard-systems-hq-clean/node_modules/https.jsx' does not exist.
Directory '/Users/marcela-dev/Projects/node_modules' does not exist, skipping all lookups in it.
File '/Users/marcela-dev/node_modules/https.js' does not exist.
File '/Users/marcela-dev/node_modules/https.jsx' does not exist.
Directory '/Users/node_modules' does not exist, skipping all lookups in it.
Directory '/node_modules' does not exist, skipping all lookups in it.
======== Module name 'https' was not resolved. ========
======== Resolving module 'node:https' from '/Users/marcela-dev/Projects/motherboard-systems-hq-clean/node_modules/@types/node/process.d.ts'. ========
Explicitly specified module resolution kind: 'Node10'.
'baseUrl' option is set to '/Users/marcela-dev/Projects/motherboard-systems-hq-clean', using this value to resolve non-relative module name 'node:https'.
Resolving module name 'node:https' relative to base url '/Users/marcela-dev/Projects/motherboard-systems-hq-clean' - '/Users/marcela-dev/Projects/motherboard-systems-hq-clean/node:https'.
Loading module as file / folder, candidate module location '/Users/marcela-dev/Projects/motherboard-systems-hq-clean/node:https', target file types: TypeScript, Declaration.
File '/Users/marcela-dev/Projects/motherboard-systems-hq-clean/node:https.ts' does not exist.
File '/Users/marcela-dev/Projects/motherboard-systems-hq-clean/node:https.tsx' does not exist.
File '/Users/marcela-dev/Projects/motherboard-systems-hq-clean/node:https.d.ts' does not exist.
Directory '/Users/marcela-dev/Projects/motherboard-systems-hq-clean/node:https' does not exist, skipping all lookups in it.
Skipping module 'node:https' that looks like an absolute URI, target file types: TypeScript, Declaration.
'baseUrl' option is set to '/Users/marcela-dev/Projects/motherboard-systems-hq-clean', using this value to resolve non-relative module name 'node:https'.
Resolving module name 'node:https' relative to base url '/Users/marcela-dev/Projects/motherboard-systems-hq-clean' - '/Users/marcela-dev/Projects/motherboard-systems-hq-clean/node:https'.
Loading module as file / folder, candidate module location '/Users/marcela-dev/Projects/motherboard-systems-hq-clean/node:https', target file types: JavaScript, JSON.
File '/Users/marcela-dev/Projects/motherboard-systems-hq-clean/node:https.js' does not exist.
File '/Users/marcela-dev/Projects/motherboard-systems-hq-clean/node:https.jsx' does not exist.
Directory '/Users/marcela-dev/Projects/motherboard-systems-hq-clean/node:https' does not exist, skipping all lookups in it.
Skipping module 'node:https' that looks like an absolute URI, target file types: JavaScript, JSON.
======== Module name 'node:https' was not resolved. ========
======== Resolving module 'inspector' from '/Users/marcela-dev/Projects/motherboard-systems-hq-clean/node_modules/@types/node/process.d.ts'. ========
Explicitly specified module resolution kind: 'Node10'.
'baseUrl' option is set to '/Users/marcela-dev/Projects/motherboard-systems-hq-clean', using this value to resolve non-relative module name 'inspector'.
Resolving module name 'inspector' relative to base url '/Users/marcela-dev/Projects/motherboard-systems-hq-clean' - '/Users/marcela-dev/Projects/motherboard-systems-hq-clean/inspector'.
Loading module as file / folder, candidate module location '/Users/marcela-dev/Projects/motherboard-systems-hq-clean/inspector', target file types: TypeScript, Declaration.
File '/Users/marcela-dev/Projects/motherboard-systems-hq-clean/inspector.ts' does not exist.
File '/Users/marcela-dev/Projects/motherboard-systems-hq-clean/inspector.tsx' does not exist.
File '/Users/marcela-dev/Projects/motherboard-systems-hq-clean/inspector.d.ts' does not exist.
Directory '/Users/marcela-dev/Projects/motherboard-systems-hq-clean/inspector' does not exist, skipping all lookups in it.
Loading module 'inspector' from 'node_modules' folder, target file types: TypeScript, Declaration.
Searching all ancestor node_modules directories for preferred extensions: TypeScript, Declaration.
Directory '/Users/marcela-dev/Projects/motherboard-systems-hq-clean/node_modules/@types/node/node_modules' does not exist, skipping all lookups in it.
Directory '/Users/marcela-dev/Projects/motherboard-systems-hq-clean/node_modules/@types/node_modules' does not exist, skipping all lookups in it.
File '/Users/marcela-dev/Projects/motherboard-systems-hq-clean/node_modules/inspector.ts' does not exist.
File '/Users/marcela-dev/Projects/motherboard-systems-hq-clean/node_modules/inspector.tsx' does not exist.
File '/Users/marcela-dev/Projects/motherboard-systems-hq-clean/node_modules/inspector.d.ts' does not exist.
File '/Users/marcela-dev/Projects/motherboard-systems-hq-clean/node_modules/@types/inspector.d.ts' does not exist.
Directory '/Users/marcela-dev/Projects/node_modules' does not exist, skipping all lookups in it.
File '/Users/marcela-dev/node_modules/inspector.ts' does not exist.
File '/Users/marcela-dev/node_modules/inspector.tsx' does not exist.
File '/Users/marcela-dev/node_modules/inspector.d.ts' does not exist.
File '/Users/marcela-dev/node_modules/@types/inspector.d.ts' does not exist.
Directory '/Users/node_modules' does not exist, skipping all lookups in it.
Directory '/node_modules' does not exist, skipping all lookups in it.
'baseUrl' option is set to '/Users/marcela-dev/Projects/motherboard-systems-hq-clean', using this value to resolve non-relative module name 'inspector'.
Resolving module name 'inspector' relative to base url '/Users/marcela-dev/Projects/motherboard-systems-hq-clean' - '/Users/marcela-dev/Projects/motherboard-systems-hq-clean/inspector'.
Loading module as file / folder, candidate module location '/Users/marcela-dev/Projects/motherboard-systems-hq-clean/inspector', target file types: JavaScript, JSON.
File '/Users/marcela-dev/Projects/motherboard-systems-hq-clean/inspector.js' does not exist.
File '/Users/marcela-dev/Projects/motherboard-systems-hq-clean/inspector.jsx' does not exist.
Directory '/Users/marcela-dev/Projects/motherboard-systems-hq-clean/inspector' does not exist, skipping all lookups in it.
Loading module 'inspector' from 'node_modules' folder, target file types: JavaScript, JSON.
Searching all ancestor node_modules directories for fallback extensions: JavaScript, JSON.
Directory '/Users/marcela-dev/Projects/motherboard-systems-hq-clean/node_modules/@types/node/node_modules' does not exist, skipping all lookups in it.
Directory '/Users/marcela-dev/Projects/motherboard-systems-hq-clean/node_modules/@types/node_modules' does not exist, skipping all lookups in it.
File '/Users/marcela-dev/Projects/motherboard-systems-hq-clean/node_modules/inspector.js' does not exist.
File '/Users/marcela-dev/Projects/motherboard-systems-hq-clean/node_modules/inspector.jsx' does not exist.
Directory '/Users/marcela-dev/Projects/node_modules' does not exist, skipping all lookups in it.
File '/Users/marcela-dev/node_modules/inspector.js' does not exist.
File '/Users/marcela-dev/node_modules/inspector.jsx' does not exist.
Directory '/Users/node_modules' does not exist, skipping all lookups in it.
Directory '/node_modules' does not exist, skipping all lookups in it.
======== Module name 'inspector' was not resolved. ========
======== Resolving module 'node:inspector' from '/Users/marcela-dev/Projects/motherboard-systems-hq-clean/node_modules/@types/node/process.d.ts'. ========
Explicitly specified module resolution kind: 'Node10'.
'baseUrl' option is set to '/Users/marcela-dev/Projects/motherboard-systems-hq-clean', using this value to resolve non-relative module name 'node:inspector'.
Resolving module name 'node:inspector' relative to base url '/Users/marcela-dev/Projects/motherboard-systems-hq-clean' - '/Users/marcela-dev/Projects/motherboard-systems-hq-clean/node:inspector'.
Loading module as file / folder, candidate module location '/Users/marcela-dev/Projects/motherboard-systems-hq-clean/node:inspector', target file types: TypeScript, Declaration.
File '/Users/marcela-dev/Projects/motherboard-systems-hq-clean/node:inspector.ts' does not exist.
File '/Users/marcela-dev/Projects/motherboard-systems-hq-clean/node:inspector.tsx' does not exist.
File '/Users/marcela-dev/Projects/motherboard-systems-hq-clean/node:inspector.d.ts' does not exist.
Directory '/Users/marcela-dev/Projects/motherboard-systems-hq-clean/node:inspector' does not exist, skipping all lookups in it.
Skipping module 'node:inspector' that looks like an absolute URI, target file types: TypeScript, Declaration.
'baseUrl' option is set to '/Users/marcela-dev/Projects/motherboard-systems-hq-clean', using this value to resolve non-relative module name 'node:inspector'.
Resolving module name 'node:inspector' relative to base url '/Users/marcela-dev/Projects/motherboard-systems-hq-clean' - '/Users/marcela-dev/Projects/motherboard-systems-hq-clean/node:inspector'.
Loading module as file / folder, candidate module location '/Users/marcela-dev/Projects/motherboard-systems-hq-clean/node:inspector', target file types: JavaScript, JSON.
File '/Users/marcela-dev/Projects/motherboard-systems-hq-clean/node:inspector.js' does not exist.
File '/Users/marcela-dev/Projects/motherboard-systems-hq-clean/node:inspector.jsx' does not exist.
Directory '/Users/marcela-dev/Projects/motherboard-systems-hq-clean/node:inspector' does not exist, skipping all lookups in it.
Skipping module 'node:inspector' that looks like an absolute URI, target file types: JavaScript, JSON.
======== Module name 'node:inspector' was not resolved. ========
======== Resolving module 'inspector/promises' from '/Users/marcela-dev/Projects/motherboard-systems-hq-clean/node_modules/@types/node/process.d.ts'. ========
Explicitly specified module resolution kind: 'Node10'.
'baseUrl' option is set to '/Users/marcela-dev/Projects/motherboard-systems-hq-clean', using this value to resolve non-relative module name 'inspector/promises'.
Resolving module name 'inspector/promises' relative to base url '/Users/marcela-dev/Projects/motherboard-systems-hq-clean' - '/Users/marcela-dev/Projects/motherboard-systems-hq-clean/inspector/promises'.
Loading module as file / folder, candidate module location '/Users/marcela-dev/Projects/motherboard-systems-hq-clean/inspector/promises', target file types: TypeScript, Declaration.
Loading module 'inspector/promises' from 'node_modules' folder, target file types: TypeScript, Declaration.
Searching all ancestor node_modules directories for preferred extensions: TypeScript, Declaration.
Directory '/Users/marcela-dev/Projects/motherboard-systems-hq-clean/node_modules/@types/node/node_modules' does not exist, skipping all lookups in it.
Directory '/Users/marcela-dev/Projects/motherboard-systems-hq-clean/node_modules/@types/node_modules' does not exist, skipping all lookups in it.
Directory '/Users/marcela-dev/Projects/node_modules' does not exist, skipping all lookups in it.
Directory '/Users/node_modules' does not exist, skipping all lookups in it.
Directory '/node_modules' does not exist, skipping all lookups in it.
'baseUrl' option is set to '/Users/marcela-dev/Projects/motherboard-systems-hq-clean', using this value to resolve non-relative module name 'inspector/promises'.
Resolving module name 'inspector/promises' relative to base url '/Users/marcela-dev/Projects/motherboard-systems-hq-clean' - '/Users/marcela-dev/Projects/motherboard-systems-hq-clean/inspector/promises'.
Loading module as file / folder, candidate module location '/Users/marcela-dev/Projects/motherboard-systems-hq-clean/inspector/promises', target file types: JavaScript, JSON.
Loading module 'inspector/promises' from 'node_modules' folder, target file types: JavaScript, JSON.
Searching all ancestor node_modules directories for fallback extensions: JavaScript, JSON.
Directory '/Users/marcela-dev/Projects/motherboard-systems-hq-clean/node_modules/@types/node/node_modules' does not exist, skipping all lookups in it.
Directory '/Users/marcela-dev/Projects/motherboard-systems-hq-clean/node_modules/@types/node_modules' does not exist, skipping all lookups in it.
Directory '/Users/marcela-dev/Projects/node_modules' does not exist, skipping all lookups in it.
Directory '/Users/node_modules' does not exist, skipping all lookups in it.
Directory '/node_modules' does not exist, skipping all lookups in it.
======== Module name 'inspector/promises' was not resolved. ========
======== Resolving module 'node:inspector/promises' from '/Users/marcela-dev/Projects/motherboard-systems-hq-clean/node_modules/@types/node/process.d.ts'. ========
Explicitly specified module resolution kind: 'Node10'.
'baseUrl' option is set to '/Users/marcela-dev/Projects/motherboard-systems-hq-clean', using this value to resolve non-relative module name 'node:inspector/promises'.
Resolving module name 'node:inspector/promises' relative to base url '/Users/marcela-dev/Projects/motherboard-systems-hq-clean' - '/Users/marcela-dev/Projects/motherboard-systems-hq-clean/node:inspector/promises'.
Loading module as file / folder, candidate module location '/Users/marcela-dev/Projects/motherboard-systems-hq-clean/node:inspector/promises', target file types: TypeScript, Declaration.
Skipping module 'node:inspector/promises' that looks like an absolute URI, target file types: TypeScript, Declaration.
'baseUrl' option is set to '/Users/marcela-dev/Projects/motherboard-systems-hq-clean', using this value to resolve non-relative module name 'node:inspector/promises'.
Resolving module name 'node:inspector/promises' relative to base url '/Users/marcela-dev/Projects/motherboard-systems-hq-clean' - '/Users/marcela-dev/Projects/motherboard-systems-hq-clean/node:inspector/promises'.
Loading module as file / folder, candidate module location '/Users/marcela-dev/Projects/motherboard-systems-hq-clean/node:inspector/promises', target file types: JavaScript, JSON.
Skipping module 'node:inspector/promises' that looks like an absolute URI, target file types: JavaScript, JSON.
======== Module name 'node:inspector/promises' was not resolved. ========
======== Resolving module 'module' from '/Users/marcela-dev/Projects/motherboard-systems-hq-clean/node_modules/@types/node/process.d.ts'. ========
Explicitly specified module resolution kind: 'Node10'.
'baseUrl' option is set to '/Users/marcela-dev/Projects/motherboard-systems-hq-clean', using this value to resolve non-relative module name 'module'.
Resolving module name 'module' relative to base url '/Users/marcela-dev/Projects/motherboard-systems-hq-clean' - '/Users/marcela-dev/Projects/motherboard-systems-hq-clean/module'.
Loading module as file / folder, candidate module location '/Users/marcela-dev/Projects/motherboard-systems-hq-clean/module', target file types: TypeScript, Declaration.
File '/Users/marcela-dev/Projects/motherboard-systems-hq-clean/module.ts' does not exist.
File '/Users/marcela-dev/Projects/motherboard-systems-hq-clean/module.tsx' does not exist.
File '/Users/marcela-dev/Projects/motherboard-systems-hq-clean/module.d.ts' does not exist.
Directory '/Users/marcela-dev/Projects/motherboard-systems-hq-clean/module' does not exist, skipping all lookups in it.
Loading module 'module' from 'node_modules' folder, target file types: TypeScript, Declaration.
Searching all ancestor node_modules directories for preferred extensions: TypeScript, Declaration.
Directory '/Users/marcela-dev/Projects/motherboard-systems-hq-clean/node_modules/@types/node/node_modules' does not exist, skipping all lookups in it.
Directory '/Users/marcela-dev/Projects/motherboard-systems-hq-clean/node_modules/@types/node_modules' does not exist, skipping all lookups in it.
File '/Users/marcela-dev/Projects/motherboard-systems-hq-clean/node_modules/module.ts' does not exist.
File '/Users/marcela-dev/Projects/motherboard-systems-hq-clean/node_modules/module.tsx' does not exist.
File '/Users/marcela-dev/Projects/motherboard-systems-hq-clean/node_modules/module.d.ts' does not exist.
File '/Users/marcela-dev/Projects/motherboard-systems-hq-clean/node_modules/@types/module.d.ts' does not exist.
Directory '/Users/marcela-dev/Projects/node_modules' does not exist, skipping all lookups in it.
File '/Users/marcela-dev/node_modules/module.ts' does not exist.
File '/Users/marcela-dev/node_modules/module.tsx' does not exist.
File '/Users/marcela-dev/node_modules/module.d.ts' does not exist.
File '/Users/marcela-dev/node_modules/@types/module.d.ts' does not exist.
Directory '/Users/node_modules' does not exist, skipping all lookups in it.
Directory '/node_modules' does not exist, skipping all lookups in it.
'baseUrl' option is set to '/Users/marcela-dev/Projects/motherboard-systems-hq-clean', using this value to resolve non-relative module name 'module'.
Resolving module name 'module' relative to base url '/Users/marcela-dev/Projects/motherboard-systems-hq-clean' - '/Users/marcela-dev/Projects/motherboard-systems-hq-clean/module'.
Loading module as file / folder, candidate module location '/Users/marcela-dev/Projects/motherboard-systems-hq-clean/module', target file types: JavaScript, JSON.
File '/Users/marcela-dev/Projects/motherboard-systems-hq-clean/module.js' does not exist.
File '/Users/marcela-dev/Projects/motherboard-systems-hq-clean/module.jsx' does not exist.
Directory '/Users/marcela-dev/Projects/motherboard-systems-hq-clean/module' does not exist, skipping all lookups in it.
Loading module 'module' from 'node_modules' folder, target file types: JavaScript, JSON.
Searching all ancestor node_modules directories for fallback extensions: JavaScript, JSON.
Directory '/Users/marcela-dev/Projects/motherboard-systems-hq-clean/node_modules/@types/node/node_modules' does not exist, skipping all lookups in it.
Directory '/Users/marcela-dev/Projects/motherboard-systems-hq-clean/node_modules/@types/node_modules' does not exist, skipping all lookups in it.
File '/Users/marcela-dev/Projects/motherboard-systems-hq-clean/node_modules/module.js' does not exist.
File '/Users/marcela-dev/Projects/motherboard-systems-hq-clean/node_modules/module.jsx' does not exist.
Directory '/Users/marcela-dev/Projects/node_modules' does not exist, skipping all lookups in it.
File '/Users/marcela-dev/node_modules/module.js' does not exist.
File '/Users/marcela-dev/node_modules/module.jsx' does not exist.
Directory '/Users/node_modules' does not exist, skipping all lookups in it.
Directory '/node_modules' does not exist, skipping all lookups in it.
======== Module name 'module' was not resolved. ========
======== Resolving module 'node:module' from '/Users/marcela-dev/Projects/motherboard-systems-hq-clean/node_modules/@types/node/process.d.ts'. ========
Explicitly specified module resolution kind: 'Node10'.
'baseUrl' option is set to '/Users/marcela-dev/Projects/motherboard-systems-hq-clean', using this value to resolve non-relative module name 'node:module'.
Resolving module name 'node:module' relative to base url '/Users/marcela-dev/Projects/motherboard-systems-hq-clean' - '/Users/marcela-dev/Projects/motherboard-systems-hq-clean/node:module'.
Loading module as file / folder, candidate module location '/Users/marcela-dev/Projects/motherboard-systems-hq-clean/node:module', target file types: TypeScript, Declaration.
File '/Users/marcela-dev/Projects/motherboard-systems-hq-clean/node:module.ts' does not exist.
File '/Users/marcela-dev/Projects/motherboard-systems-hq-clean/node:module.tsx' does not exist.
File '/Users/marcela-dev/Projects/motherboard-systems-hq-clean/node:module.d.ts' does not exist.
Directory '/Users/marcela-dev/Projects/motherboard-systems-hq-clean/node:module' does not exist, skipping all lookups in it.
Skipping module 'node:module' that looks like an absolute URI, target file types: TypeScript, Declaration.
'baseUrl' option is set to '/Users/marcela-dev/Projects/motherboard-systems-hq-clean', using this value to resolve non-relative module name 'node:module'.
Resolving module name 'node:module' relative to base url '/Users/marcela-dev/Projects/motherboard-systems-hq-clean' - '/Users/marcela-dev/Projects/motherboard-systems-hq-clean/node:module'.
Loading module as file / folder, candidate module location '/Users/marcela-dev/Projects/motherboard-systems-hq-clean/node:module', target file types: JavaScript, JSON.
File '/Users/marcela-dev/Projects/motherboard-systems-hq-clean/node:module.js' does not exist.
File '/Users/marcela-dev/Projects/motherboard-systems-hq-clean/node:module.jsx' does not exist.
Directory '/Users/marcela-dev/Projects/motherboard-systems-hq-clean/node:module' does not exist, skipping all lookups in it.
Skipping module 'node:module' that looks like an absolute URI, target file types: JavaScript, JSON.
======== Module name 'node:module' was not resolved. ========
======== Resolving module 'net' from '/Users/marcela-dev/Projects/motherboard-systems-hq-clean/node_modules/@types/node/process.d.ts'. ========
Explicitly specified module resolution kind: 'Node10'.
'baseUrl' option is set to '/Users/marcela-dev/Projects/motherboard-systems-hq-clean', using this value to resolve non-relative module name 'net'.
Resolving module name 'net' relative to base url '/Users/marcela-dev/Projects/motherboard-systems-hq-clean' - '/Users/marcela-dev/Projects/motherboard-systems-hq-clean/net'.
Loading module as file / folder, candidate module location '/Users/marcela-dev/Projects/motherboard-systems-hq-clean/net', target file types: TypeScript, Declaration.
File '/Users/marcela-dev/Projects/motherboard-systems-hq-clean/net.ts' does not exist.
File '/Users/marcela-dev/Projects/motherboard-systems-hq-clean/net.tsx' does not exist.
File '/Users/marcela-dev/Projects/motherboard-systems-hq-clean/net.d.ts' does not exist.
Directory '/Users/marcela-dev/Projects/motherboard-systems-hq-clean/net' does not exist, skipping all lookups in it.
Loading module 'net' from 'node_modules' folder, target file types: TypeScript, Declaration.
Searching all ancestor node_modules directories for preferred extensions: TypeScript, Declaration.
Directory '/Users/marcela-dev/Projects/motherboard-systems-hq-clean/node_modules/@types/node/node_modules' does not exist, skipping all lookups in it.
Directory '/Users/marcela-dev/Projects/motherboard-systems-hq-clean/node_modules/@types/node_modules' does not exist, skipping all lookups in it.
Resolution for module 'net' was found in cache from location '/Users/marcela-dev/Projects/motherboard-systems-hq-clean'.
======== Module name 'net' was not resolved. ========
======== Resolving module 'node:net' from '/Users/marcela-dev/Projects/motherboard-systems-hq-clean/node_modules/@types/node/process.d.ts'. ========
Resolution for module 'node:net' was found in cache from location '/Users/marcela-dev/Projects/motherboard-systems-hq-clean/node_modules/@types/node'.
======== Module name 'node:net' was not resolved. ========
======== Resolving module 'os' from '/Users/marcela-dev/Projects/motherboard-systems-hq-clean/node_modules/@types/node/process.d.ts'. ========
Explicitly specified module resolution kind: 'Node10'.
'baseUrl' option is set to '/Users/marcela-dev/Projects/motherboard-systems-hq-clean', using this value to resolve non-relative module name 'os'.
Resolving module name 'os' relative to base url '/Users/marcela-dev/Projects/motherboard-systems-hq-clean' - '/Users/marcela-dev/Projects/motherboard-systems-hq-clean/os'.
Loading module as file / folder, candidate module location '/Users/marcela-dev/Projects/motherboard-systems-hq-clean/os', target file types: TypeScript, Declaration.
File '/Users/marcela-dev/Projects/motherboard-systems-hq-clean/os.ts' does not exist.
File '/Users/marcela-dev/Projects/motherboard-systems-hq-clean/os.tsx' does not exist.
File '/Users/marcela-dev/Projects/motherboard-systems-hq-clean/os.d.ts' does not exist.
Directory '/Users/marcela-dev/Projects/motherboard-systems-hq-clean/os' does not exist, skipping all lookups in it.
Loading module 'os' from 'node_modules' folder, target file types: TypeScript, Declaration.
Searching all ancestor node_modules directories for preferred extensions: TypeScript, Declaration.
Directory '/Users/marcela-dev/Projects/motherboard-systems-hq-clean/node_modules/@types/node/node_modules' does not exist, skipping all lookups in it.
Directory '/Users/marcela-dev/Projects/motherboard-systems-hq-clean/node_modules/@types/node_modules' does not exist, skipping all lookups in it.
File '/Users/marcela-dev/Projects/motherboard-systems-hq-clean/node_modules/os.ts' does not exist.
File '/Users/marcela-dev/Projects/motherboard-systems-hq-clean/node_modules/os.tsx' does not exist.
File '/Users/marcela-dev/Projects/motherboard-systems-hq-clean/node_modules/os.d.ts' does not exist.
File '/Users/marcela-dev/Projects/motherboard-systems-hq-clean/node_modules/@types/os.d.ts' does not exist.
Directory '/Users/marcela-dev/Projects/node_modules' does not exist, skipping all lookups in it.
File '/Users/marcela-dev/node_modules/os.ts' does not exist.
File '/Users/marcela-dev/node_modules/os.tsx' does not exist.
File '/Users/marcela-dev/node_modules/os.d.ts' does not exist.
File '/Users/marcela-dev/node_modules/@types/os.d.ts' does not exist.
Directory '/Users/node_modules' does not exist, skipping all lookups in it.
Directory '/node_modules' does not exist, skipping all lookups in it.
'baseUrl' option is set to '/Users/marcela-dev/Projects/motherboard-systems-hq-clean', using this value to resolve non-relative module name 'os'.
Resolving module name 'os' relative to base url '/Users/marcela-dev/Projects/motherboard-systems-hq-clean' - '/Users/marcela-dev/Projects/motherboard-systems-hq-clean/os'.
Loading module as file / folder, candidate module location '/Users/marcela-dev/Projects/motherboard-systems-hq-clean/os', target file types: JavaScript, JSON.
File '/Users/marcela-dev/Projects/motherboard-systems-hq-clean/os.js' does not exist.
File '/Users/marcela-dev/Projects/motherboard-systems-hq-clean/os.jsx' does not exist.
Directory '/Users/marcela-dev/Projects/motherboard-systems-hq-clean/os' does not exist, skipping all lookups in it.
Loading module 'os' from 'node_modules' folder, target file types: JavaScript, JSON.
Searching all ancestor node_modules directories for fallback extensions: JavaScript, JSON.
Directory '/Users/marcela-dev/Projects/motherboard-systems-hq-clean/node_modules/@types/node/node_modules' does not exist, skipping all lookups in it.
Directory '/Users/marcela-dev/Projects/motherboard-systems-hq-clean/node_modules/@types/node_modules' does not exist, skipping all lookups in it.
File '/Users/marcela-dev/Projects/motherboard-systems-hq-clean/node_modules/os.js' does not exist.
File '/Users/marcela-dev/Projects/motherboard-systems-hq-clean/node_modules/os.jsx' does not exist.
Directory '/Users/marcela-dev/Projects/node_modules' does not exist, skipping all lookups in it.
File '/Users/marcela-dev/node_modules/os.js' does not exist.
File '/Users/marcela-dev/node_modules/os.jsx' does not exist.
Directory '/Users/node_modules' does not exist, skipping all lookups in it.
Directory '/node_modules' does not exist, skipping all lookups in it.
======== Module name 'os' was not resolved. ========
======== Resolving module 'node:os' from '/Users/marcela-dev/Projects/motherboard-systems-hq-clean/node_modules/@types/node/process.d.ts'. ========
Resolution for module 'node:os' was found in cache from location '/Users/marcela-dev/Projects/motherboard-systems-hq-clean/node_modules/@types/node'.
======== Module name 'node:os' was not resolved. ========
======== Resolving module 'path' from '/Users/marcela-dev/Projects/motherboard-systems-hq-clean/node_modules/@types/node/process.d.ts'. ========
Explicitly specified module resolution kind: 'Node10'.
'baseUrl' option is set to '/Users/marcela-dev/Projects/motherboard-systems-hq-clean', using this value to resolve non-relative module name 'path'.
Resolving module name 'path' relative to base url '/Users/marcela-dev/Projects/motherboard-systems-hq-clean' - '/Users/marcela-dev/Projects/motherboard-systems-hq-clean/path'.
Loading module as file / folder, candidate module location '/Users/marcela-dev/Projects/motherboard-systems-hq-clean/path', target file types: TypeScript, Declaration.
File '/Users/marcela-dev/Projects/motherboard-systems-hq-clean/path.ts' does not exist.
File '/Users/marcela-dev/Projects/motherboard-systems-hq-clean/path.tsx' does not exist.
File '/Users/marcela-dev/Projects/motherboard-systems-hq-clean/path.d.ts' does not exist.
Directory '/Users/marcela-dev/Projects/motherboard-systems-hq-clean/path' does not exist, skipping all lookups in it.
Loading module 'path' from 'node_modules' folder, target file types: TypeScript, Declaration.
Searching all ancestor node_modules directories for preferred extensions: TypeScript, Declaration.
Directory '/Users/marcela-dev/Projects/motherboard-systems-hq-clean/node_modules/@types/node/node_modules' does not exist, skipping all lookups in it.
Directory '/Users/marcela-dev/Projects/motherboard-systems-hq-clean/node_modules/@types/node_modules' does not exist, skipping all lookups in it.
File '/Users/marcela-dev/Projects/motherboard-systems-hq-clean/node_modules/path.ts' does not exist.
File '/Users/marcela-dev/Projects/motherboard-systems-hq-clean/node_modules/path.tsx' does not exist.
File '/Users/marcela-dev/Projects/motherboard-systems-hq-clean/node_modules/path.d.ts' does not exist.
File '/Users/marcela-dev/Projects/motherboard-systems-hq-clean/node_modules/@types/path.d.ts' does not exist.
Directory '/Users/marcela-dev/Projects/node_modules' does not exist, skipping all lookups in it.
File '/Users/marcela-dev/node_modules/path.ts' does not exist.
File '/Users/marcela-dev/node_modules/path.tsx' does not exist.
File '/Users/marcela-dev/node_modules/path.d.ts' does not exist.
File '/Users/marcela-dev/node_modules/@types/path.d.ts' does not exist.
Directory '/Users/node_modules' does not exist, skipping all lookups in it.
Directory '/node_modules' does not exist, skipping all lookups in it.
'baseUrl' option is set to '/Users/marcela-dev/Projects/motherboard-systems-hq-clean', using this value to resolve non-relative module name 'path'.
Resolving module name 'path' relative to base url '/Users/marcela-dev/Projects/motherboard-systems-hq-clean' - '/Users/marcela-dev/Projects/motherboard-systems-hq-clean/path'.
Loading module as file / folder, candidate module location '/Users/marcela-dev/Projects/motherboard-systems-hq-clean/path', target file types: JavaScript, JSON.
File '/Users/marcela-dev/Projects/motherboard-systems-hq-clean/path.js' does not exist.
File '/Users/marcela-dev/Projects/motherboard-systems-hq-clean/path.jsx' does not exist.
Directory '/Users/marcela-dev/Projects/motherboard-systems-hq-clean/path' does not exist, skipping all lookups in it.
Loading module 'path' from 'node_modules' folder, target file types: JavaScript, JSON.
Searching all ancestor node_modules directories for fallback extensions: JavaScript, JSON.
Directory '/Users/marcela-dev/Projects/motherboard-systems-hq-clean/node_modules/@types/node/node_modules' does not exist, skipping all lookups in it.
Directory '/Users/marcela-dev/Projects/motherboard-systems-hq-clean/node_modules/@types/node_modules' does not exist, skipping all lookups in it.
File '/Users/marcela-dev/Projects/motherboard-systems-hq-clean/node_modules/path.js' does not exist.
File '/Users/marcela-dev/Projects/motherboard-systems-hq-clean/node_modules/path.jsx' does not exist.
Directory '/Users/marcela-dev/Projects/node_modules' does not exist, skipping all lookups in it.
File '/Users/marcela-dev/node_modules/path.js' does not exist.
File '/Users/marcela-dev/node_modules/path.jsx' does not exist.
Directory '/Users/node_modules' does not exist, skipping all lookups in it.
Directory '/node_modules' does not exist, skipping all lookups in it.
======== Module name 'path' was not resolved. ========
======== Resolving module 'node:path' from '/Users/marcela-dev/Projects/motherboard-systems-hq-clean/node_modules/@types/node/process.d.ts'. ========
Explicitly specified module resolution kind: 'Node10'.
'baseUrl' option is set to '/Users/marcela-dev/Projects/motherboard-systems-hq-clean', using this value to resolve non-relative module name 'node:path'.
Resolving module name 'node:path' relative to base url '/Users/marcela-dev/Projects/motherboard-systems-hq-clean' - '/Users/marcela-dev/Projects/motherboard-systems-hq-clean/node:path'.
Loading module as file / folder, candidate module location '/Users/marcela-dev/Projects/motherboard-systems-hq-clean/node:path', target file types: TypeScript, Declaration.
File '/Users/marcela-dev/Projects/motherboard-systems-hq-clean/node:path.ts' does not exist.
File '/Users/marcela-dev/Projects/motherboard-systems-hq-clean/node:path.tsx' does not exist.
File '/Users/marcela-dev/Projects/motherboard-systems-hq-clean/node:path.d.ts' does not exist.
Directory '/Users/marcela-dev/Projects/motherboard-systems-hq-clean/node:path' does not exist, skipping all lookups in it.
Skipping module 'node:path' that looks like an absolute URI, target file types: TypeScript, Declaration.
'baseUrl' option is set to '/Users/marcela-dev/Projects/motherboard-systems-hq-clean', using this value to resolve non-relative module name 'node:path'.
Resolving module name 'node:path' relative to base url '/Users/marcela-dev/Projects/motherboard-systems-hq-clean' - '/Users/marcela-dev/Projects/motherboard-systems-hq-clean/node:path'.
Loading module as file / folder, candidate module location '/Users/marcela-dev/Projects/motherboard-systems-hq-clean/node:path', target file types: JavaScript, JSON.
File '/Users/marcela-dev/Projects/motherboard-systems-hq-clean/node:path.js' does not exist.
File '/Users/marcela-dev/Projects/motherboard-systems-hq-clean/node:path.jsx' does not exist.
Directory '/Users/marcela-dev/Projects/motherboard-systems-hq-clean/node:path' does not exist, skipping all lookups in it.
Skipping module 'node:path' that looks like an absolute URI, target file types: JavaScript, JSON.
======== Module name 'node:path' was not resolved. ========
======== Resolving module 'path/posix' from '/Users/marcela-dev/Projects/motherboard-systems-hq-clean/node_modules/@types/node/process.d.ts'. ========
Explicitly specified module resolution kind: 'Node10'.
'baseUrl' option is set to '/Users/marcela-dev/Projects/motherboard-systems-hq-clean', using this value to resolve non-relative module name 'path/posix'.
Resolving module name 'path/posix' relative to base url '/Users/marcela-dev/Projects/motherboard-systems-hq-clean' - '/Users/marcela-dev/Projects/motherboard-systems-hq-clean/path/posix'.
Loading module as file / folder, candidate module location '/Users/marcela-dev/Projects/motherboard-systems-hq-clean/path/posix', target file types: TypeScript, Declaration.
Loading module 'path/posix' from 'node_modules' folder, target file types: TypeScript, Declaration.
Searching all ancestor node_modules directories for preferred extensions: TypeScript, Declaration.
Directory '/Users/marcela-dev/Projects/motherboard-systems-hq-clean/node_modules/@types/node/node_modules' does not exist, skipping all lookups in it.
Directory '/Users/marcela-dev/Projects/motherboard-systems-hq-clean/node_modules/@types/node_modules' does not exist, skipping all lookups in it.
Directory '/Users/marcela-dev/Projects/node_modules' does not exist, skipping all lookups in it.
Directory '/Users/node_modules' does not exist, skipping all lookups in it.
Directory '/node_modules' does not exist, skipping all lookups in it.
'baseUrl' option is set to '/Users/marcela-dev/Projects/motherboard-systems-hq-clean', using this value to resolve non-relative module name 'path/posix'.
Resolving module name 'path/posix' relative to base url '/Users/marcela-dev/Projects/motherboard-systems-hq-clean' - '/Users/marcela-dev/Projects/motherboard-systems-hq-clean/path/posix'.
Loading module as file / folder, candidate module location '/Users/marcela-dev/Projects/motherboard-systems-hq-clean/path/posix', target file types: JavaScript, JSON.
Loading module 'path/posix' from 'node_modules' folder, target file types: JavaScript, JSON.
Searching all ancestor node_modules directories for fallback extensions: JavaScript, JSON.
Directory '/Users/marcela-dev/Projects/motherboard-systems-hq-clean/node_modules/@types/node/node_modules' does not exist, skipping all lookups in it.
Directory '/Users/marcela-dev/Projects/motherboard-systems-hq-clean/node_modules/@types/node_modules' does not exist, skipping all lookups in it.
Directory '/Users/marcela-dev/Projects/node_modules' does not exist, skipping all lookups in it.
Directory '/Users/node_modules' does not exist, skipping all lookups in it.
Directory '/node_modules' does not exist, skipping all lookups in it.
======== Module name 'path/posix' was not resolved. ========
======== Resolving module 'node:path/posix' from '/Users/marcela-dev/Projects/motherboard-systems-hq-clean/node_modules/@types/node/process.d.ts'. ========
Explicitly specified module resolution kind: 'Node10'.
'baseUrl' option is set to '/Users/marcela-dev/Projects/motherboard-systems-hq-clean', using this value to resolve non-relative module name 'node:path/posix'.
Resolving module name 'node:path/posix' relative to base url '/Users/marcela-dev/Projects/motherboard-systems-hq-clean' - '/Users/marcela-dev/Projects/motherboard-systems-hq-clean/node:path/posix'.
Loading module as file / folder, candidate module location '/Users/marcela-dev/Projects/motherboard-systems-hq-clean/node:path/posix', target file types: TypeScript, Declaration.
Skipping module 'node:path/posix' that looks like an absolute URI, target file types: TypeScript, Declaration.
'baseUrl' option is set to '/Users/marcela-dev/Projects/motherboard-systems-hq-clean', using this value to resolve non-relative module name 'node:path/posix'.
Resolving module name 'node:path/posix' relative to base url '/Users/marcela-dev/Projects/motherboard-systems-hq-clean' - '/Users/marcela-dev/Projects/motherboard-systems-hq-clean/node:path/posix'.
Loading module as file / folder, candidate module location '/Users/marcela-dev/Projects/motherboard-systems-hq-clean/node:path/posix', target file types: JavaScript, JSON.
Skipping module 'node:path/posix' that looks like an absolute URI, target file types: JavaScript, JSON.
======== Module name 'node:path/posix' was not resolved. ========
======== Resolving module 'path/win32' from '/Users/marcela-dev/Projects/motherboard-systems-hq-clean/node_modules/@types/node/process.d.ts'. ========
Explicitly specified module resolution kind: 'Node10'.
'baseUrl' option is set to '/Users/marcela-dev/Projects/motherboard-systems-hq-clean', using this value to resolve non-relative module name 'path/win32'.
Resolving module name 'path/win32' relative to base url '/Users/marcela-dev/Projects/motherboard-systems-hq-clean' - '/Users/marcela-dev/Projects/motherboard-systems-hq-clean/path/win32'.
Loading module as file / folder, candidate module location '/Users/marcela-dev/Projects/motherboard-systems-hq-clean/path/win32', target file types: TypeScript, Declaration.
Loading module 'path/win32' from 'node_modules' folder, target file types: TypeScript, Declaration.
Searching all ancestor node_modules directories for preferred extensions: TypeScript, Declaration.
Directory '/Users/marcela-dev/Projects/motherboard-systems-hq-clean/node_modules/@types/node/node_modules' does not exist, skipping all lookups in it.
Directory '/Users/marcela-dev/Projects/motherboard-systems-hq-clean/node_modules/@types/node_modules' does not exist, skipping all lookups in it.
Directory '/Users/marcela-dev/Projects/node_modules' does not exist, skipping all lookups in it.
Directory '/Users/node_modules' does not exist, skipping all lookups in it.
Directory '/node_modules' does not exist, skipping all lookups in it.
'baseUrl' option is set to '/Users/marcela-dev/Projects/motherboard-systems-hq-clean', using this value to resolve non-relative module name 'path/win32'.
Resolving module name 'path/win32' relative to base url '/Users/marcela-dev/Projects/motherboard-systems-hq-clean' - '/Users/marcela-dev/Projects/motherboard-systems-hq-clean/path/win32'.
Loading module as file / folder, candidate module location '/Users/marcela-dev/Projects/motherboard-systems-hq-clean/path/win32', target file types: JavaScript, JSON.
Loading module 'path/win32' from 'node_modules' folder, target file types: JavaScript, JSON.
Searching all ancestor node_modules directories for fallback extensions: JavaScript, JSON.
Directory '/Users/marcela-dev/Projects/motherboard-systems-hq-clean/node_modules/@types/node/node_modules' does not exist, skipping all lookups in it.
Directory '/Users/marcela-dev/Projects/motherboard-systems-hq-clean/node_modules/@types/node_modules' does not exist, skipping all lookups in it.
Directory '/Users/marcela-dev/Projects/node_modules' does not exist, skipping all lookups in it.
Directory '/Users/node_modules' does not exist, skipping all lookups in it.
Directory '/node_modules' does not exist, skipping all lookups in it.
======== Module name 'path/win32' was not resolved. ========
======== Resolving module 'node:path/win32' from '/Users/marcela-dev/Projects/motherboard-systems-hq-clean/node_modules/@types/node/process.d.ts'. ========
Explicitly specified module resolution kind: 'Node10'.
'baseUrl' option is set to '/Users/marcela-dev/Projects/motherboard-systems-hq-clean', using this value to resolve non-relative module name 'node:path/win32'.
Resolving module name 'node:path/win32' relative to base url '/Users/marcela-dev/Projects/motherboard-systems-hq-clean' - '/Users/marcela-dev/Projects/motherboard-systems-hq-clean/node:path/win32'.
Loading module as file / folder, candidate module location '/Users/marcela-dev/Projects/motherboard-systems-hq-clean/node:path/win32', target file types: TypeScript, Declaration.
Skipping module 'node:path/win32' that looks like an absolute URI, target file types: TypeScript, Declaration.
'baseUrl' option is set to '/Users/marcela-dev/Projects/motherboard-systems-hq-clean', using this value to resolve non-relative module name 'node:path/win32'.
Resolving module name 'node:path/win32' relative to base url '/Users/marcela-dev/Projects/motherboard-systems-hq-clean' - '/Users/marcela-dev/Projects/motherboard-systems-hq-clean/node:path/win32'.
Loading module as file / folder, candidate module location '/Users/marcela-dev/Projects/motherboard-systems-hq-clean/node:path/win32', target file types: JavaScript, JSON.
Skipping module 'node:path/win32' that looks like an absolute URI, target file types: JavaScript, JSON.
======== Module name 'node:path/win32' was not resolved. ========
======== Resolving module 'perf_hooks' from '/Users/marcela-dev/Projects/motherboard-systems-hq-clean/node_modules/@types/node/process.d.ts'. ========
Explicitly specified module resolution kind: 'Node10'.
'baseUrl' option is set to '/Users/marcela-dev/Projects/motherboard-systems-hq-clean', using this value to resolve non-relative module name 'perf_hooks'.
Resolving module name 'perf_hooks' relative to base url '/Users/marcela-dev/Projects/motherboard-systems-hq-clean' - '/Users/marcela-dev/Projects/motherboard-systems-hq-clean/perf_hooks'.
Loading module as file / folder, candidate module location '/Users/marcela-dev/Projects/motherboard-systems-hq-clean/perf_hooks', target file types: TypeScript, Declaration.
File '/Users/marcela-dev/Projects/motherboard-systems-hq-clean/perf_hooks.ts' does not exist.
File '/Users/marcela-dev/Projects/motherboard-systems-hq-clean/perf_hooks.tsx' does not exist.
File '/Users/marcela-dev/Projects/motherboard-systems-hq-clean/perf_hooks.d.ts' does not exist.
Directory '/Users/marcela-dev/Projects/motherboard-systems-hq-clean/perf_hooks' does not exist, skipping all lookups in it.
Loading module 'perf_hooks' from 'node_modules' folder, target file types: TypeScript, Declaration.
Searching all ancestor node_modules directories for preferred extensions: TypeScript, Declaration.
Directory '/Users/marcela-dev/Projects/motherboard-systems-hq-clean/node_modules/@types/node/node_modules' does not exist, skipping all lookups in it.
Directory '/Users/marcela-dev/Projects/motherboard-systems-hq-clean/node_modules/@types/node_modules' does not exist, skipping all lookups in it.
File '/Users/marcela-dev/Projects/motherboard-systems-hq-clean/node_modules/perf_hooks.ts' does not exist.
File '/Users/marcela-dev/Projects/motherboard-systems-hq-clean/node_modules/perf_hooks.tsx' does not exist.
File '/Users/marcela-dev/Projects/motherboard-systems-hq-clean/node_modules/perf_hooks.d.ts' does not exist.
File '/Users/marcela-dev/Projects/motherboard-systems-hq-clean/node_modules/@types/perf_hooks.d.ts' does not exist.
Directory '/Users/marcela-dev/Projects/node_modules' does not exist, skipping all lookups in it.
File '/Users/marcela-dev/node_modules/perf_hooks.ts' does not exist.
File '/Users/marcela-dev/node_modules/perf_hooks.tsx' does not exist.
File '/Users/marcela-dev/node_modules/perf_hooks.d.ts' does not exist.
File '/Users/marcela-dev/node_modules/@types/perf_hooks.d.ts' does not exist.
Directory '/Users/node_modules' does not exist, skipping all lookups in it.
Directory '/node_modules' does not exist, skipping all lookups in it.
'baseUrl' option is set to '/Users/marcela-dev/Projects/motherboard-systems-hq-clean', using this value to resolve non-relative module name 'perf_hooks'.
Resolving module name 'perf_hooks' relative to base url '/Users/marcela-dev/Projects/motherboard-systems-hq-clean' - '/Users/marcela-dev/Projects/motherboard-systems-hq-clean/perf_hooks'.
Loading module as file / folder, candidate module location '/Users/marcela-dev/Projects/motherboard-systems-hq-clean/perf_hooks', target file types: JavaScript, JSON.
File '/Users/marcela-dev/Projects/motherboard-systems-hq-clean/perf_hooks.js' does not exist.
File '/Users/marcela-dev/Projects/motherboard-systems-hq-clean/perf_hooks.jsx' does not exist.
Directory '/Users/marcela-dev/Projects/motherboard-systems-hq-clean/perf_hooks' does not exist, skipping all lookups in it.
Loading module 'perf_hooks' from 'node_modules' folder, target file types: JavaScript, JSON.
Searching all ancestor node_modules directories for fallback extensions: JavaScript, JSON.
Directory '/Users/marcela-dev/Projects/motherboard-systems-hq-clean/node_modules/@types/node/node_modules' does not exist, skipping all lookups in it.
Directory '/Users/marcela-dev/Projects/motherboard-systems-hq-clean/node_modules/@types/node_modules' does not exist, skipping all lookups in it.
File '/Users/marcela-dev/Projects/motherboard-systems-hq-clean/node_modules/perf_hooks.js' does not exist.
File '/Users/marcela-dev/Projects/motherboard-systems-hq-clean/node_modules/perf_hooks.jsx' does not exist.
Directory '/Users/marcela-dev/Projects/node_modules' does not exist, skipping all lookups in it.
File '/Users/marcela-dev/node_modules/perf_hooks.js' does not exist.
File '/Users/marcela-dev/node_modules/perf_hooks.jsx' does not exist.
Directory '/Users/node_modules' does not exist, skipping all lookups in it.
Directory '/node_modules' does not exist, skipping all lookups in it.
======== Module name 'perf_hooks' was not resolved. ========
======== Resolving module 'node:perf_hooks' from '/Users/marcela-dev/Projects/motherboard-systems-hq-clean/node_modules/@types/node/process.d.ts'. ========
Explicitly specified module resolution kind: 'Node10'.
'baseUrl' option is set to '/Users/marcela-dev/Projects/motherboard-systems-hq-clean', using this value to resolve non-relative module name 'node:perf_hooks'.
Resolving module name 'node:perf_hooks' relative to base url '/Users/marcela-dev/Projects/motherboard-systems-hq-clean' - '/Users/marcela-dev/Projects/motherboard-systems-hq-clean/node:perf_hooks'.
Loading module as file / folder, candidate module location '/Users/marcela-dev/Projects/motherboard-systems-hq-clean/node:perf_hooks', target file types: TypeScript, Declaration.
File '/Users/marcela-dev/Projects/motherboard-systems-hq-clean/node:perf_hooks.ts' does not exist.
File '/Users/marcela-dev/Projects/motherboard-systems-hq-clean/node:perf_hooks.tsx' does not exist.
File '/Users/marcela-dev/Projects/motherboard-systems-hq-clean/node:perf_hooks.d.ts' does not exist.
Directory '/Users/marcela-dev/Projects/motherboard-systems-hq-clean/node:perf_hooks' does not exist, skipping all lookups in it.
Skipping module 'node:perf_hooks' that looks like an absolute URI, target file types: TypeScript, Declaration.
'baseUrl' option is set to '/Users/marcela-dev/Projects/motherboard-systems-hq-clean', using this value to resolve non-relative module name 'node:perf_hooks'.
Resolving module name 'node:perf_hooks' relative to base url '/Users/marcela-dev/Projects/motherboard-systems-hq-clean' - '/Users/marcela-dev/Projects/motherboard-systems-hq-clean/node:perf_hooks'.
Loading module as file / folder, candidate module location '/Users/marcela-dev/Projects/motherboard-systems-hq-clean/node:perf_hooks', target file types: JavaScript, JSON.
File '/Users/marcela-dev/Projects/motherboard-systems-hq-clean/node:perf_hooks.js' does not exist.
File '/Users/marcela-dev/Projects/motherboard-systems-hq-clean/node:perf_hooks.jsx' does not exist.
Directory '/Users/marcela-dev/Projects/motherboard-systems-hq-clean/node:perf_hooks' does not exist, skipping all lookups in it.
Skipping module 'node:perf_hooks' that looks like an absolute URI, target file types: JavaScript, JSON.
======== Module name 'node:perf_hooks' was not resolved. ========
======== Resolving module 'punycode' from '/Users/marcela-dev/Projects/motherboard-systems-hq-clean/node_modules/@types/node/process.d.ts'. ========
Explicitly specified module resolution kind: 'Node10'.
'baseUrl' option is set to '/Users/marcela-dev/Projects/motherboard-systems-hq-clean', using this value to resolve non-relative module name 'punycode'.
Resolving module name 'punycode' relative to base url '/Users/marcela-dev/Projects/motherboard-systems-hq-clean' - '/Users/marcela-dev/Projects/motherboard-systems-hq-clean/punycode'.
Loading module as file / folder, candidate module location '/Users/marcela-dev/Projects/motherboard-systems-hq-clean/punycode', target file types: TypeScript, Declaration.
File '/Users/marcela-dev/Projects/motherboard-systems-hq-clean/punycode.ts' does not exist.
File '/Users/marcela-dev/Projects/motherboard-systems-hq-clean/punycode.tsx' does not exist.
File '/Users/marcela-dev/Projects/motherboard-systems-hq-clean/punycode.d.ts' does not exist.
Directory '/Users/marcela-dev/Projects/motherboard-systems-hq-clean/punycode' does not exist, skipping all lookups in it.
Loading module 'punycode' from 'node_modules' folder, target file types: TypeScript, Declaration.
Searching all ancestor node_modules directories for preferred extensions: TypeScript, Declaration.
Directory '/Users/marcela-dev/Projects/motherboard-systems-hq-clean/node_modules/@types/node/node_modules' does not exist, skipping all lookups in it.
Directory '/Users/marcela-dev/Projects/motherboard-systems-hq-clean/node_modules/@types/node_modules' does not exist, skipping all lookups in it.
File '/Users/marcela-dev/Projects/motherboard-systems-hq-clean/node_modules/punycode.ts' does not exist.
File '/Users/marcela-dev/Projects/motherboard-systems-hq-clean/node_modules/punycode.tsx' does not exist.
File '/Users/marcela-dev/Projects/motherboard-systems-hq-clean/node_modules/punycode.d.ts' does not exist.
File '/Users/marcela-dev/Projects/motherboard-systems-hq-clean/node_modules/@types/punycode.d.ts' does not exist.
Directory '/Users/marcela-dev/Projects/node_modules' does not exist, skipping all lookups in it.
File '/Users/marcela-dev/node_modules/punycode.ts' does not exist.
File '/Users/marcela-dev/node_modules/punycode.tsx' does not exist.
File '/Users/marcela-dev/node_modules/punycode.d.ts' does not exist.
File '/Users/marcela-dev/node_modules/@types/punycode.d.ts' does not exist.
Directory '/Users/node_modules' does not exist, skipping all lookups in it.
Directory '/node_modules' does not exist, skipping all lookups in it.
'baseUrl' option is set to '/Users/marcela-dev/Projects/motherboard-systems-hq-clean', using this value to resolve non-relative module name 'punycode'.
Resolving module name 'punycode' relative to base url '/Users/marcela-dev/Projects/motherboard-systems-hq-clean' - '/Users/marcela-dev/Projects/motherboard-systems-hq-clean/punycode'.
Loading module as file / folder, candidate module location '/Users/marcela-dev/Projects/motherboard-systems-hq-clean/punycode', target file types: JavaScript, JSON.
File '/Users/marcela-dev/Projects/motherboard-systems-hq-clean/punycode.js' does not exist.
File '/Users/marcela-dev/Projects/motherboard-systems-hq-clean/punycode.jsx' does not exist.
Directory '/Users/marcela-dev/Projects/motherboard-systems-hq-clean/punycode' does not exist, skipping all lookups in it.
Loading module 'punycode' from 'node_modules' folder, target file types: JavaScript, JSON.
Searching all ancestor node_modules directories for fallback extensions: JavaScript, JSON.
Directory '/Users/marcela-dev/Projects/motherboard-systems-hq-clean/node_modules/@types/node/node_modules' does not exist, skipping all lookups in it.
Directory '/Users/marcela-dev/Projects/motherboard-systems-hq-clean/node_modules/@types/node_modules' does not exist, skipping all lookups in it.
File '/Users/marcela-dev/Projects/motherboard-systems-hq-clean/node_modules/punycode.js' does not exist.
File '/Users/marcela-dev/Projects/motherboard-systems-hq-clean/node_modules/punycode.jsx' does not exist.
Directory '/Users/marcela-dev/Projects/node_modules' does not exist, skipping all lookups in it.
File '/Users/marcela-dev/node_modules/punycode.js' does not exist.
File '/Users/marcela-dev/node_modules/punycode.jsx' does not exist.
Directory '/Users/node_modules' does not exist, skipping all lookups in it.
Directory '/node_modules' does not exist, skipping all lookups in it.
======== Module name 'punycode' was not resolved. ========
======== Resolving module 'node:punycode' from '/Users/marcela-dev/Projects/motherboard-systems-hq-clean/node_modules/@types/node/process.d.ts'. ========
Explicitly specified module resolution kind: 'Node10'.
'baseUrl' option is set to '/Users/marcela-dev/Projects/motherboard-systems-hq-clean', using this value to resolve non-relative module name 'node:punycode'.
Resolving module name 'node:punycode' relative to base url '/Users/marcela-dev/Projects/motherboard-systems-hq-clean' - '/Users/marcela-dev/Projects/motherboard-systems-hq-clean/node:punycode'.
Loading module as file / folder, candidate module location '/Users/marcela-dev/Projects/motherboard-systems-hq-clean/node:punycode', target file types: TypeScript, Declaration.
File '/Users/marcela-dev/Projects/motherboard-systems-hq-clean/node:punycode.ts' does not exist.
File '/Users/marcela-dev/Projects/motherboard-systems-hq-clean/node:punycode.tsx' does not exist.
File '/Users/marcela-dev/Projects/motherboard-systems-hq-clean/node:punycode.d.ts' does not exist.
Directory '/Users/marcela-dev/Projects/motherboard-systems-hq-clean/node:punycode' does not exist, skipping all lookups in it.
Skipping module 'node:punycode' that looks like an absolute URI, target file types: TypeScript, Declaration.
'baseUrl' option is set to '/Users/marcela-dev/Projects/motherboard-systems-hq-clean', using this value to resolve non-relative module name 'node:punycode'.
Resolving module name 'node:punycode' relative to base url '/Users/marcela-dev/Projects/motherboard-systems-hq-clean' - '/Users/marcela-dev/Projects/motherboard-systems-hq-clean/node:punycode'.
Loading module as file / folder, candidate module location '/Users/marcela-dev/Projects/motherboard-systems-hq-clean/node:punycode', target file types: JavaScript, JSON.
File '/Users/marcela-dev/Projects/motherboard-systems-hq-clean/node:punycode.js' does not exist.
File '/Users/marcela-dev/Projects/motherboard-systems-hq-clean/node:punycode.jsx' does not exist.
Directory '/Users/marcela-dev/Projects/motherboard-systems-hq-clean/node:punycode' does not exist, skipping all lookups in it.
Skipping module 'node:punycode' that looks like an absolute URI, target file types: JavaScript, JSON.
======== Module name 'node:punycode' was not resolved. ========
======== Resolving module 'querystring' from '/Users/marcela-dev/Projects/motherboard-systems-hq-clean/node_modules/@types/node/process.d.ts'. ========
Explicitly specified module resolution kind: 'Node10'.
'baseUrl' option is set to '/Users/marcela-dev/Projects/motherboard-systems-hq-clean', using this value to resolve non-relative module name 'querystring'.
Resolving module name 'querystring' relative to base url '/Users/marcela-dev/Projects/motherboard-systems-hq-clean' - '/Users/marcela-dev/Projects/motherboard-systems-hq-clean/querystring'.
Loading module as file / folder, candidate module location '/Users/marcela-dev/Projects/motherboard-systems-hq-clean/querystring', target file types: TypeScript, Declaration.
File '/Users/marcela-dev/Projects/motherboard-systems-hq-clean/querystring.ts' does not exist.
File '/Users/marcela-dev/Projects/motherboard-systems-hq-clean/querystring.tsx' does not exist.
File '/Users/marcela-dev/Projects/motherboard-systems-hq-clean/querystring.d.ts' does not exist.
Directory '/Users/marcela-dev/Projects/motherboard-systems-hq-clean/querystring' does not exist, skipping all lookups in it.
Loading module 'querystring' from 'node_modules' folder, target file types: TypeScript, Declaration.
Searching all ancestor node_modules directories for preferred extensions: TypeScript, Declaration.
Directory '/Users/marcela-dev/Projects/motherboard-systems-hq-clean/node_modules/@types/node/node_modules' does not exist, skipping all lookups in it.
Directory '/Users/marcela-dev/Projects/motherboard-systems-hq-clean/node_modules/@types/node_modules' does not exist, skipping all lookups in it.
File '/Users/marcela-dev/Projects/motherboard-systems-hq-clean/node_modules/querystring.ts' does not exist.
File '/Users/marcela-dev/Projects/motherboard-systems-hq-clean/node_modules/querystring.tsx' does not exist.
File '/Users/marcela-dev/Projects/motherboard-systems-hq-clean/node_modules/querystring.d.ts' does not exist.
File '/Users/marcela-dev/Projects/motherboard-systems-hq-clean/node_modules/@types/querystring.d.ts' does not exist.
Directory '/Users/marcela-dev/Projects/node_modules' does not exist, skipping all lookups in it.
File '/Users/marcela-dev/node_modules/querystring.ts' does not exist.
File '/Users/marcela-dev/node_modules/querystring.tsx' does not exist.
File '/Users/marcela-dev/node_modules/querystring.d.ts' does not exist.
File '/Users/marcela-dev/node_modules/@types/querystring.d.ts' does not exist.
Directory '/Users/node_modules' does not exist, skipping all lookups in it.
Directory '/node_modules' does not exist, skipping all lookups in it.
'baseUrl' option is set to '/Users/marcela-dev/Projects/motherboard-systems-hq-clean', using this value to resolve non-relative module name 'querystring'.
Resolving module name 'querystring' relative to base url '/Users/marcela-dev/Projects/motherboard-systems-hq-clean' - '/Users/marcela-dev/Projects/motherboard-systems-hq-clean/querystring'.
Loading module as file / folder, candidate module location '/Users/marcela-dev/Projects/motherboard-systems-hq-clean/querystring', target file types: JavaScript, JSON.
File '/Users/marcela-dev/Projects/motherboard-systems-hq-clean/querystring.js' does not exist.
File '/Users/marcela-dev/Projects/motherboard-systems-hq-clean/querystring.jsx' does not exist.
Directory '/Users/marcela-dev/Projects/motherboard-systems-hq-clean/querystring' does not exist, skipping all lookups in it.
Loading module 'querystring' from 'node_modules' folder, target file types: JavaScript, JSON.
Searching all ancestor node_modules directories for fallback extensions: JavaScript, JSON.
Directory '/Users/marcela-dev/Projects/motherboard-systems-hq-clean/node_modules/@types/node/node_modules' does not exist, skipping all lookups in it.
Directory '/Users/marcela-dev/Projects/motherboard-systems-hq-clean/node_modules/@types/node_modules' does not exist, skipping all lookups in it.
File '/Users/marcela-dev/Projects/motherboard-systems-hq-clean/node_modules/querystring.js' does not exist.
File '/Users/marcela-dev/Projects/motherboard-systems-hq-clean/node_modules/querystring.jsx' does not exist.
Directory '/Users/marcela-dev/Projects/node_modules' does not exist, skipping all lookups in it.
File '/Users/marcela-dev/node_modules/querystring.js' does not exist.
File '/Users/marcela-dev/node_modules/querystring.jsx' does not exist.
Directory '/Users/node_modules' does not exist, skipping all lookups in it.
Directory '/node_modules' does not exist, skipping all lookups in it.
======== Module name 'querystring' was not resolved. ========
======== Resolving module 'node:querystring' from '/Users/marcela-dev/Projects/motherboard-systems-hq-clean/node_modules/@types/node/process.d.ts'. ========
Explicitly specified module resolution kind: 'Node10'.
'baseUrl' option is set to '/Users/marcela-dev/Projects/motherboard-systems-hq-clean', using this value to resolve non-relative module name 'node:querystring'.
Resolving module name 'node:querystring' relative to base url '/Users/marcela-dev/Projects/motherboard-systems-hq-clean' - '/Users/marcela-dev/Projects/motherboard-systems-hq-clean/node:querystring'.
Loading module as file / folder, candidate module location '/Users/marcela-dev/Projects/motherboard-systems-hq-clean/node:querystring', target file types: TypeScript, Declaration.
File '/Users/marcela-dev/Projects/motherboard-systems-hq-clean/node:querystring.ts' does not exist.
File '/Users/marcela-dev/Projects/motherboard-systems-hq-clean/node:querystring.tsx' does not exist.
File '/Users/marcela-dev/Projects/motherboard-systems-hq-clean/node:querystring.d.ts' does not exist.
Directory '/Users/marcela-dev/Projects/motherboard-systems-hq-clean/node:querystring' does not exist, skipping all lookups in it.
Skipping module 'node:querystring' that looks like an absolute URI, target file types: TypeScript, Declaration.
'baseUrl' option is set to '/Users/marcela-dev/Projects/motherboard-systems-hq-clean', using this value to resolve non-relative module name 'node:querystring'.
Resolving module name 'node:querystring' relative to base url '/Users/marcela-dev/Projects/motherboard-systems-hq-clean' - '/Users/marcela-dev/Projects/motherboard-systems-hq-clean/node:querystring'.
Loading module as file / folder, candidate module location '/Users/marcela-dev/Projects/motherboard-systems-hq-clean/node:querystring', target file types: JavaScript, JSON.
File '/Users/marcela-dev/Projects/motherboard-systems-hq-clean/node:querystring.js' does not exist.
File '/Users/marcela-dev/Projects/motherboard-systems-hq-clean/node:querystring.jsx' does not exist.
Directory '/Users/marcela-dev/Projects/motherboard-systems-hq-clean/node:querystring' does not exist, skipping all lookups in it.
Skipping module 'node:querystring' that looks like an absolute URI, target file types: JavaScript, JSON.
======== Module name 'node:querystring' was not resolved. ========
======== Resolving module 'readline' from '/Users/marcela-dev/Projects/motherboard-systems-hq-clean/node_modules/@types/node/process.d.ts'. ========
Explicitly specified module resolution kind: 'Node10'.
'baseUrl' option is set to '/Users/marcela-dev/Projects/motherboard-systems-hq-clean', using this value to resolve non-relative module name 'readline'.
Resolving module name 'readline' relative to base url '/Users/marcela-dev/Projects/motherboard-systems-hq-clean' - '/Users/marcela-dev/Projects/motherboard-systems-hq-clean/readline'.
Loading module as file / folder, candidate module location '/Users/marcela-dev/Projects/motherboard-systems-hq-clean/readline', target file types: TypeScript, Declaration.
File '/Users/marcela-dev/Projects/motherboard-systems-hq-clean/readline.ts' does not exist.
File '/Users/marcela-dev/Projects/motherboard-systems-hq-clean/readline.tsx' does not exist.
File '/Users/marcela-dev/Projects/motherboard-systems-hq-clean/readline.d.ts' does not exist.
Directory '/Users/marcela-dev/Projects/motherboard-systems-hq-clean/readline' does not exist, skipping all lookups in it.
Loading module 'readline' from 'node_modules' folder, target file types: TypeScript, Declaration.
Searching all ancestor node_modules directories for preferred extensions: TypeScript, Declaration.
Directory '/Users/marcela-dev/Projects/motherboard-systems-hq-clean/node_modules/@types/node/node_modules' does not exist, skipping all lookups in it.
Directory '/Users/marcela-dev/Projects/motherboard-systems-hq-clean/node_modules/@types/node_modules' does not exist, skipping all lookups in it.
File '/Users/marcela-dev/Projects/motherboard-systems-hq-clean/node_modules/readline.ts' does not exist.
File '/Users/marcela-dev/Projects/motherboard-systems-hq-clean/node_modules/readline.tsx' does not exist.
File '/Users/marcela-dev/Projects/motherboard-systems-hq-clean/node_modules/readline.d.ts' does not exist.
File '/Users/marcela-dev/Projects/motherboard-systems-hq-clean/node_modules/@types/readline.d.ts' does not exist.
Directory '/Users/marcela-dev/Projects/node_modules' does not exist, skipping all lookups in it.
File '/Users/marcela-dev/node_modules/readline.ts' does not exist.
File '/Users/marcela-dev/node_modules/readline.tsx' does not exist.
File '/Users/marcela-dev/node_modules/readline.d.ts' does not exist.
File '/Users/marcela-dev/node_modules/@types/readline.d.ts' does not exist.
Directory '/Users/node_modules' does not exist, skipping all lookups in it.
Directory '/node_modules' does not exist, skipping all lookups in it.
'baseUrl' option is set to '/Users/marcela-dev/Projects/motherboard-systems-hq-clean', using this value to resolve non-relative module name 'readline'.
Resolving module name 'readline' relative to base url '/Users/marcela-dev/Projects/motherboard-systems-hq-clean' - '/Users/marcela-dev/Projects/motherboard-systems-hq-clean/readline'.
Loading module as file / folder, candidate module location '/Users/marcela-dev/Projects/motherboard-systems-hq-clean/readline', target file types: JavaScript, JSON.
File '/Users/marcela-dev/Projects/motherboard-systems-hq-clean/readline.js' does not exist.
File '/Users/marcela-dev/Projects/motherboard-systems-hq-clean/readline.jsx' does not exist.
Directory '/Users/marcela-dev/Projects/motherboard-systems-hq-clean/readline' does not exist, skipping all lookups in it.
Loading module 'readline' from 'node_modules' folder, target file types: JavaScript, JSON.
Searching all ancestor node_modules directories for fallback extensions: JavaScript, JSON.
Directory '/Users/marcela-dev/Projects/motherboard-systems-hq-clean/node_modules/@types/node/node_modules' does not exist, skipping all lookups in it.
Directory '/Users/marcela-dev/Projects/motherboard-systems-hq-clean/node_modules/@types/node_modules' does not exist, skipping all lookups in it.
File '/Users/marcela-dev/Projects/motherboard-systems-hq-clean/node_modules/readline.js' does not exist.
File '/Users/marcela-dev/Projects/motherboard-systems-hq-clean/node_modules/readline.jsx' does not exist.
Directory '/Users/marcela-dev/Projects/node_modules' does not exist, skipping all lookups in it.
File '/Users/marcela-dev/node_modules/readline.js' does not exist.
File '/Users/marcela-dev/node_modules/readline.jsx' does not exist.
Directory '/Users/node_modules' does not exist, skipping all lookups in it.
Directory '/node_modules' does not exist, skipping all lookups in it.
======== Module name 'readline' was not resolved. ========
======== Resolving module 'node:readline' from '/Users/marcela-dev/Projects/motherboard-systems-hq-clean/node_modules/@types/node/process.d.ts'. ========
Explicitly specified module resolution kind: 'Node10'.
'baseUrl' option is set to '/Users/marcela-dev/Projects/motherboard-systems-hq-clean', using this value to resolve non-relative module name 'node:readline'.
Resolving module name 'node:readline' relative to base url '/Users/marcela-dev/Projects/motherboard-systems-hq-clean' - '/Users/marcela-dev/Projects/motherboard-systems-hq-clean/node:readline'.
Loading module as file / folder, candidate module location '/Users/marcela-dev/Projects/motherboard-systems-hq-clean/node:readline', target file types: TypeScript, Declaration.
File '/Users/marcela-dev/Projects/motherboard-systems-hq-clean/node:readline.ts' does not exist.
File '/Users/marcela-dev/Projects/motherboard-systems-hq-clean/node:readline.tsx' does not exist.
File '/Users/marcela-dev/Projects/motherboard-systems-hq-clean/node:readline.d.ts' does not exist.
Directory '/Users/marcela-dev/Projects/motherboard-systems-hq-clean/node:readline' does not exist, skipping all lookups in it.
Skipping module 'node:readline' that looks like an absolute URI, target file types: TypeScript, Declaration.
'baseUrl' option is set to '/Users/marcela-dev/Projects/motherboard-systems-hq-clean', using this value to resolve non-relative module name 'node:readline'.
Resolving module name 'node:readline' relative to base url '/Users/marcela-dev/Projects/motherboard-systems-hq-clean' - '/Users/marcela-dev/Projects/motherboard-systems-hq-clean/node:readline'.
Loading module as file / folder, candidate module location '/Users/marcela-dev/Projects/motherboard-systems-hq-clean/node:readline', target file types: JavaScript, JSON.
File '/Users/marcela-dev/Projects/motherboard-systems-hq-clean/node:readline.js' does not exist.
File '/Users/marcela-dev/Projects/motherboard-systems-hq-clean/node:readline.jsx' does not exist.
Directory '/Users/marcela-dev/Projects/motherboard-systems-hq-clean/node:readline' does not exist, skipping all lookups in it.
Skipping module 'node:readline' that looks like an absolute URI, target file types: JavaScript, JSON.
======== Module name 'node:readline' was not resolved. ========
======== Resolving module 'readline/promises' from '/Users/marcela-dev/Projects/motherboard-systems-hq-clean/node_modules/@types/node/process.d.ts'. ========
Explicitly specified module resolution kind: 'Node10'.
'baseUrl' option is set to '/Users/marcela-dev/Projects/motherboard-systems-hq-clean', using this value to resolve non-relative module name 'readline/promises'.
Resolving module name 'readline/promises' relative to base url '/Users/marcela-dev/Projects/motherboard-systems-hq-clean' - '/Users/marcela-dev/Projects/motherboard-systems-hq-clean/readline/promises'.
Loading module as file / folder, candidate module location '/Users/marcela-dev/Projects/motherboard-systems-hq-clean/readline/promises', target file types: TypeScript, Declaration.
Loading module 'readline/promises' from 'node_modules' folder, target file types: TypeScript, Declaration.
Searching all ancestor node_modules directories for preferred extensions: TypeScript, Declaration.
Directory '/Users/marcela-dev/Projects/motherboard-systems-hq-clean/node_modules/@types/node/node_modules' does not exist, skipping all lookups in it.
Directory '/Users/marcela-dev/Projects/motherboard-systems-hq-clean/node_modules/@types/node_modules' does not exist, skipping all lookups in it.
Directory '/Users/marcela-dev/Projects/node_modules' does not exist, skipping all lookups in it.
Directory '/Users/node_modules' does not exist, skipping all lookups in it.
Directory '/node_modules' does not exist, skipping all lookups in it.
'baseUrl' option is set to '/Users/marcela-dev/Projects/motherboard-systems-hq-clean', using this value to resolve non-relative module name 'readline/promises'.
Resolving module name 'readline/promises' relative to base url '/Users/marcela-dev/Projects/motherboard-systems-hq-clean' - '/Users/marcela-dev/Projects/motherboard-systems-hq-clean/readline/promises'.
Loading module as file / folder, candidate module location '/Users/marcela-dev/Projects/motherboard-systems-hq-clean/readline/promises', target file types: JavaScript, JSON.
Loading module 'readline/promises' from 'node_modules' folder, target file types: JavaScript, JSON.
Searching all ancestor node_modules directories for fallback extensions: JavaScript, JSON.
Directory '/Users/marcela-dev/Projects/motherboard-systems-hq-clean/node_modules/@types/node/node_modules' does not exist, skipping all lookups in it.
Directory '/Users/marcela-dev/Projects/motherboard-systems-hq-clean/node_modules/@types/node_modules' does not exist, skipping all lookups in it.
Directory '/Users/marcela-dev/Projects/node_modules' does not exist, skipping all lookups in it.
Directory '/Users/node_modules' does not exist, skipping all lookups in it.
Directory '/node_modules' does not exist, skipping all lookups in it.
======== Module name 'readline/promises' was not resolved. ========
======== Resolving module 'node:readline/promises' from '/Users/marcela-dev/Projects/motherboard-systems-hq-clean/node_modules/@types/node/process.d.ts'. ========
Explicitly specified module resolution kind: 'Node10'.
'baseUrl' option is set to '/Users/marcela-dev/Projects/motherboard-systems-hq-clean', using this value to resolve non-relative module name 'node:readline/promises'.
Resolving module name 'node:readline/promises' relative to base url '/Users/marcela-dev/Projects/motherboard-systems-hq-clean' - '/Users/marcela-dev/Projects/motherboard-systems-hq-clean/node:readline/promises'.
Loading module as file / folder, candidate module location '/Users/marcela-dev/Projects/motherboard-systems-hq-clean/node:readline/promises', target file types: TypeScript, Declaration.
Skipping module 'node:readline/promises' that looks like an absolute URI, target file types: TypeScript, Declaration.
'baseUrl' option is set to '/Users/marcela-dev/Projects/motherboard-systems-hq-clean', using this value to resolve non-relative module name 'node:readline/promises'.
Resolving module name 'node:readline/promises' relative to base url '/Users/marcela-dev/Projects/motherboard-systems-hq-clean' - '/Users/marcela-dev/Projects/motherboard-systems-hq-clean/node:readline/promises'.
Loading module as file / folder, candidate module location '/Users/marcela-dev/Projects/motherboard-systems-hq-clean/node:readline/promises', target file types: JavaScript, JSON.
Skipping module 'node:readline/promises' that looks like an absolute URI, target file types: JavaScript, JSON.
======== Module name 'node:readline/promises' was not resolved. ========
======== Resolving module 'repl' from '/Users/marcela-dev/Projects/motherboard-systems-hq-clean/node_modules/@types/node/process.d.ts'. ========
Explicitly specified module resolution kind: 'Node10'.
'baseUrl' option is set to '/Users/marcela-dev/Projects/motherboard-systems-hq-clean', using this value to resolve non-relative module name 'repl'.
Resolving module name 'repl' relative to base url '/Users/marcela-dev/Projects/motherboard-systems-hq-clean' - '/Users/marcela-dev/Projects/motherboard-systems-hq-clean/repl'.
Loading module as file / folder, candidate module location '/Users/marcela-dev/Projects/motherboard-systems-hq-clean/repl', target file types: TypeScript, Declaration.
File '/Users/marcela-dev/Projects/motherboard-systems-hq-clean/repl.ts' does not exist.
File '/Users/marcela-dev/Projects/motherboard-systems-hq-clean/repl.tsx' does not exist.
File '/Users/marcela-dev/Projects/motherboard-systems-hq-clean/repl.d.ts' does not exist.
Directory '/Users/marcela-dev/Projects/motherboard-systems-hq-clean/repl' does not exist, skipping all lookups in it.
Loading module 'repl' from 'node_modules' folder, target file types: TypeScript, Declaration.
Searching all ancestor node_modules directories for preferred extensions: TypeScript, Declaration.
Directory '/Users/marcela-dev/Projects/motherboard-systems-hq-clean/node_modules/@types/node/node_modules' does not exist, skipping all lookups in it.
Directory '/Users/marcela-dev/Projects/motherboard-systems-hq-clean/node_modules/@types/node_modules' does not exist, skipping all lookups in it.
File '/Users/marcela-dev/Projects/motherboard-systems-hq-clean/node_modules/repl.ts' does not exist.
File '/Users/marcela-dev/Projects/motherboard-systems-hq-clean/node_modules/repl.tsx' does not exist.
File '/Users/marcela-dev/Projects/motherboard-systems-hq-clean/node_modules/repl.d.ts' does not exist.
File '/Users/marcela-dev/Projects/motherboard-systems-hq-clean/node_modules/@types/repl.d.ts' does not exist.
Directory '/Users/marcela-dev/Projects/node_modules' does not exist, skipping all lookups in it.
File '/Users/marcela-dev/node_modules/repl.ts' does not exist.
File '/Users/marcela-dev/node_modules/repl.tsx' does not exist.
File '/Users/marcela-dev/node_modules/repl.d.ts' does not exist.
File '/Users/marcela-dev/node_modules/@types/repl.d.ts' does not exist.
Directory '/Users/node_modules' does not exist, skipping all lookups in it.
Directory '/node_modules' does not exist, skipping all lookups in it.
'baseUrl' option is set to '/Users/marcela-dev/Projects/motherboard-systems-hq-clean', using this value to resolve non-relative module name 'repl'.
Resolving module name 'repl' relative to base url '/Users/marcela-dev/Projects/motherboard-systems-hq-clean' - '/Users/marcela-dev/Projects/motherboard-systems-hq-clean/repl'.
Loading module as file / folder, candidate module location '/Users/marcela-dev/Projects/motherboard-systems-hq-clean/repl', target file types: JavaScript, JSON.
File '/Users/marcela-dev/Projects/motherboard-systems-hq-clean/repl.js' does not exist.
File '/Users/marcela-dev/Projects/motherboard-systems-hq-clean/repl.jsx' does not exist.
Directory '/Users/marcela-dev/Projects/motherboard-systems-hq-clean/repl' does not exist, skipping all lookups in it.
Loading module 'repl' from 'node_modules' folder, target file types: JavaScript, JSON.
Searching all ancestor node_modules directories for fallback extensions: JavaScript, JSON.
Directory '/Users/marcela-dev/Projects/motherboard-systems-hq-clean/node_modules/@types/node/node_modules' does not exist, skipping all lookups in it.
Directory '/Users/marcela-dev/Projects/motherboard-systems-hq-clean/node_modules/@types/node_modules' does not exist, skipping all lookups in it.
File '/Users/marcela-dev/Projects/motherboard-systems-hq-clean/node_modules/repl.js' does not exist.
File '/Users/marcela-dev/Projects/motherboard-systems-hq-clean/node_modules/repl.jsx' does not exist.
Directory '/Users/marcela-dev/Projects/node_modules' does not exist, skipping all lookups in it.
File '/Users/marcela-dev/node_modules/repl.js' does not exist.
File '/Users/marcela-dev/node_modules/repl.jsx' does not exist.
Directory '/Users/node_modules' does not exist, skipping all lookups in it.
Directory '/node_modules' does not exist, skipping all lookups in it.
======== Module name 'repl' was not resolved. ========
======== Resolving module 'node:repl' from '/Users/marcela-dev/Projects/motherboard-systems-hq-clean/node_modules/@types/node/process.d.ts'. ========
Explicitly specified module resolution kind: 'Node10'.
'baseUrl' option is set to '/Users/marcela-dev/Projects/motherboard-systems-hq-clean', using this value to resolve non-relative module name 'node:repl'.
Resolving module name 'node:repl' relative to base url '/Users/marcela-dev/Projects/motherboard-systems-hq-clean' - '/Users/marcela-dev/Projects/motherboard-systems-hq-clean/node:repl'.
Loading module as file / folder, candidate module location '/Users/marcela-dev/Projects/motherboard-systems-hq-clean/node:repl', target file types: TypeScript, Declaration.
File '/Users/marcela-dev/Projects/motherboard-systems-hq-clean/node:repl.ts' does not exist.
File '/Users/marcela-dev/Projects/motherboard-systems-hq-clean/node:repl.tsx' does not exist.
File '/Users/marcela-dev/Projects/motherboard-systems-hq-clean/node:repl.d.ts' does not exist.
Directory '/Users/marcela-dev/Projects/motherboard-systems-hq-clean/node:repl' does not exist, skipping all lookups in it.
Skipping module 'node:repl' that looks like an absolute URI, target file types: TypeScript, Declaration.
'baseUrl' option is set to '/Users/marcela-dev/Projects/motherboard-systems-hq-clean', using this value to resolve non-relative module name 'node:repl'.
Resolving module name 'node:repl' relative to base url '/Users/marcela-dev/Projects/motherboard-systems-hq-clean' - '/Users/marcela-dev/Projects/motherboard-systems-hq-clean/node:repl'.
Loading module as file / folder, candidate module location '/Users/marcela-dev/Projects/motherboard-systems-hq-clean/node:repl', target file types: JavaScript, JSON.
File '/Users/marcela-dev/Projects/motherboard-systems-hq-clean/node:repl.js' does not exist.
File '/Users/marcela-dev/Projects/motherboard-systems-hq-clean/node:repl.jsx' does not exist.
Directory '/Users/marcela-dev/Projects/motherboard-systems-hq-clean/node:repl' does not exist, skipping all lookups in it.
Skipping module 'node:repl' that looks like an absolute URI, target file types: JavaScript, JSON.
======== Module name 'node:repl' was not resolved. ========
======== Resolving module 'node:sea' from '/Users/marcela-dev/Projects/motherboard-systems-hq-clean/node_modules/@types/node/process.d.ts'. ========
Explicitly specified module resolution kind: 'Node10'.
'baseUrl' option is set to '/Users/marcela-dev/Projects/motherboard-systems-hq-clean', using this value to resolve non-relative module name 'node:sea'.
Resolving module name 'node:sea' relative to base url '/Users/marcela-dev/Projects/motherboard-systems-hq-clean' - '/Users/marcela-dev/Projects/motherboard-systems-hq-clean/node:sea'.
Loading module as file / folder, candidate module location '/Users/marcela-dev/Projects/motherboard-systems-hq-clean/node:sea', target file types: TypeScript, Declaration.
File '/Users/marcela-dev/Projects/motherboard-systems-hq-clean/node:sea.ts' does not exist.
File '/Users/marcela-dev/Projects/motherboard-systems-hq-clean/node:sea.tsx' does not exist.
File '/Users/marcela-dev/Projects/motherboard-systems-hq-clean/node:sea.d.ts' does not exist.
Directory '/Users/marcela-dev/Projects/motherboard-systems-hq-clean/node:sea' does not exist, skipping all lookups in it.
Skipping module 'node:sea' that looks like an absolute URI, target file types: TypeScript, Declaration.
'baseUrl' option is set to '/Users/marcela-dev/Projects/motherboard-systems-hq-clean', using this value to resolve non-relative module name 'node:sea'.
Resolving module name 'node:sea' relative to base url '/Users/marcela-dev/Projects/motherboard-systems-hq-clean' - '/Users/marcela-dev/Projects/motherboard-systems-hq-clean/node:sea'.
Loading module as file / folder, candidate module location '/Users/marcela-dev/Projects/motherboard-systems-hq-clean/node:sea', target file types: JavaScript, JSON.
File '/Users/marcela-dev/Projects/motherboard-systems-hq-clean/node:sea.js' does not exist.
File '/Users/marcela-dev/Projects/motherboard-systems-hq-clean/node:sea.jsx' does not exist.
Directory '/Users/marcela-dev/Projects/motherboard-systems-hq-clean/node:sea' does not exist, skipping all lookups in it.
Skipping module 'node:sea' that looks like an absolute URI, target file types: JavaScript, JSON.
======== Module name 'node:sea' was not resolved. ========
======== Resolving module 'stream' from '/Users/marcela-dev/Projects/motherboard-systems-hq-clean/node_modules/@types/node/process.d.ts'. ========
Explicitly specified module resolution kind: 'Node10'.
'baseUrl' option is set to '/Users/marcela-dev/Projects/motherboard-systems-hq-clean', using this value to resolve non-relative module name 'stream'.
Resolving module name 'stream' relative to base url '/Users/marcela-dev/Projects/motherboard-systems-hq-clean' - '/Users/marcela-dev/Projects/motherboard-systems-hq-clean/stream'.
Loading module as file / folder, candidate module location '/Users/marcela-dev/Projects/motherboard-systems-hq-clean/stream', target file types: TypeScript, Declaration.
File '/Users/marcela-dev/Projects/motherboard-systems-hq-clean/stream.ts' does not exist.
File '/Users/marcela-dev/Projects/motherboard-systems-hq-clean/stream.tsx' does not exist.
File '/Users/marcela-dev/Projects/motherboard-systems-hq-clean/stream.d.ts' does not exist.
Directory '/Users/marcela-dev/Projects/motherboard-systems-hq-clean/stream' does not exist, skipping all lookups in it.
Loading module 'stream' from 'node_modules' folder, target file types: TypeScript, Declaration.
Searching all ancestor node_modules directories for preferred extensions: TypeScript, Declaration.
Directory '/Users/marcela-dev/Projects/motherboard-systems-hq-clean/node_modules/@types/node/node_modules' does not exist, skipping all lookups in it.
Directory '/Users/marcela-dev/Projects/motherboard-systems-hq-clean/node_modules/@types/node_modules' does not exist, skipping all lookups in it.
Resolution for module 'stream' was found in cache from location '/Users/marcela-dev/Projects/motherboard-systems-hq-clean'.
======== Module name 'stream' was not resolved. ========
======== Resolving module 'node:stream' from '/Users/marcela-dev/Projects/motherboard-systems-hq-clean/node_modules/@types/node/process.d.ts'. ========
Resolution for module 'node:stream' was found in cache from location '/Users/marcela-dev/Projects/motherboard-systems-hq-clean/node_modules/@types/node'.
======== Module name 'node:stream' was not resolved. ========
======== Resolving module 'stream/consumers' from '/Users/marcela-dev/Projects/motherboard-systems-hq-clean/node_modules/@types/node/process.d.ts'. ========
Explicitly specified module resolution kind: 'Node10'.
'baseUrl' option is set to '/Users/marcela-dev/Projects/motherboard-systems-hq-clean', using this value to resolve non-relative module name 'stream/consumers'.
Resolving module name 'stream/consumers' relative to base url '/Users/marcela-dev/Projects/motherboard-systems-hq-clean' - '/Users/marcela-dev/Projects/motherboard-systems-hq-clean/stream/consumers'.
Loading module as file / folder, candidate module location '/Users/marcela-dev/Projects/motherboard-systems-hq-clean/stream/consumers', target file types: TypeScript, Declaration.
Loading module 'stream/consumers' from 'node_modules' folder, target file types: TypeScript, Declaration.
Searching all ancestor node_modules directories for preferred extensions: TypeScript, Declaration.
Directory '/Users/marcela-dev/Projects/motherboard-systems-hq-clean/node_modules/@types/node/node_modules' does not exist, skipping all lookups in it.
Directory '/Users/marcela-dev/Projects/motherboard-systems-hq-clean/node_modules/@types/node_modules' does not exist, skipping all lookups in it.
Directory '/Users/marcela-dev/Projects/node_modules' does not exist, skipping all lookups in it.
Directory '/Users/node_modules' does not exist, skipping all lookups in it.
Directory '/node_modules' does not exist, skipping all lookups in it.
'baseUrl' option is set to '/Users/marcela-dev/Projects/motherboard-systems-hq-clean', using this value to resolve non-relative module name 'stream/consumers'.
Resolving module name 'stream/consumers' relative to base url '/Users/marcela-dev/Projects/motherboard-systems-hq-clean' - '/Users/marcela-dev/Projects/motherboard-systems-hq-clean/stream/consumers'.
Loading module as file / folder, candidate module location '/Users/marcela-dev/Projects/motherboard-systems-hq-clean/stream/consumers', target file types: JavaScript, JSON.
Loading module 'stream/consumers' from 'node_modules' folder, target file types: JavaScript, JSON.
Searching all ancestor node_modules directories for fallback extensions: JavaScript, JSON.
Directory '/Users/marcela-dev/Projects/motherboard-systems-hq-clean/node_modules/@types/node/node_modules' does not exist, skipping all lookups in it.
Directory '/Users/marcela-dev/Projects/motherboard-systems-hq-clean/node_modules/@types/node_modules' does not exist, skipping all lookups in it.
Directory '/Users/marcela-dev/Projects/node_modules' does not exist, skipping all lookups in it.
Directory '/Users/node_modules' does not exist, skipping all lookups in it.
Directory '/node_modules' does not exist, skipping all lookups in it.
======== Module name 'stream/consumers' was not resolved. ========
======== Resolving module 'node:stream/consumers' from '/Users/marcela-dev/Projects/motherboard-systems-hq-clean/node_modules/@types/node/process.d.ts'. ========
Explicitly specified module resolution kind: 'Node10'.
'baseUrl' option is set to '/Users/marcela-dev/Projects/motherboard-systems-hq-clean', using this value to resolve non-relative module name 'node:stream/consumers'.
Resolving module name 'node:stream/consumers' relative to base url '/Users/marcela-dev/Projects/motherboard-systems-hq-clean' - '/Users/marcela-dev/Projects/motherboard-systems-hq-clean/node:stream/consumers'.
Loading module as file / folder, candidate module location '/Users/marcela-dev/Projects/motherboard-systems-hq-clean/node:stream/consumers', target file types: TypeScript, Declaration.
Skipping module 'node:stream/consumers' that looks like an absolute URI, target file types: TypeScript, Declaration.
'baseUrl' option is set to '/Users/marcela-dev/Projects/motherboard-systems-hq-clean', using this value to resolve non-relative module name 'node:stream/consumers'.
Resolving module name 'node:stream/consumers' relative to base url '/Users/marcela-dev/Projects/motherboard-systems-hq-clean' - '/Users/marcela-dev/Projects/motherboard-systems-hq-clean/node:stream/consumers'.
Loading module as file / folder, candidate module location '/Users/marcela-dev/Projects/motherboard-systems-hq-clean/node:stream/consumers', target file types: JavaScript, JSON.
Skipping module 'node:stream/consumers' that looks like an absolute URI, target file types: JavaScript, JSON.
======== Module name 'node:stream/consumers' was not resolved. ========
======== Resolving module 'stream/promises' from '/Users/marcela-dev/Projects/motherboard-systems-hq-clean/node_modules/@types/node/process.d.ts'. ========
Explicitly specified module resolution kind: 'Node10'.
'baseUrl' option is set to '/Users/marcela-dev/Projects/motherboard-systems-hq-clean', using this value to resolve non-relative module name 'stream/promises'.
Resolving module name 'stream/promises' relative to base url '/Users/marcela-dev/Projects/motherboard-systems-hq-clean' - '/Users/marcela-dev/Projects/motherboard-systems-hq-clean/stream/promises'.
Loading module as file / folder, candidate module location '/Users/marcela-dev/Projects/motherboard-systems-hq-clean/stream/promises', target file types: TypeScript, Declaration.
Loading module 'stream/promises' from 'node_modules' folder, target file types: TypeScript, Declaration.
Searching all ancestor node_modules directories for preferred extensions: TypeScript, Declaration.
Directory '/Users/marcela-dev/Projects/motherboard-systems-hq-clean/node_modules/@types/node/node_modules' does not exist, skipping all lookups in it.
Directory '/Users/marcela-dev/Projects/motherboard-systems-hq-clean/node_modules/@types/node_modules' does not exist, skipping all lookups in it.
Directory '/Users/marcela-dev/Projects/node_modules' does not exist, skipping all lookups in it.
Directory '/Users/node_modules' does not exist, skipping all lookups in it.
Directory '/node_modules' does not exist, skipping all lookups in it.
'baseUrl' option is set to '/Users/marcela-dev/Projects/motherboard-systems-hq-clean', using this value to resolve non-relative module name 'stream/promises'.
Resolving module name 'stream/promises' relative to base url '/Users/marcela-dev/Projects/motherboard-systems-hq-clean' - '/Users/marcela-dev/Projects/motherboard-systems-hq-clean/stream/promises'.
Loading module as file / folder, candidate module location '/Users/marcela-dev/Projects/motherboard-systems-hq-clean/stream/promises', target file types: JavaScript, JSON.
Loading module 'stream/promises' from 'node_modules' folder, target file types: JavaScript, JSON.
Searching all ancestor node_modules directories for fallback extensions: JavaScript, JSON.
Directory '/Users/marcela-dev/Projects/motherboard-systems-hq-clean/node_modules/@types/node/node_modules' does not exist, skipping all lookups in it.
Directory '/Users/marcela-dev/Projects/motherboard-systems-hq-clean/node_modules/@types/node_modules' does not exist, skipping all lookups in it.
Directory '/Users/marcela-dev/Projects/node_modules' does not exist, skipping all lookups in it.
Directory '/Users/node_modules' does not exist, skipping all lookups in it.
Directory '/node_modules' does not exist, skipping all lookups in it.
======== Module name 'stream/promises' was not resolved. ========
======== Resolving module 'node:stream/promises' from '/Users/marcela-dev/Projects/motherboard-systems-hq-clean/node_modules/@types/node/process.d.ts'. ========
Explicitly specified module resolution kind: 'Node10'.
'baseUrl' option is set to '/Users/marcela-dev/Projects/motherboard-systems-hq-clean', using this value to resolve non-relative module name 'node:stream/promises'.
Resolving module name 'node:stream/promises' relative to base url '/Users/marcela-dev/Projects/motherboard-systems-hq-clean' - '/Users/marcela-dev/Projects/motherboard-systems-hq-clean/node:stream/promises'.
Loading module as file / folder, candidate module location '/Users/marcela-dev/Projects/motherboard-systems-hq-clean/node:stream/promises', target file types: TypeScript, Declaration.
Skipping module 'node:stream/promises' that looks like an absolute URI, target file types: TypeScript, Declaration.
'baseUrl' option is set to '/Users/marcela-dev/Projects/motherboard-systems-hq-clean', using this value to resolve non-relative module name 'node:stream/promises'.
Resolving module name 'node:stream/promises' relative to base url '/Users/marcela-dev/Projects/motherboard-systems-hq-clean' - '/Users/marcela-dev/Projects/motherboard-systems-hq-clean/node:stream/promises'.
Loading module as file / folder, candidate module location '/Users/marcela-dev/Projects/motherboard-systems-hq-clean/node:stream/promises', target file types: JavaScript, JSON.
Skipping module 'node:stream/promises' that looks like an absolute URI, target file types: JavaScript, JSON.
======== Module name 'node:stream/promises' was not resolved. ========
======== Resolving module 'stream/web' from '/Users/marcela-dev/Projects/motherboard-systems-hq-clean/node_modules/@types/node/process.d.ts'. ========
Explicitly specified module resolution kind: 'Node10'.
'baseUrl' option is set to '/Users/marcela-dev/Projects/motherboard-systems-hq-clean', using this value to resolve non-relative module name 'stream/web'.
Resolving module name 'stream/web' relative to base url '/Users/marcela-dev/Projects/motherboard-systems-hq-clean' - '/Users/marcela-dev/Projects/motherboard-systems-hq-clean/stream/web'.
Loading module as file / folder, candidate module location '/Users/marcela-dev/Projects/motherboard-systems-hq-clean/stream/web', target file types: TypeScript, Declaration.
Loading module 'stream/web' from 'node_modules' folder, target file types: TypeScript, Declaration.
Searching all ancestor node_modules directories for preferred extensions: TypeScript, Declaration.
Directory '/Users/marcela-dev/Projects/motherboard-systems-hq-clean/node_modules/@types/node/node_modules' does not exist, skipping all lookups in it.
Directory '/Users/marcela-dev/Projects/motherboard-systems-hq-clean/node_modules/@types/node_modules' does not exist, skipping all lookups in it.
Resolution for module 'stream/web' was found in cache from location '/Users/marcela-dev/Projects/motherboard-systems-hq-clean'.
======== Module name 'stream/web' was not resolved. ========
======== Resolving module 'node:stream/web' from '/Users/marcela-dev/Projects/motherboard-systems-hq-clean/node_modules/@types/node/process.d.ts'. ========
Resolution for module 'node:stream/web' was found in cache from location '/Users/marcela-dev/Projects/motherboard-systems-hq-clean/node_modules/@types/node'.
======== Module name 'node:stream/web' was not resolved. ========
======== Resolving module 'string_decoder' from '/Users/marcela-dev/Projects/motherboard-systems-hq-clean/node_modules/@types/node/process.d.ts'. ========
Explicitly specified module resolution kind: 'Node10'.
'baseUrl' option is set to '/Users/marcela-dev/Projects/motherboard-systems-hq-clean', using this value to resolve non-relative module name 'string_decoder'.
Resolving module name 'string_decoder' relative to base url '/Users/marcela-dev/Projects/motherboard-systems-hq-clean' - '/Users/marcela-dev/Projects/motherboard-systems-hq-clean/string_decoder'.
Loading module as file / folder, candidate module location '/Users/marcela-dev/Projects/motherboard-systems-hq-clean/string_decoder', target file types: TypeScript, Declaration.
File '/Users/marcela-dev/Projects/motherboard-systems-hq-clean/string_decoder.ts' does not exist.
File '/Users/marcela-dev/Projects/motherboard-systems-hq-clean/string_decoder.tsx' does not exist.
File '/Users/marcela-dev/Projects/motherboard-systems-hq-clean/string_decoder.d.ts' does not exist.
Directory '/Users/marcela-dev/Projects/motherboard-systems-hq-clean/string_decoder' does not exist, skipping all lookups in it.
Loading module 'string_decoder' from 'node_modules' folder, target file types: TypeScript, Declaration.
Searching all ancestor node_modules directories for preferred extensions: TypeScript, Declaration.
Directory '/Users/marcela-dev/Projects/motherboard-systems-hq-clean/node_modules/@types/node/node_modules' does not exist, skipping all lookups in it.
Directory '/Users/marcela-dev/Projects/motherboard-systems-hq-clean/node_modules/@types/node_modules' does not exist, skipping all lookups in it.
Found 'package.json' at '/Users/marcela-dev/Projects/motherboard-systems-hq-clean/node_modules/string_decoder/package.json'.
File '/Users/marcela-dev/Projects/motherboard-systems-hq-clean/node_modules/string_decoder.ts' does not exist.
File '/Users/marcela-dev/Projects/motherboard-systems-hq-clean/node_modules/string_decoder.tsx' does not exist.
File '/Users/marcela-dev/Projects/motherboard-systems-hq-clean/node_modules/string_decoder.d.ts' does not exist.
'package.json' does not have a 'typesVersions' field.
'package.json' does not have a 'typings' field.
'package.json' does not have a 'types' field.
'package.json' has 'main' field 'lib/string_decoder.js' that references '/Users/marcela-dev/Projects/motherboard-systems-hq-clean/node_modules/string_decoder/lib/string_decoder.js'.
File name '/Users/marcela-dev/Projects/motherboard-systems-hq-clean/node_modules/string_decoder/lib/string_decoder.js' has a '.js' extension - stripping it.
File '/Users/marcela-dev/Projects/motherboard-systems-hq-clean/node_modules/string_decoder/lib/string_decoder.ts' does not exist.
File '/Users/marcela-dev/Projects/motherboard-systems-hq-clean/node_modules/string_decoder/lib/string_decoder.tsx' does not exist.
File '/Users/marcela-dev/Projects/motherboard-systems-hq-clean/node_modules/string_decoder/lib/string_decoder.d.ts' does not exist.
Loading module as file / folder, candidate module location '/Users/marcela-dev/Projects/motherboard-systems-hq-clean/node_modules/string_decoder/lib/string_decoder.js', target file types: TypeScript, Declaration.
File name '/Users/marcela-dev/Projects/motherboard-systems-hq-clean/node_modules/string_decoder/lib/string_decoder.js' has a '.js' extension - stripping it.
File '/Users/marcela-dev/Projects/motherboard-systems-hq-clean/node_modules/string_decoder/lib/string_decoder.ts' does not exist.
File '/Users/marcela-dev/Projects/motherboard-systems-hq-clean/node_modules/string_decoder/lib/string_decoder.tsx' does not exist.
File '/Users/marcela-dev/Projects/motherboard-systems-hq-clean/node_modules/string_decoder/lib/string_decoder.d.ts' does not exist.
File '/Users/marcela-dev/Projects/motherboard-systems-hq-clean/node_modules/string_decoder/lib/string_decoder.js.ts' does not exist.
File '/Users/marcela-dev/Projects/motherboard-systems-hq-clean/node_modules/string_decoder/lib/string_decoder.js.tsx' does not exist.
File '/Users/marcela-dev/Projects/motherboard-systems-hq-clean/node_modules/string_decoder/lib/string_decoder.js.d.ts' does not exist.
Directory '/Users/marcela-dev/Projects/motherboard-systems-hq-clean/node_modules/string_decoder/lib/string_decoder.js' does not exist, skipping all lookups in it.
File '/Users/marcela-dev/Projects/motherboard-systems-hq-clean/node_modules/string_decoder/index.ts' does not exist.
File '/Users/marcela-dev/Projects/motherboard-systems-hq-clean/node_modules/string_decoder/index.tsx' does not exist.
File '/Users/marcela-dev/Projects/motherboard-systems-hq-clean/node_modules/string_decoder/index.d.ts' does not exist.
File '/Users/marcela-dev/Projects/motherboard-systems-hq-clean/node_modules/@types/string_decoder.d.ts' does not exist.
Directory '/Users/marcela-dev/Projects/node_modules' does not exist, skipping all lookups in it.
File '/Users/marcela-dev/node_modules/string_decoder.ts' does not exist.
File '/Users/marcela-dev/node_modules/string_decoder.tsx' does not exist.
File '/Users/marcela-dev/node_modules/string_decoder.d.ts' does not exist.
File '/Users/marcela-dev/node_modules/@types/string_decoder.d.ts' does not exist.
Directory '/Users/node_modules' does not exist, skipping all lookups in it.
Directory '/node_modules' does not exist, skipping all lookups in it.
'baseUrl' option is set to '/Users/marcela-dev/Projects/motherboard-systems-hq-clean', using this value to resolve non-relative module name 'string_decoder'.
Resolving module name 'string_decoder' relative to base url '/Users/marcela-dev/Projects/motherboard-systems-hq-clean' - '/Users/marcela-dev/Projects/motherboard-systems-hq-clean/string_decoder'.
Loading module as file / folder, candidate module location '/Users/marcela-dev/Projects/motherboard-systems-hq-clean/string_decoder', target file types: JavaScript, JSON.
File '/Users/marcela-dev/Projects/motherboard-systems-hq-clean/string_decoder.js' does not exist.
File '/Users/marcela-dev/Projects/motherboard-systems-hq-clean/string_decoder.jsx' does not exist.
Directory '/Users/marcela-dev/Projects/motherboard-systems-hq-clean/string_decoder' does not exist, skipping all lookups in it.
Loading module 'string_decoder' from 'node_modules' folder, target file types: JavaScript, JSON.
Searching all ancestor node_modules directories for fallback extensions: JavaScript, JSON.
Directory '/Users/marcela-dev/Projects/motherboard-systems-hq-clean/node_modules/@types/node/node_modules' does not exist, skipping all lookups in it.
Directory '/Users/marcela-dev/Projects/motherboard-systems-hq-clean/node_modules/@types/node_modules' does not exist, skipping all lookups in it.
File '/Users/marcela-dev/Projects/motherboard-systems-hq-clean/node_modules/string_decoder/package.json' exists according to earlier cached lookups.
File '/Users/marcela-dev/Projects/motherboard-systems-hq-clean/node_modules/string_decoder.js' does not exist.
File '/Users/marcela-dev/Projects/motherboard-systems-hq-clean/node_modules/string_decoder.jsx' does not exist.
'package.json' has 'main' field 'lib/string_decoder.js' that references '/Users/marcela-dev/Projects/motherboard-systems-hq-clean/node_modules/string_decoder/lib/string_decoder.js'.
File name '/Users/marcela-dev/Projects/motherboard-systems-hq-clean/node_modules/string_decoder/lib/string_decoder.js' has a '.js' extension - stripping it.
File '/Users/marcela-dev/Projects/motherboard-systems-hq-clean/node_modules/string_decoder/lib/string_decoder.js' exists - use it as a name resolution result.
'package.json' does not have a 'peerDependencies' field.
Resolution of non-relative name failed; trying with '--moduleResolution bundler' to see if project may need configuration update.
'baseUrl' option is set to '/Users/marcela-dev/Projects/motherboard-systems-hq-clean', using this value to resolve non-relative module name 'string_decoder'.
Resolving module name 'string_decoder' relative to base url '/Users/marcela-dev/Projects/motherboard-systems-hq-clean' - '/Users/marcela-dev/Projects/motherboard-systems-hq-clean/string_decoder'.
Loading module as file / folder, candidate module location '/Users/marcela-dev/Projects/motherboard-systems-hq-clean/string_decoder', target file types: TypeScript, Declaration.
File '/Users/marcela-dev/Projects/motherboard-systems-hq-clean/string_decoder.ts' does not exist.
File '/Users/marcela-dev/Projects/motherboard-systems-hq-clean/string_decoder.tsx' does not exist.
File '/Users/marcela-dev/Projects/motherboard-systems-hq-clean/string_decoder.d.ts' does not exist.
Directory '/Users/marcela-dev/Projects/motherboard-systems-hq-clean/string_decoder' does not exist, skipping all lookups in it.
Loading module 'string_decoder' from 'node_modules' folder, target file types: TypeScript, Declaration.
Searching all ancestor node_modules directories for preferred extensions: TypeScript, Declaration.
Directory '/Users/marcela-dev/Projects/motherboard-systems-hq-clean/node_modules/@types/node/node_modules' does not exist, skipping all lookups in it.
Directory '/Users/marcela-dev/Projects/motherboard-systems-hq-clean/node_modules/@types/node_modules' does not exist, skipping all lookups in it.
File '/Users/marcela-dev/Projects/motherboard-systems-hq-clean/node_modules/string_decoder/package.json' exists according to earlier cached lookups.
File '/Users/marcela-dev/Projects/motherboard-systems-hq-clean/node_modules/string_decoder.ts' does not exist.
File '/Users/marcela-dev/Projects/motherboard-systems-hq-clean/node_modules/string_decoder.tsx' does not exist.
File '/Users/marcela-dev/Projects/motherboard-systems-hq-clean/node_modules/string_decoder.d.ts' does not exist.
'package.json' does not have a 'typings' field.
'package.json' does not have a 'types' field.
'package.json' has 'main' field 'lib/string_decoder.js' that references '/Users/marcela-dev/Projects/motherboard-systems-hq-clean/node_modules/string_decoder/lib/string_decoder.js'.
File name '/Users/marcela-dev/Projects/motherboard-systems-hq-clean/node_modules/string_decoder/lib/string_decoder.js' has a '.js' extension - stripping it.
File '/Users/marcela-dev/Projects/motherboard-systems-hq-clean/node_modules/string_decoder/lib/string_decoder.ts' does not exist.
File '/Users/marcela-dev/Projects/motherboard-systems-hq-clean/node_modules/string_decoder/lib/string_decoder.tsx' does not exist.
File '/Users/marcela-dev/Projects/motherboard-systems-hq-clean/node_modules/string_decoder/lib/string_decoder.d.ts' does not exist.
Loading module as file / folder, candidate module location '/Users/marcela-dev/Projects/motherboard-systems-hq-clean/node_modules/string_decoder/lib/string_decoder.js', target file types: TypeScript, Declaration.
File name '/Users/marcela-dev/Projects/motherboard-systems-hq-clean/node_modules/string_decoder/lib/string_decoder.js' has a '.js' extension - stripping it.
File '/Users/marcela-dev/Projects/motherboard-systems-hq-clean/node_modules/string_decoder/lib/string_decoder.ts' does not exist.
File '/Users/marcela-dev/Projects/motherboard-systems-hq-clean/node_modules/string_decoder/lib/string_decoder.tsx' does not exist.
File '/Users/marcela-dev/Projects/motherboard-systems-hq-clean/node_modules/string_decoder/lib/string_decoder.d.ts' does not exist.
File '/Users/marcela-dev/Projects/motherboard-systems-hq-clean/node_modules/string_decoder/lib/string_decoder.js.ts' does not exist.
File '/Users/marcela-dev/Projects/motherboard-systems-hq-clean/node_modules/string_decoder/lib/string_decoder.js.tsx' does not exist.
File '/Users/marcela-dev/Projects/motherboard-systems-hq-clean/node_modules/string_decoder/lib/string_decoder.js.d.ts' does not exist.
Directory '/Users/marcela-dev/Projects/motherboard-systems-hq-clean/node_modules/string_decoder/lib/string_decoder.js' does not exist, skipping all lookups in it.
File '/Users/marcela-dev/Projects/motherboard-systems-hq-clean/node_modules/string_decoder/index.ts' does not exist.
File '/Users/marcela-dev/Projects/motherboard-systems-hq-clean/node_modules/string_decoder/index.tsx' does not exist.
File '/Users/marcela-dev/Projects/motherboard-systems-hq-clean/node_modules/string_decoder/index.d.ts' does not exist.
File '/Users/marcela-dev/Projects/motherboard-systems-hq-clean/node_modules/@types/string_decoder.d.ts' does not exist.
Directory '/Users/marcela-dev/Projects/node_modules' does not exist, skipping all lookups in it.
File '/Users/marcela-dev/node_modules/string_decoder.ts' does not exist.
File '/Users/marcela-dev/node_modules/string_decoder.tsx' does not exist.
File '/Users/marcela-dev/node_modules/string_decoder.d.ts' does not exist.
File '/Users/marcela-dev/node_modules/@types/string_decoder.d.ts' does not exist.
Directory '/Users/node_modules' does not exist, skipping all lookups in it.
Directory '/node_modules' does not exist, skipping all lookups in it.
Resolving real path for '/Users/marcela-dev/Projects/motherboard-systems-hq-clean/node_modules/string_decoder/lib/string_decoder.js', result '/Users/marcela-dev/Projects/motherboard-systems-hq-clean/node_modules/string_decoder/lib/string_decoder.js'.
======== Module name 'string_decoder' was successfully resolved to '/Users/marcela-dev/Projects/motherboard-systems-hq-clean/node_modules/string_decoder/lib/string_decoder.js' with Package ID 'string_decoder/lib/string_decoder.js@1.3.0'. ========
======== Resolving module 'node:string_decoder' from '/Users/marcela-dev/Projects/motherboard-systems-hq-clean/node_modules/@types/node/process.d.ts'. ========
Explicitly specified module resolution kind: 'Node10'.
'baseUrl' option is set to '/Users/marcela-dev/Projects/motherboard-systems-hq-clean', using this value to resolve non-relative module name 'node:string_decoder'.
Resolving module name 'node:string_decoder' relative to base url '/Users/marcela-dev/Projects/motherboard-systems-hq-clean' - '/Users/marcela-dev/Projects/motherboard-systems-hq-clean/node:string_decoder'.
Loading module as file / folder, candidate module location '/Users/marcela-dev/Projects/motherboard-systems-hq-clean/node:string_decoder', target file types: TypeScript, Declaration.
File '/Users/marcela-dev/Projects/motherboard-systems-hq-clean/node:string_decoder.ts' does not exist.
File '/Users/marcela-dev/Projects/motherboard-systems-hq-clean/node:string_decoder.tsx' does not exist.
File '/Users/marcela-dev/Projects/motherboard-systems-hq-clean/node:string_decoder.d.ts' does not exist.
Directory '/Users/marcela-dev/Projects/motherboard-systems-hq-clean/node:string_decoder' does not exist, skipping all lookups in it.
Skipping module 'node:string_decoder' that looks like an absolute URI, target file types: TypeScript, Declaration.
'baseUrl' option is set to '/Users/marcela-dev/Projects/motherboard-systems-hq-clean', using this value to resolve non-relative module name 'node:string_decoder'.
Resolving module name 'node:string_decoder' relative to base url '/Users/marcela-dev/Projects/motherboard-systems-hq-clean' - '/Users/marcela-dev/Projects/motherboard-systems-hq-clean/node:string_decoder'.
Loading module as file / folder, candidate module location '/Users/marcela-dev/Projects/motherboard-systems-hq-clean/node:string_decoder', target file types: JavaScript, JSON.
File '/Users/marcela-dev/Projects/motherboard-systems-hq-clean/node:string_decoder.js' does not exist.
File '/Users/marcela-dev/Projects/motherboard-systems-hq-clean/node:string_decoder.jsx' does not exist.
Directory '/Users/marcela-dev/Projects/motherboard-systems-hq-clean/node:string_decoder' does not exist, skipping all lookups in it.
Skipping module 'node:string_decoder' that looks like an absolute URI, target file types: JavaScript, JSON.
======== Module name 'node:string_decoder' was not resolved. ========
======== Resolving module 'node:test' from '/Users/marcela-dev/Projects/motherboard-systems-hq-clean/node_modules/@types/node/process.d.ts'. ========
Explicitly specified module resolution kind: 'Node10'.
'baseUrl' option is set to '/Users/marcela-dev/Projects/motherboard-systems-hq-clean', using this value to resolve non-relative module name 'node:test'.
Resolving module name 'node:test' relative to base url '/Users/marcela-dev/Projects/motherboard-systems-hq-clean' - '/Users/marcela-dev/Projects/motherboard-systems-hq-clean/node:test'.
Loading module as file / folder, candidate module location '/Users/marcela-dev/Projects/motherboard-systems-hq-clean/node:test', target file types: TypeScript, Declaration.
File '/Users/marcela-dev/Projects/motherboard-systems-hq-clean/node:test.ts' does not exist.
File '/Users/marcela-dev/Projects/motherboard-systems-hq-clean/node:test.tsx' does not exist.
File '/Users/marcela-dev/Projects/motherboard-systems-hq-clean/node:test.d.ts' does not exist.
Directory '/Users/marcela-dev/Projects/motherboard-systems-hq-clean/node:test' does not exist, skipping all lookups in it.
Skipping module 'node:test' that looks like an absolute URI, target file types: TypeScript, Declaration.
'baseUrl' option is set to '/Users/marcela-dev/Projects/motherboard-systems-hq-clean', using this value to resolve non-relative module name 'node:test'.
Resolving module name 'node:test' relative to base url '/Users/marcela-dev/Projects/motherboard-systems-hq-clean' - '/Users/marcela-dev/Projects/motherboard-systems-hq-clean/node:test'.
Loading module as file / folder, candidate module location '/Users/marcela-dev/Projects/motherboard-systems-hq-clean/node:test', target file types: JavaScript, JSON.
File '/Users/marcela-dev/Projects/motherboard-systems-hq-clean/node:test.js' does not exist.
File '/Users/marcela-dev/Projects/motherboard-systems-hq-clean/node:test.jsx' does not exist.
Directory '/Users/marcela-dev/Projects/motherboard-systems-hq-clean/node:test' does not exist, skipping all lookups in it.
Skipping module 'node:test' that looks like an absolute URI, target file types: JavaScript, JSON.
======== Module name 'node:test' was not resolved. ========
======== Resolving module 'node:test/reporters' from '/Users/marcela-dev/Projects/motherboard-systems-hq-clean/node_modules/@types/node/process.d.ts'. ========
Explicitly specified module resolution kind: 'Node10'.
'baseUrl' option is set to '/Users/marcela-dev/Projects/motherboard-systems-hq-clean', using this value to resolve non-relative module name 'node:test/reporters'.
Resolving module name 'node:test/reporters' relative to base url '/Users/marcela-dev/Projects/motherboard-systems-hq-clean' - '/Users/marcela-dev/Projects/motherboard-systems-hq-clean/node:test/reporters'.
Loading module as file / folder, candidate module location '/Users/marcela-dev/Projects/motherboard-systems-hq-clean/node:test/reporters', target file types: TypeScript, Declaration.
Skipping module 'node:test/reporters' that looks like an absolute URI, target file types: TypeScript, Declaration.
'baseUrl' option is set to '/Users/marcela-dev/Projects/motherboard-systems-hq-clean', using this value to resolve non-relative module name 'node:test/reporters'.
Resolving module name 'node:test/reporters' relative to base url '/Users/marcela-dev/Projects/motherboard-systems-hq-clean' - '/Users/marcela-dev/Projects/motherboard-systems-hq-clean/node:test/reporters'.
Loading module as file / folder, candidate module location '/Users/marcela-dev/Projects/motherboard-systems-hq-clean/node:test/reporters', target file types: JavaScript, JSON.
Skipping module 'node:test/reporters' that looks like an absolute URI, target file types: JavaScript, JSON.
======== Module name 'node:test/reporters' was not resolved. ========
======== Resolving module 'timers' from '/Users/marcela-dev/Projects/motherboard-systems-hq-clean/node_modules/@types/node/process.d.ts'. ========
Explicitly specified module resolution kind: 'Node10'.
'baseUrl' option is set to '/Users/marcela-dev/Projects/motherboard-systems-hq-clean', using this value to resolve non-relative module name 'timers'.
Resolving module name 'timers' relative to base url '/Users/marcela-dev/Projects/motherboard-systems-hq-clean' - '/Users/marcela-dev/Projects/motherboard-systems-hq-clean/timers'.
Loading module as file / folder, candidate module location '/Users/marcela-dev/Projects/motherboard-systems-hq-clean/timers', target file types: TypeScript, Declaration.
File '/Users/marcela-dev/Projects/motherboard-systems-hq-clean/timers.ts' does not exist.
File '/Users/marcela-dev/Projects/motherboard-systems-hq-clean/timers.tsx' does not exist.
File '/Users/marcela-dev/Projects/motherboard-systems-hq-clean/timers.d.ts' does not exist.
Directory '/Users/marcela-dev/Projects/motherboard-systems-hq-clean/timers' does not exist, skipping all lookups in it.
Loading module 'timers' from 'node_modules' folder, target file types: TypeScript, Declaration.
Searching all ancestor node_modules directories for preferred extensions: TypeScript, Declaration.
Directory '/Users/marcela-dev/Projects/motherboard-systems-hq-clean/node_modules/@types/node/node_modules' does not exist, skipping all lookups in it.
Directory '/Users/marcela-dev/Projects/motherboard-systems-hq-clean/node_modules/@types/node_modules' does not exist, skipping all lookups in it.
File '/Users/marcela-dev/Projects/motherboard-systems-hq-clean/node_modules/timers.ts' does not exist.
File '/Users/marcela-dev/Projects/motherboard-systems-hq-clean/node_modules/timers.tsx' does not exist.
File '/Users/marcela-dev/Projects/motherboard-systems-hq-clean/node_modules/timers.d.ts' does not exist.
File '/Users/marcela-dev/Projects/motherboard-systems-hq-clean/node_modules/@types/timers.d.ts' does not exist.
Directory '/Users/marcela-dev/Projects/node_modules' does not exist, skipping all lookups in it.
File '/Users/marcela-dev/node_modules/timers.ts' does not exist.
File '/Users/marcela-dev/node_modules/timers.tsx' does not exist.
File '/Users/marcela-dev/node_modules/timers.d.ts' does not exist.
File '/Users/marcela-dev/node_modules/@types/timers.d.ts' does not exist.
Directory '/Users/node_modules' does not exist, skipping all lookups in it.
Directory '/node_modules' does not exist, skipping all lookups in it.
'baseUrl' option is set to '/Users/marcela-dev/Projects/motherboard-systems-hq-clean', using this value to resolve non-relative module name 'timers'.
Resolving module name 'timers' relative to base url '/Users/marcela-dev/Projects/motherboard-systems-hq-clean' - '/Users/marcela-dev/Projects/motherboard-systems-hq-clean/timers'.
Loading module as file / folder, candidate module location '/Users/marcela-dev/Projects/motherboard-systems-hq-clean/timers', target file types: JavaScript, JSON.
File '/Users/marcela-dev/Projects/motherboard-systems-hq-clean/timers.js' does not exist.
File '/Users/marcela-dev/Projects/motherboard-systems-hq-clean/timers.jsx' does not exist.
Directory '/Users/marcela-dev/Projects/motherboard-systems-hq-clean/timers' does not exist, skipping all lookups in it.
Loading module 'timers' from 'node_modules' folder, target file types: JavaScript, JSON.
Searching all ancestor node_modules directories for fallback extensions: JavaScript, JSON.
Directory '/Users/marcela-dev/Projects/motherboard-systems-hq-clean/node_modules/@types/node/node_modules' does not exist, skipping all lookups in it.
Directory '/Users/marcela-dev/Projects/motherboard-systems-hq-clean/node_modules/@types/node_modules' does not exist, skipping all lookups in it.
File '/Users/marcela-dev/Projects/motherboard-systems-hq-clean/node_modules/timers.js' does not exist.
File '/Users/marcela-dev/Projects/motherboard-systems-hq-clean/node_modules/timers.jsx' does not exist.
Directory '/Users/marcela-dev/Projects/node_modules' does not exist, skipping all lookups in it.
File '/Users/marcela-dev/node_modules/timers.js' does not exist.
File '/Users/marcela-dev/node_modules/timers.jsx' does not exist.
Directory '/Users/node_modules' does not exist, skipping all lookups in it.
Directory '/node_modules' does not exist, skipping all lookups in it.
======== Module name 'timers' was not resolved. ========
======== Resolving module 'node:timers' from '/Users/marcela-dev/Projects/motherboard-systems-hq-clean/node_modules/@types/node/process.d.ts'. ========
Explicitly specified module resolution kind: 'Node10'.
'baseUrl' option is set to '/Users/marcela-dev/Projects/motherboard-systems-hq-clean', using this value to resolve non-relative module name 'node:timers'.
Resolving module name 'node:timers' relative to base url '/Users/marcela-dev/Projects/motherboard-systems-hq-clean' - '/Users/marcela-dev/Projects/motherboard-systems-hq-clean/node:timers'.
Loading module as file / folder, candidate module location '/Users/marcela-dev/Projects/motherboard-systems-hq-clean/node:timers', target file types: TypeScript, Declaration.
File '/Users/marcela-dev/Projects/motherboard-systems-hq-clean/node:timers.ts' does not exist.
File '/Users/marcela-dev/Projects/motherboard-systems-hq-clean/node:timers.tsx' does not exist.
File '/Users/marcela-dev/Projects/motherboard-systems-hq-clean/node:timers.d.ts' does not exist.
Directory '/Users/marcela-dev/Projects/motherboard-systems-hq-clean/node:timers' does not exist, skipping all lookups in it.
Skipping module 'node:timers' that looks like an absolute URI, target file types: TypeScript, Declaration.
'baseUrl' option is set to '/Users/marcela-dev/Projects/motherboard-systems-hq-clean', using this value to resolve non-relative module name 'node:timers'.
Resolving module name 'node:timers' relative to base url '/Users/marcela-dev/Projects/motherboard-systems-hq-clean' - '/Users/marcela-dev/Projects/motherboard-systems-hq-clean/node:timers'.
Loading module as file / folder, candidate module location '/Users/marcela-dev/Projects/motherboard-systems-hq-clean/node:timers', target file types: JavaScript, JSON.
File '/Users/marcela-dev/Projects/motherboard-systems-hq-clean/node:timers.js' does not exist.
File '/Users/marcela-dev/Projects/motherboard-systems-hq-clean/node:timers.jsx' does not exist.
Directory '/Users/marcela-dev/Projects/motherboard-systems-hq-clean/node:timers' does not exist, skipping all lookups in it.
Skipping module 'node:timers' that looks like an absolute URI, target file types: JavaScript, JSON.
======== Module name 'node:timers' was not resolved. ========
======== Resolving module 'timers/promises' from '/Users/marcela-dev/Projects/motherboard-systems-hq-clean/node_modules/@types/node/process.d.ts'. ========
Explicitly specified module resolution kind: 'Node10'.
'baseUrl' option is set to '/Users/marcela-dev/Projects/motherboard-systems-hq-clean', using this value to resolve non-relative module name 'timers/promises'.
Resolving module name 'timers/promises' relative to base url '/Users/marcela-dev/Projects/motherboard-systems-hq-clean' - '/Users/marcela-dev/Projects/motherboard-systems-hq-clean/timers/promises'.
Loading module as file / folder, candidate module location '/Users/marcela-dev/Projects/motherboard-systems-hq-clean/timers/promises', target file types: TypeScript, Declaration.
Loading module 'timers/promises' from 'node_modules' folder, target file types: TypeScript, Declaration.
Searching all ancestor node_modules directories for preferred extensions: TypeScript, Declaration.
Directory '/Users/marcela-dev/Projects/motherboard-systems-hq-clean/node_modules/@types/node/node_modules' does not exist, skipping all lookups in it.
Directory '/Users/marcela-dev/Projects/motherboard-systems-hq-clean/node_modules/@types/node_modules' does not exist, skipping all lookups in it.
Directory '/Users/marcela-dev/Projects/node_modules' does not exist, skipping all lookups in it.
Directory '/Users/node_modules' does not exist, skipping all lookups in it.
Directory '/node_modules' does not exist, skipping all lookups in it.
'baseUrl' option is set to '/Users/marcela-dev/Projects/motherboard-systems-hq-clean', using this value to resolve non-relative module name 'timers/promises'.
Resolving module name 'timers/promises' relative to base url '/Users/marcela-dev/Projects/motherboard-systems-hq-clean' - '/Users/marcela-dev/Projects/motherboard-systems-hq-clean/timers/promises'.
Loading module as file / folder, candidate module location '/Users/marcela-dev/Projects/motherboard-systems-hq-clean/timers/promises', target file types: JavaScript, JSON.
Loading module 'timers/promises' from 'node_modules' folder, target file types: JavaScript, JSON.
Searching all ancestor node_modules directories for fallback extensions: JavaScript, JSON.
Directory '/Users/marcela-dev/Projects/motherboard-systems-hq-clean/node_modules/@types/node/node_modules' does not exist, skipping all lookups in it.
Directory '/Users/marcela-dev/Projects/motherboard-systems-hq-clean/node_modules/@types/node_modules' does not exist, skipping all lookups in it.
Directory '/Users/marcela-dev/Projects/node_modules' does not exist, skipping all lookups in it.
Directory '/Users/node_modules' does not exist, skipping all lookups in it.
Directory '/node_modules' does not exist, skipping all lookups in it.
======== Module name 'timers/promises' was not resolved. ========
======== Resolving module 'node:timers/promises' from '/Users/marcela-dev/Projects/motherboard-systems-hq-clean/node_modules/@types/node/process.d.ts'. ========
Explicitly specified module resolution kind: 'Node10'.
'baseUrl' option is set to '/Users/marcela-dev/Projects/motherboard-systems-hq-clean', using this value to resolve non-relative module name 'node:timers/promises'.
Resolving module name 'node:timers/promises' relative to base url '/Users/marcela-dev/Projects/motherboard-systems-hq-clean' - '/Users/marcela-dev/Projects/motherboard-systems-hq-clean/node:timers/promises'.
Loading module as file / folder, candidate module location '/Users/marcela-dev/Projects/motherboard-systems-hq-clean/node:timers/promises', target file types: TypeScript, Declaration.
Skipping module 'node:timers/promises' that looks like an absolute URI, target file types: TypeScript, Declaration.
'baseUrl' option is set to '/Users/marcela-dev/Projects/motherboard-systems-hq-clean', using this value to resolve non-relative module name 'node:timers/promises'.
Resolving module name 'node:timers/promises' relative to base url '/Users/marcela-dev/Projects/motherboard-systems-hq-clean' - '/Users/marcela-dev/Projects/motherboard-systems-hq-clean/node:timers/promises'.
Loading module as file / folder, candidate module location '/Users/marcela-dev/Projects/motherboard-systems-hq-clean/node:timers/promises', target file types: JavaScript, JSON.
Skipping module 'node:timers/promises' that looks like an absolute URI, target file types: JavaScript, JSON.
======== Module name 'node:timers/promises' was not resolved. ========
======== Resolving module 'tls' from '/Users/marcela-dev/Projects/motherboard-systems-hq-clean/node_modules/@types/node/process.d.ts'. ========
Explicitly specified module resolution kind: 'Node10'.
'baseUrl' option is set to '/Users/marcela-dev/Projects/motherboard-systems-hq-clean', using this value to resolve non-relative module name 'tls'.
Resolving module name 'tls' relative to base url '/Users/marcela-dev/Projects/motherboard-systems-hq-clean' - '/Users/marcela-dev/Projects/motherboard-systems-hq-clean/tls'.
Loading module as file / folder, candidate module location '/Users/marcela-dev/Projects/motherboard-systems-hq-clean/tls', target file types: TypeScript, Declaration.
File '/Users/marcela-dev/Projects/motherboard-systems-hq-clean/tls.ts' does not exist.
File '/Users/marcela-dev/Projects/motherboard-systems-hq-clean/tls.tsx' does not exist.
File '/Users/marcela-dev/Projects/motherboard-systems-hq-clean/tls.d.ts' does not exist.
Directory '/Users/marcela-dev/Projects/motherboard-systems-hq-clean/tls' does not exist, skipping all lookups in it.
Loading module 'tls' from 'node_modules' folder, target file types: TypeScript, Declaration.
Searching all ancestor node_modules directories for preferred extensions: TypeScript, Declaration.
Directory '/Users/marcela-dev/Projects/motherboard-systems-hq-clean/node_modules/@types/node/node_modules' does not exist, skipping all lookups in it.
Directory '/Users/marcela-dev/Projects/motherboard-systems-hq-clean/node_modules/@types/node_modules' does not exist, skipping all lookups in it.
Resolution for module 'tls' was found in cache from location '/Users/marcela-dev/Projects/motherboard-systems-hq-clean'.
======== Module name 'tls' was not resolved. ========
======== Resolving module 'node:tls' from '/Users/marcela-dev/Projects/motherboard-systems-hq-clean/node_modules/@types/node/process.d.ts'. ========
Resolution for module 'node:tls' was found in cache from location '/Users/marcela-dev/Projects/motherboard-systems-hq-clean/node_modules/@types/node'.
======== Module name 'node:tls' was not resolved. ========
======== Resolving module 'trace_events' from '/Users/marcela-dev/Projects/motherboard-systems-hq-clean/node_modules/@types/node/process.d.ts'. ========
Explicitly specified module resolution kind: 'Node10'.
'baseUrl' option is set to '/Users/marcela-dev/Projects/motherboard-systems-hq-clean', using this value to resolve non-relative module name 'trace_events'.
Resolving module name 'trace_events' relative to base url '/Users/marcela-dev/Projects/motherboard-systems-hq-clean' - '/Users/marcela-dev/Projects/motherboard-systems-hq-clean/trace_events'.
Loading module as file / folder, candidate module location '/Users/marcela-dev/Projects/motherboard-systems-hq-clean/trace_events', target file types: TypeScript, Declaration.
File '/Users/marcela-dev/Projects/motherboard-systems-hq-clean/trace_events.ts' does not exist.
File '/Users/marcela-dev/Projects/motherboard-systems-hq-clean/trace_events.tsx' does not exist.
File '/Users/marcela-dev/Projects/motherboard-systems-hq-clean/trace_events.d.ts' does not exist.
Directory '/Users/marcela-dev/Projects/motherboard-systems-hq-clean/trace_events' does not exist, skipping all lookups in it.
Loading module 'trace_events' from 'node_modules' folder, target file types: TypeScript, Declaration.
Searching all ancestor node_modules directories for preferred extensions: TypeScript, Declaration.
Directory '/Users/marcela-dev/Projects/motherboard-systems-hq-clean/node_modules/@types/node/node_modules' does not exist, skipping all lookups in it.
Directory '/Users/marcela-dev/Projects/motherboard-systems-hq-clean/node_modules/@types/node_modules' does not exist, skipping all lookups in it.
File '/Users/marcela-dev/Projects/motherboard-systems-hq-clean/node_modules/trace_events.ts' does not exist.
File '/Users/marcela-dev/Projects/motherboard-systems-hq-clean/node_modules/trace_events.tsx' does not exist.
File '/Users/marcela-dev/Projects/motherboard-systems-hq-clean/node_modules/trace_events.d.ts' does not exist.
File '/Users/marcela-dev/Projects/motherboard-systems-hq-clean/node_modules/@types/trace_events.d.ts' does not exist.
Directory '/Users/marcela-dev/Projects/node_modules' does not exist, skipping all lookups in it.
File '/Users/marcela-dev/node_modules/trace_events.ts' does not exist.
File '/Users/marcela-dev/node_modules/trace_events.tsx' does not exist.
File '/Users/marcela-dev/node_modules/trace_events.d.ts' does not exist.
File '/Users/marcela-dev/node_modules/@types/trace_events.d.ts' does not exist.
Directory '/Users/node_modules' does not exist, skipping all lookups in it.
Directory '/node_modules' does not exist, skipping all lookups in it.
'baseUrl' option is set to '/Users/marcela-dev/Projects/motherboard-systems-hq-clean', using this value to resolve non-relative module name 'trace_events'.
Resolving module name 'trace_events' relative to base url '/Users/marcela-dev/Projects/motherboard-systems-hq-clean' - '/Users/marcela-dev/Projects/motherboard-systems-hq-clean/trace_events'.
Loading module as file / folder, candidate module location '/Users/marcela-dev/Projects/motherboard-systems-hq-clean/trace_events', target file types: JavaScript, JSON.
File '/Users/marcela-dev/Projects/motherboard-systems-hq-clean/trace_events.js' does not exist.
File '/Users/marcela-dev/Projects/motherboard-systems-hq-clean/trace_events.jsx' does not exist.
Directory '/Users/marcela-dev/Projects/motherboard-systems-hq-clean/trace_events' does not exist, skipping all lookups in it.
Loading module 'trace_events' from 'node_modules' folder, target file types: JavaScript, JSON.
Searching all ancestor node_modules directories for fallback extensions: JavaScript, JSON.
Directory '/Users/marcela-dev/Projects/motherboard-systems-hq-clean/node_modules/@types/node/node_modules' does not exist, skipping all lookups in it.
Directory '/Users/marcela-dev/Projects/motherboard-systems-hq-clean/node_modules/@types/node_modules' does not exist, skipping all lookups in it.
File '/Users/marcela-dev/Projects/motherboard-systems-hq-clean/node_modules/trace_events.js' does not exist.
File '/Users/marcela-dev/Projects/motherboard-systems-hq-clean/node_modules/trace_events.jsx' does not exist.
Directory '/Users/marcela-dev/Projects/node_modules' does not exist, skipping all lookups in it.
File '/Users/marcela-dev/node_modules/trace_events.js' does not exist.
File '/Users/marcela-dev/node_modules/trace_events.jsx' does not exist.
Directory '/Users/node_modules' does not exist, skipping all lookups in it.
Directory '/node_modules' does not exist, skipping all lookups in it.
======== Module name 'trace_events' was not resolved. ========
======== Resolving module 'node:trace_events' from '/Users/marcela-dev/Projects/motherboard-systems-hq-clean/node_modules/@types/node/process.d.ts'. ========
Explicitly specified module resolution kind: 'Node10'.
'baseUrl' option is set to '/Users/marcela-dev/Projects/motherboard-systems-hq-clean', using this value to resolve non-relative module name 'node:trace_events'.
Resolving module name 'node:trace_events' relative to base url '/Users/marcela-dev/Projects/motherboard-systems-hq-clean' - '/Users/marcela-dev/Projects/motherboard-systems-hq-clean/node:trace_events'.
Loading module as file / folder, candidate module location '/Users/marcela-dev/Projects/motherboard-systems-hq-clean/node:trace_events', target file types: TypeScript, Declaration.
File '/Users/marcela-dev/Projects/motherboard-systems-hq-clean/node:trace_events.ts' does not exist.
File '/Users/marcela-dev/Projects/motherboard-systems-hq-clean/node:trace_events.tsx' does not exist.
File '/Users/marcela-dev/Projects/motherboard-systems-hq-clean/node:trace_events.d.ts' does not exist.
Directory '/Users/marcela-dev/Projects/motherboard-systems-hq-clean/node:trace_events' does not exist, skipping all lookups in it.
Skipping module 'node:trace_events' that looks like an absolute URI, target file types: TypeScript, Declaration.
'baseUrl' option is set to '/Users/marcela-dev/Projects/motherboard-systems-hq-clean', using this value to resolve non-relative module name 'node:trace_events'.
Resolving module name 'node:trace_events' relative to base url '/Users/marcela-dev/Projects/motherboard-systems-hq-clean' - '/Users/marcela-dev/Projects/motherboard-systems-hq-clean/node:trace_events'.
Loading module as file / folder, candidate module location '/Users/marcela-dev/Projects/motherboard-systems-hq-clean/node:trace_events', target file types: JavaScript, JSON.
File '/Users/marcela-dev/Projects/motherboard-systems-hq-clean/node:trace_events.js' does not exist.
File '/Users/marcela-dev/Projects/motherboard-systems-hq-clean/node:trace_events.jsx' does not exist.
Directory '/Users/marcela-dev/Projects/motherboard-systems-hq-clean/node:trace_events' does not exist, skipping all lookups in it.
Skipping module 'node:trace_events' that looks like an absolute URI, target file types: JavaScript, JSON.
======== Module name 'node:trace_events' was not resolved. ========
======== Resolving module 'tty' from '/Users/marcela-dev/Projects/motherboard-systems-hq-clean/node_modules/@types/node/process.d.ts'. ========
Explicitly specified module resolution kind: 'Node10'.
'baseUrl' option is set to '/Users/marcela-dev/Projects/motherboard-systems-hq-clean', using this value to resolve non-relative module name 'tty'.
Resolving module name 'tty' relative to base url '/Users/marcela-dev/Projects/motherboard-systems-hq-clean' - '/Users/marcela-dev/Projects/motherboard-systems-hq-clean/tty'.
Loading module as file / folder, candidate module location '/Users/marcela-dev/Projects/motherboard-systems-hq-clean/tty', target file types: TypeScript, Declaration.
File '/Users/marcela-dev/Projects/motherboard-systems-hq-clean/tty.ts' does not exist.
File '/Users/marcela-dev/Projects/motherboard-systems-hq-clean/tty.tsx' does not exist.
File '/Users/marcela-dev/Projects/motherboard-systems-hq-clean/tty.d.ts' does not exist.
Directory '/Users/marcela-dev/Projects/motherboard-systems-hq-clean/tty' does not exist, skipping all lookups in it.
Loading module 'tty' from 'node_modules' folder, target file types: TypeScript, Declaration.
Searching all ancestor node_modules directories for preferred extensions: TypeScript, Declaration.
Directory '/Users/marcela-dev/Projects/motherboard-systems-hq-clean/node_modules/@types/node/node_modules' does not exist, skipping all lookups in it.
Directory '/Users/marcela-dev/Projects/motherboard-systems-hq-clean/node_modules/@types/node_modules' does not exist, skipping all lookups in it.
File '/Users/marcela-dev/Projects/motherboard-systems-hq-clean/node_modules/tty.ts' does not exist.
File '/Users/marcela-dev/Projects/motherboard-systems-hq-clean/node_modules/tty.tsx' does not exist.
File '/Users/marcela-dev/Projects/motherboard-systems-hq-clean/node_modules/tty.d.ts' does not exist.
File '/Users/marcela-dev/Projects/motherboard-systems-hq-clean/node_modules/@types/tty.d.ts' does not exist.
Directory '/Users/marcela-dev/Projects/node_modules' does not exist, skipping all lookups in it.
File '/Users/marcela-dev/node_modules/tty.ts' does not exist.
File '/Users/marcela-dev/node_modules/tty.tsx' does not exist.
File '/Users/marcela-dev/node_modules/tty.d.ts' does not exist.
File '/Users/marcela-dev/node_modules/@types/tty.d.ts' does not exist.
Directory '/Users/node_modules' does not exist, skipping all lookups in it.
Directory '/node_modules' does not exist, skipping all lookups in it.
'baseUrl' option is set to '/Users/marcela-dev/Projects/motherboard-systems-hq-clean', using this value to resolve non-relative module name 'tty'.
Resolving module name 'tty' relative to base url '/Users/marcela-dev/Projects/motherboard-systems-hq-clean' - '/Users/marcela-dev/Projects/motherboard-systems-hq-clean/tty'.
Loading module as file / folder, candidate module location '/Users/marcela-dev/Projects/motherboard-systems-hq-clean/tty', target file types: JavaScript, JSON.
File '/Users/marcela-dev/Projects/motherboard-systems-hq-clean/tty.js' does not exist.
File '/Users/marcela-dev/Projects/motherboard-systems-hq-clean/tty.jsx' does not exist.
Directory '/Users/marcela-dev/Projects/motherboard-systems-hq-clean/tty' does not exist, skipping all lookups in it.
Loading module 'tty' from 'node_modules' folder, target file types: JavaScript, JSON.
Searching all ancestor node_modules directories for fallback extensions: JavaScript, JSON.
Directory '/Users/marcela-dev/Projects/motherboard-systems-hq-clean/node_modules/@types/node/node_modules' does not exist, skipping all lookups in it.
Directory '/Users/marcela-dev/Projects/motherboard-systems-hq-clean/node_modules/@types/node_modules' does not exist, skipping all lookups in it.
File '/Users/marcela-dev/Projects/motherboard-systems-hq-clean/node_modules/tty.js' does not exist.
File '/Users/marcela-dev/Projects/motherboard-systems-hq-clean/node_modules/tty.jsx' does not exist.
Directory '/Users/marcela-dev/Projects/node_modules' does not exist, skipping all lookups in it.
File '/Users/marcela-dev/node_modules/tty.js' does not exist.
File '/Users/marcela-dev/node_modules/tty.jsx' does not exist.
Directory '/Users/node_modules' does not exist, skipping all lookups in it.
Directory '/node_modules' does not exist, skipping all lookups in it.
======== Module name 'tty' was not resolved. ========
======== Resolving module 'url' from '/Users/marcela-dev/Projects/motherboard-systems-hq-clean/node_modules/@types/node/process.d.ts'. ========
Explicitly specified module resolution kind: 'Node10'.
'baseUrl' option is set to '/Users/marcela-dev/Projects/motherboard-systems-hq-clean', using this value to resolve non-relative module name 'url'.
Resolving module name 'url' relative to base url '/Users/marcela-dev/Projects/motherboard-systems-hq-clean' - '/Users/marcela-dev/Projects/motherboard-systems-hq-clean/url'.
Loading module as file / folder, candidate module location '/Users/marcela-dev/Projects/motherboard-systems-hq-clean/url', target file types: TypeScript, Declaration.
File '/Users/marcela-dev/Projects/motherboard-systems-hq-clean/url.ts' does not exist.
File '/Users/marcela-dev/Projects/motherboard-systems-hq-clean/url.tsx' does not exist.
File '/Users/marcela-dev/Projects/motherboard-systems-hq-clean/url.d.ts' does not exist.
Directory '/Users/marcela-dev/Projects/motherboard-systems-hq-clean/url' does not exist, skipping all lookups in it.
Loading module 'url' from 'node_modules' folder, target file types: TypeScript, Declaration.
Searching all ancestor node_modules directories for preferred extensions: TypeScript, Declaration.
Directory '/Users/marcela-dev/Projects/motherboard-systems-hq-clean/node_modules/@types/node/node_modules' does not exist, skipping all lookups in it.
Directory '/Users/marcela-dev/Projects/motherboard-systems-hq-clean/node_modules/@types/node_modules' does not exist, skipping all lookups in it.
Resolution for module 'url' was found in cache from location '/Users/marcela-dev/Projects/motherboard-systems-hq-clean'.
======== Module name 'url' was not resolved. ========
======== Resolving module 'node:url' from '/Users/marcela-dev/Projects/motherboard-systems-hq-clean/node_modules/@types/node/process.d.ts'. ========
Resolution for module 'node:url' was found in cache from location '/Users/marcela-dev/Projects/motherboard-systems-hq-clean/node_modules/@types/node'.
======== Module name 'node:url' was not resolved. ========
======== Resolving module 'util' from '/Users/marcela-dev/Projects/motherboard-systems-hq-clean/node_modules/@types/node/process.d.ts'. ========
Explicitly specified module resolution kind: 'Node10'.
'baseUrl' option is set to '/Users/marcela-dev/Projects/motherboard-systems-hq-clean', using this value to resolve non-relative module name 'util'.
Resolving module name 'util' relative to base url '/Users/marcela-dev/Projects/motherboard-systems-hq-clean' - '/Users/marcela-dev/Projects/motherboard-systems-hq-clean/util'.
Loading module as file / folder, candidate module location '/Users/marcela-dev/Projects/motherboard-systems-hq-clean/util', target file types: TypeScript, Declaration.
File '/Users/marcela-dev/Projects/motherboard-systems-hq-clean/util.ts' does not exist.
File '/Users/marcela-dev/Projects/motherboard-systems-hq-clean/util.tsx' does not exist.
File '/Users/marcela-dev/Projects/motherboard-systems-hq-clean/util.d.ts' does not exist.
Directory '/Users/marcela-dev/Projects/motherboard-systems-hq-clean/util' does not exist, skipping all lookups in it.
Loading module 'util' from 'node_modules' folder, target file types: TypeScript, Declaration.
Searching all ancestor node_modules directories for preferred extensions: TypeScript, Declaration.
Directory '/Users/marcela-dev/Projects/motherboard-systems-hq-clean/node_modules/@types/node/node_modules' does not exist, skipping all lookups in it.
Directory '/Users/marcela-dev/Projects/motherboard-systems-hq-clean/node_modules/@types/node_modules' does not exist, skipping all lookups in it.
File '/Users/marcela-dev/Projects/motherboard-systems-hq-clean/node_modules/util.ts' does not exist.
File '/Users/marcela-dev/Projects/motherboard-systems-hq-clean/node_modules/util.tsx' does not exist.
File '/Users/marcela-dev/Projects/motherboard-systems-hq-clean/node_modules/util.d.ts' does not exist.
File '/Users/marcela-dev/Projects/motherboard-systems-hq-clean/node_modules/@types/util.d.ts' does not exist.
Directory '/Users/marcela-dev/Projects/node_modules' does not exist, skipping all lookups in it.
File '/Users/marcela-dev/node_modules/util.ts' does not exist.
File '/Users/marcela-dev/node_modules/util.tsx' does not exist.
File '/Users/marcela-dev/node_modules/util.d.ts' does not exist.
File '/Users/marcela-dev/node_modules/@types/util.d.ts' does not exist.
Directory '/Users/node_modules' does not exist, skipping all lookups in it.
Directory '/node_modules' does not exist, skipping all lookups in it.
'baseUrl' option is set to '/Users/marcela-dev/Projects/motherboard-systems-hq-clean', using this value to resolve non-relative module name 'util'.
Resolving module name 'util' relative to base url '/Users/marcela-dev/Projects/motherboard-systems-hq-clean' - '/Users/marcela-dev/Projects/motherboard-systems-hq-clean/util'.
Loading module as file / folder, candidate module location '/Users/marcela-dev/Projects/motherboard-systems-hq-clean/util', target file types: JavaScript, JSON.
File '/Users/marcela-dev/Projects/motherboard-systems-hq-clean/util.js' does not exist.
File '/Users/marcela-dev/Projects/motherboard-systems-hq-clean/util.jsx' does not exist.
Directory '/Users/marcela-dev/Projects/motherboard-systems-hq-clean/util' does not exist, skipping all lookups in it.
Loading module 'util' from 'node_modules' folder, target file types: JavaScript, JSON.
Searching all ancestor node_modules directories for fallback extensions: JavaScript, JSON.
Directory '/Users/marcela-dev/Projects/motherboard-systems-hq-clean/node_modules/@types/node/node_modules' does not exist, skipping all lookups in it.
Directory '/Users/marcela-dev/Projects/motherboard-systems-hq-clean/node_modules/@types/node_modules' does not exist, skipping all lookups in it.
File '/Users/marcela-dev/Projects/motherboard-systems-hq-clean/node_modules/util.js' does not exist.
File '/Users/marcela-dev/Projects/motherboard-systems-hq-clean/node_modules/util.jsx' does not exist.
Directory '/Users/marcela-dev/Projects/node_modules' does not exist, skipping all lookups in it.
File '/Users/marcela-dev/node_modules/util.js' does not exist.
File '/Users/marcela-dev/node_modules/util.jsx' does not exist.
Directory '/Users/node_modules' does not exist, skipping all lookups in it.
Directory '/node_modules' does not exist, skipping all lookups in it.
======== Module name 'util' was not resolved. ========
======== Resolving module 'node:util' from '/Users/marcela-dev/Projects/motherboard-systems-hq-clean/node_modules/@types/node/process.d.ts'. ========
Resolution for module 'node:util' was found in cache from location '/Users/marcela-dev/Projects/motherboard-systems-hq-clean/node_modules/@types/node'.
======== Module name 'node:util' was not resolved. ========
======== Resolving module 'util/types' from '/Users/marcela-dev/Projects/motherboard-systems-hq-clean/node_modules/@types/node/process.d.ts'. ========
Explicitly specified module resolution kind: 'Node10'.
'baseUrl' option is set to '/Users/marcela-dev/Projects/motherboard-systems-hq-clean', using this value to resolve non-relative module name 'util/types'.
Resolving module name 'util/types' relative to base url '/Users/marcela-dev/Projects/motherboard-systems-hq-clean' - '/Users/marcela-dev/Projects/motherboard-systems-hq-clean/util/types'.
Loading module as file / folder, candidate module location '/Users/marcela-dev/Projects/motherboard-systems-hq-clean/util/types', target file types: TypeScript, Declaration.
Loading module 'util/types' from 'node_modules' folder, target file types: TypeScript, Declaration.
Searching all ancestor node_modules directories for preferred extensions: TypeScript, Declaration.
Directory '/Users/marcela-dev/Projects/motherboard-systems-hq-clean/node_modules/@types/node/node_modules' does not exist, skipping all lookups in it.
Directory '/Users/marcela-dev/Projects/motherboard-systems-hq-clean/node_modules/@types/node_modules' does not exist, skipping all lookups in it.
Directory '/Users/marcela-dev/Projects/node_modules' does not exist, skipping all lookups in it.
Directory '/Users/node_modules' does not exist, skipping all lookups in it.
Directory '/node_modules' does not exist, skipping all lookups in it.
'baseUrl' option is set to '/Users/marcela-dev/Projects/motherboard-systems-hq-clean', using this value to resolve non-relative module name 'util/types'.
Resolving module name 'util/types' relative to base url '/Users/marcela-dev/Projects/motherboard-systems-hq-clean' - '/Users/marcela-dev/Projects/motherboard-systems-hq-clean/util/types'.
Loading module as file / folder, candidate module location '/Users/marcela-dev/Projects/motherboard-systems-hq-clean/util/types', target file types: JavaScript, JSON.
Loading module 'util/types' from 'node_modules' folder, target file types: JavaScript, JSON.
Searching all ancestor node_modules directories for fallback extensions: JavaScript, JSON.
Directory '/Users/marcela-dev/Projects/motherboard-systems-hq-clean/node_modules/@types/node/node_modules' does not exist, skipping all lookups in it.
Directory '/Users/marcela-dev/Projects/motherboard-systems-hq-clean/node_modules/@types/node_modules' does not exist, skipping all lookups in it.
Directory '/Users/marcela-dev/Projects/node_modules' does not exist, skipping all lookups in it.
Directory '/Users/node_modules' does not exist, skipping all lookups in it.
Directory '/node_modules' does not exist, skipping all lookups in it.
======== Module name 'util/types' was not resolved. ========
======== Resolving module 'node:util/types' from '/Users/marcela-dev/Projects/motherboard-systems-hq-clean/node_modules/@types/node/process.d.ts'. ========
Explicitly specified module resolution kind: 'Node10'.
'baseUrl' option is set to '/Users/marcela-dev/Projects/motherboard-systems-hq-clean', using this value to resolve non-relative module name 'node:util/types'.
Resolving module name 'node:util/types' relative to base url '/Users/marcela-dev/Projects/motherboard-systems-hq-clean' - '/Users/marcela-dev/Projects/motherboard-systems-hq-clean/node:util/types'.
Loading module as file / folder, candidate module location '/Users/marcela-dev/Projects/motherboard-systems-hq-clean/node:util/types', target file types: TypeScript, Declaration.
Skipping module 'node:util/types' that looks like an absolute URI, target file types: TypeScript, Declaration.
'baseUrl' option is set to '/Users/marcela-dev/Projects/motherboard-systems-hq-clean', using this value to resolve non-relative module name 'node:util/types'.
Resolving module name 'node:util/types' relative to base url '/Users/marcela-dev/Projects/motherboard-systems-hq-clean' - '/Users/marcela-dev/Projects/motherboard-systems-hq-clean/node:util/types'.
Loading module as file / folder, candidate module location '/Users/marcela-dev/Projects/motherboard-systems-hq-clean/node:util/types', target file types: JavaScript, JSON.
Skipping module 'node:util/types' that looks like an absolute URI, target file types: JavaScript, JSON.
======== Module name 'node:util/types' was not resolved. ========
======== Resolving module 'v8' from '/Users/marcela-dev/Projects/motherboard-systems-hq-clean/node_modules/@types/node/process.d.ts'. ========
Explicitly specified module resolution kind: 'Node10'.
'baseUrl' option is set to '/Users/marcela-dev/Projects/motherboard-systems-hq-clean', using this value to resolve non-relative module name 'v8'.
Resolving module name 'v8' relative to base url '/Users/marcela-dev/Projects/motherboard-systems-hq-clean' - '/Users/marcela-dev/Projects/motherboard-systems-hq-clean/v8'.
Loading module as file / folder, candidate module location '/Users/marcela-dev/Projects/motherboard-systems-hq-clean/v8', target file types: TypeScript, Declaration.
File '/Users/marcela-dev/Projects/motherboard-systems-hq-clean/v8.ts' does not exist.
File '/Users/marcela-dev/Projects/motherboard-systems-hq-clean/v8.tsx' does not exist.
File '/Users/marcela-dev/Projects/motherboard-systems-hq-clean/v8.d.ts' does not exist.
Directory '/Users/marcela-dev/Projects/motherboard-systems-hq-clean/v8' does not exist, skipping all lookups in it.
Loading module 'v8' from 'node_modules' folder, target file types: TypeScript, Declaration.
Searching all ancestor node_modules directories for preferred extensions: TypeScript, Declaration.
Directory '/Users/marcela-dev/Projects/motherboard-systems-hq-clean/node_modules/@types/node/node_modules' does not exist, skipping all lookups in it.
Directory '/Users/marcela-dev/Projects/motherboard-systems-hq-clean/node_modules/@types/node_modules' does not exist, skipping all lookups in it.
File '/Users/marcela-dev/Projects/motherboard-systems-hq-clean/node_modules/v8.ts' does not exist.
File '/Users/marcela-dev/Projects/motherboard-systems-hq-clean/node_modules/v8.tsx' does not exist.
File '/Users/marcela-dev/Projects/motherboard-systems-hq-clean/node_modules/v8.d.ts' does not exist.
File '/Users/marcela-dev/Projects/motherboard-systems-hq-clean/node_modules/@types/v8.d.ts' does not exist.
Directory '/Users/marcela-dev/Projects/node_modules' does not exist, skipping all lookups in it.
File '/Users/marcela-dev/node_modules/v8.ts' does not exist.
File '/Users/marcela-dev/node_modules/v8.tsx' does not exist.
File '/Users/marcela-dev/node_modules/v8.d.ts' does not exist.
File '/Users/marcela-dev/node_modules/@types/v8.d.ts' does not exist.
Directory '/Users/node_modules' does not exist, skipping all lookups in it.
Directory '/node_modules' does not exist, skipping all lookups in it.
'baseUrl' option is set to '/Users/marcela-dev/Projects/motherboard-systems-hq-clean', using this value to resolve non-relative module name 'v8'.
Resolving module name 'v8' relative to base url '/Users/marcela-dev/Projects/motherboard-systems-hq-clean' - '/Users/marcela-dev/Projects/motherboard-systems-hq-clean/v8'.
Loading module as file / folder, candidate module location '/Users/marcela-dev/Projects/motherboard-systems-hq-clean/v8', target file types: JavaScript, JSON.
File '/Users/marcela-dev/Projects/motherboard-systems-hq-clean/v8.js' does not exist.
File '/Users/marcela-dev/Projects/motherboard-systems-hq-clean/v8.jsx' does not exist.
Directory '/Users/marcela-dev/Projects/motherboard-systems-hq-clean/v8' does not exist, skipping all lookups in it.
Loading module 'v8' from 'node_modules' folder, target file types: JavaScript, JSON.
Searching all ancestor node_modules directories for fallback extensions: JavaScript, JSON.
Directory '/Users/marcela-dev/Projects/motherboard-systems-hq-clean/node_modules/@types/node/node_modules' does not exist, skipping all lookups in it.
Directory '/Users/marcela-dev/Projects/motherboard-systems-hq-clean/node_modules/@types/node_modules' does not exist, skipping all lookups in it.
File '/Users/marcela-dev/Projects/motherboard-systems-hq-clean/node_modules/v8.js' does not exist.
File '/Users/marcela-dev/Projects/motherboard-systems-hq-clean/node_modules/v8.jsx' does not exist.
Directory '/Users/marcela-dev/Projects/node_modules' does not exist, skipping all lookups in it.
File '/Users/marcela-dev/node_modules/v8.js' does not exist.
File '/Users/marcela-dev/node_modules/v8.jsx' does not exist.
Directory '/Users/node_modules' does not exist, skipping all lookups in it.
Directory '/node_modules' does not exist, skipping all lookups in it.
======== Module name 'v8' was not resolved. ========
======== Resolving module 'node:v8' from '/Users/marcela-dev/Projects/motherboard-systems-hq-clean/node_modules/@types/node/process.d.ts'. ========
Explicitly specified module resolution kind: 'Node10'.
'baseUrl' option is set to '/Users/marcela-dev/Projects/motherboard-systems-hq-clean', using this value to resolve non-relative module name 'node:v8'.
Resolving module name 'node:v8' relative to base url '/Users/marcela-dev/Projects/motherboard-systems-hq-clean' - '/Users/marcela-dev/Projects/motherboard-systems-hq-clean/node:v8'.
Loading module as file / folder, candidate module location '/Users/marcela-dev/Projects/motherboard-systems-hq-clean/node:v8', target file types: TypeScript, Declaration.
File '/Users/marcela-dev/Projects/motherboard-systems-hq-clean/node:v8.ts' does not exist.
File '/Users/marcela-dev/Projects/motherboard-systems-hq-clean/node:v8.tsx' does not exist.
File '/Users/marcela-dev/Projects/motherboard-systems-hq-clean/node:v8.d.ts' does not exist.
Directory '/Users/marcela-dev/Projects/motherboard-systems-hq-clean/node:v8' does not exist, skipping all lookups in it.
Skipping module 'node:v8' that looks like an absolute URI, target file types: TypeScript, Declaration.
'baseUrl' option is set to '/Users/marcela-dev/Projects/motherboard-systems-hq-clean', using this value to resolve non-relative module name 'node:v8'.
Resolving module name 'node:v8' relative to base url '/Users/marcela-dev/Projects/motherboard-systems-hq-clean' - '/Users/marcela-dev/Projects/motherboard-systems-hq-clean/node:v8'.
Loading module as file / folder, candidate module location '/Users/marcela-dev/Projects/motherboard-systems-hq-clean/node:v8', target file types: JavaScript, JSON.
File '/Users/marcela-dev/Projects/motherboard-systems-hq-clean/node:v8.js' does not exist.
File '/Users/marcela-dev/Projects/motherboard-systems-hq-clean/node:v8.jsx' does not exist.
Directory '/Users/marcela-dev/Projects/motherboard-systems-hq-clean/node:v8' does not exist, skipping all lookups in it.
Skipping module 'node:v8' that looks like an absolute URI, target file types: JavaScript, JSON.
======== Module name 'node:v8' was not resolved. ========
======== Resolving module 'vm' from '/Users/marcela-dev/Projects/motherboard-systems-hq-clean/node_modules/@types/node/process.d.ts'. ========
Explicitly specified module resolution kind: 'Node10'.
'baseUrl' option is set to '/Users/marcela-dev/Projects/motherboard-systems-hq-clean', using this value to resolve non-relative module name 'vm'.
Resolving module name 'vm' relative to base url '/Users/marcela-dev/Projects/motherboard-systems-hq-clean' - '/Users/marcela-dev/Projects/motherboard-systems-hq-clean/vm'.
Loading module as file / folder, candidate module location '/Users/marcela-dev/Projects/motherboard-systems-hq-clean/vm', target file types: TypeScript, Declaration.
File '/Users/marcela-dev/Projects/motherboard-systems-hq-clean/vm.ts' does not exist.
File '/Users/marcela-dev/Projects/motherboard-systems-hq-clean/vm.tsx' does not exist.
File '/Users/marcela-dev/Projects/motherboard-systems-hq-clean/vm.d.ts' does not exist.
Directory '/Users/marcela-dev/Projects/motherboard-systems-hq-clean/vm' does not exist, skipping all lookups in it.
Loading module 'vm' from 'node_modules' folder, target file types: TypeScript, Declaration.
Searching all ancestor node_modules directories for preferred extensions: TypeScript, Declaration.
Directory '/Users/marcela-dev/Projects/motherboard-systems-hq-clean/node_modules/@types/node/node_modules' does not exist, skipping all lookups in it.
Directory '/Users/marcela-dev/Projects/motherboard-systems-hq-clean/node_modules/@types/node_modules' does not exist, skipping all lookups in it.
File '/Users/marcela-dev/Projects/motherboard-systems-hq-clean/node_modules/vm.ts' does not exist.
File '/Users/marcela-dev/Projects/motherboard-systems-hq-clean/node_modules/vm.tsx' does not exist.
File '/Users/marcela-dev/Projects/motherboard-systems-hq-clean/node_modules/vm.d.ts' does not exist.
File '/Users/marcela-dev/Projects/motherboard-systems-hq-clean/node_modules/@types/vm.d.ts' does not exist.
Directory '/Users/marcela-dev/Projects/node_modules' does not exist, skipping all lookups in it.
File '/Users/marcela-dev/node_modules/vm.ts' does not exist.
File '/Users/marcela-dev/node_modules/vm.tsx' does not exist.
File '/Users/marcela-dev/node_modules/vm.d.ts' does not exist.
File '/Users/marcela-dev/node_modules/@types/vm.d.ts' does not exist.
Directory '/Users/node_modules' does not exist, skipping all lookups in it.
Directory '/node_modules' does not exist, skipping all lookups in it.
'baseUrl' option is set to '/Users/marcela-dev/Projects/motherboard-systems-hq-clean', using this value to resolve non-relative module name 'vm'.
Resolving module name 'vm' relative to base url '/Users/marcela-dev/Projects/motherboard-systems-hq-clean' - '/Users/marcela-dev/Projects/motherboard-systems-hq-clean/vm'.
Loading module as file / folder, candidate module location '/Users/marcela-dev/Projects/motherboard-systems-hq-clean/vm', target file types: JavaScript, JSON.
File '/Users/marcela-dev/Projects/motherboard-systems-hq-clean/vm.js' does not exist.
File '/Users/marcela-dev/Projects/motherboard-systems-hq-clean/vm.jsx' does not exist.
Directory '/Users/marcela-dev/Projects/motherboard-systems-hq-clean/vm' does not exist, skipping all lookups in it.
Loading module 'vm' from 'node_modules' folder, target file types: JavaScript, JSON.
Searching all ancestor node_modules directories for fallback extensions: JavaScript, JSON.
Directory '/Users/marcela-dev/Projects/motherboard-systems-hq-clean/node_modules/@types/node/node_modules' does not exist, skipping all lookups in it.
Directory '/Users/marcela-dev/Projects/motherboard-systems-hq-clean/node_modules/@types/node_modules' does not exist, skipping all lookups in it.
File '/Users/marcela-dev/Projects/motherboard-systems-hq-clean/node_modules/vm.js' does not exist.
File '/Users/marcela-dev/Projects/motherboard-systems-hq-clean/node_modules/vm.jsx' does not exist.
Directory '/Users/marcela-dev/Projects/node_modules' does not exist, skipping all lookups in it.
File '/Users/marcela-dev/node_modules/vm.js' does not exist.
File '/Users/marcela-dev/node_modules/vm.jsx' does not exist.
Directory '/Users/node_modules' does not exist, skipping all lookups in it.
Directory '/node_modules' does not exist, skipping all lookups in it.
======== Module name 'vm' was not resolved. ========
======== Resolving module 'node:vm' from '/Users/marcela-dev/Projects/motherboard-systems-hq-clean/node_modules/@types/node/process.d.ts'. ========
Explicitly specified module resolution kind: 'Node10'.
'baseUrl' option is set to '/Users/marcela-dev/Projects/motherboard-systems-hq-clean', using this value to resolve non-relative module name 'node:vm'.
Resolving module name 'node:vm' relative to base url '/Users/marcela-dev/Projects/motherboard-systems-hq-clean' - '/Users/marcela-dev/Projects/motherboard-systems-hq-clean/node:vm'.
Loading module as file / folder, candidate module location '/Users/marcela-dev/Projects/motherboard-systems-hq-clean/node:vm', target file types: TypeScript, Declaration.
File '/Users/marcela-dev/Projects/motherboard-systems-hq-clean/node:vm.ts' does not exist.
File '/Users/marcela-dev/Projects/motherboard-systems-hq-clean/node:vm.tsx' does not exist.
File '/Users/marcela-dev/Projects/motherboard-systems-hq-clean/node:vm.d.ts' does not exist.
Directory '/Users/marcela-dev/Projects/motherboard-systems-hq-clean/node:vm' does not exist, skipping all lookups in it.
Skipping module 'node:vm' that looks like an absolute URI, target file types: TypeScript, Declaration.
'baseUrl' option is set to '/Users/marcela-dev/Projects/motherboard-systems-hq-clean', using this value to resolve non-relative module name 'node:vm'.
Resolving module name 'node:vm' relative to base url '/Users/marcela-dev/Projects/motherboard-systems-hq-clean' - '/Users/marcela-dev/Projects/motherboard-systems-hq-clean/node:vm'.
Loading module as file / folder, candidate module location '/Users/marcela-dev/Projects/motherboard-systems-hq-clean/node:vm', target file types: JavaScript, JSON.
File '/Users/marcela-dev/Projects/motherboard-systems-hq-clean/node:vm.js' does not exist.
File '/Users/marcela-dev/Projects/motherboard-systems-hq-clean/node:vm.jsx' does not exist.
Directory '/Users/marcela-dev/Projects/motherboard-systems-hq-clean/node:vm' does not exist, skipping all lookups in it.
Skipping module 'node:vm' that looks like an absolute URI, target file types: JavaScript, JSON.
======== Module name 'node:vm' was not resolved. ========
======== Resolving module 'wasi' from '/Users/marcela-dev/Projects/motherboard-systems-hq-clean/node_modules/@types/node/process.d.ts'. ========
Explicitly specified module resolution kind: 'Node10'.
'baseUrl' option is set to '/Users/marcela-dev/Projects/motherboard-systems-hq-clean', using this value to resolve non-relative module name 'wasi'.
Resolving module name 'wasi' relative to base url '/Users/marcela-dev/Projects/motherboard-systems-hq-clean' - '/Users/marcela-dev/Projects/motherboard-systems-hq-clean/wasi'.
Loading module as file / folder, candidate module location '/Users/marcela-dev/Projects/motherboard-systems-hq-clean/wasi', target file types: TypeScript, Declaration.
File '/Users/marcela-dev/Projects/motherboard-systems-hq-clean/wasi.ts' does not exist.
File '/Users/marcela-dev/Projects/motherboard-systems-hq-clean/wasi.tsx' does not exist.
File '/Users/marcela-dev/Projects/motherboard-systems-hq-clean/wasi.d.ts' does not exist.
Directory '/Users/marcela-dev/Projects/motherboard-systems-hq-clean/wasi' does not exist, skipping all lookups in it.
Loading module 'wasi' from 'node_modules' folder, target file types: TypeScript, Declaration.
Searching all ancestor node_modules directories for preferred extensions: TypeScript, Declaration.
Directory '/Users/marcela-dev/Projects/motherboard-systems-hq-clean/node_modules/@types/node/node_modules' does not exist, skipping all lookups in it.
Directory '/Users/marcela-dev/Projects/motherboard-systems-hq-clean/node_modules/@types/node_modules' does not exist, skipping all lookups in it.
File '/Users/marcela-dev/Projects/motherboard-systems-hq-clean/node_modules/wasi.ts' does not exist.
File '/Users/marcela-dev/Projects/motherboard-systems-hq-clean/node_modules/wasi.tsx' does not exist.
File '/Users/marcela-dev/Projects/motherboard-systems-hq-clean/node_modules/wasi.d.ts' does not exist.
File '/Users/marcela-dev/Projects/motherboard-systems-hq-clean/node_modules/@types/wasi.d.ts' does not exist.
Directory '/Users/marcela-dev/Projects/node_modules' does not exist, skipping all lookups in it.
File '/Users/marcela-dev/node_modules/wasi.ts' does not exist.
File '/Users/marcela-dev/node_modules/wasi.tsx' does not exist.
File '/Users/marcela-dev/node_modules/wasi.d.ts' does not exist.
File '/Users/marcela-dev/node_modules/@types/wasi.d.ts' does not exist.
Directory '/Users/node_modules' does not exist, skipping all lookups in it.
Directory '/node_modules' does not exist, skipping all lookups in it.
'baseUrl' option is set to '/Users/marcela-dev/Projects/motherboard-systems-hq-clean', using this value to resolve non-relative module name 'wasi'.
Resolving module name 'wasi' relative to base url '/Users/marcela-dev/Projects/motherboard-systems-hq-clean' - '/Users/marcela-dev/Projects/motherboard-systems-hq-clean/wasi'.
Loading module as file / folder, candidate module location '/Users/marcela-dev/Projects/motherboard-systems-hq-clean/wasi', target file types: JavaScript, JSON.
File '/Users/marcela-dev/Projects/motherboard-systems-hq-clean/wasi.js' does not exist.
File '/Users/marcela-dev/Projects/motherboard-systems-hq-clean/wasi.jsx' does not exist.
Directory '/Users/marcela-dev/Projects/motherboard-systems-hq-clean/wasi' does not exist, skipping all lookups in it.
Loading module 'wasi' from 'node_modules' folder, target file types: JavaScript, JSON.
Searching all ancestor node_modules directories for fallback extensions: JavaScript, JSON.
Directory '/Users/marcela-dev/Projects/motherboard-systems-hq-clean/node_modules/@types/node/node_modules' does not exist, skipping all lookups in it.
Directory '/Users/marcela-dev/Projects/motherboard-systems-hq-clean/node_modules/@types/node_modules' does not exist, skipping all lookups in it.
File '/Users/marcela-dev/Projects/motherboard-systems-hq-clean/node_modules/wasi.js' does not exist.
File '/Users/marcela-dev/Projects/motherboard-systems-hq-clean/node_modules/wasi.jsx' does not exist.
Directory '/Users/marcela-dev/Projects/node_modules' does not exist, skipping all lookups in it.
File '/Users/marcela-dev/node_modules/wasi.js' does not exist.
File '/Users/marcela-dev/node_modules/wasi.jsx' does not exist.
Directory '/Users/node_modules' does not exist, skipping all lookups in it.
Directory '/node_modules' does not exist, skipping all lookups in it.
======== Module name 'wasi' was not resolved. ========
======== Resolving module 'node:wasi' from '/Users/marcela-dev/Projects/motherboard-systems-hq-clean/node_modules/@types/node/process.d.ts'. ========
Explicitly specified module resolution kind: 'Node10'.
'baseUrl' option is set to '/Users/marcela-dev/Projects/motherboard-systems-hq-clean', using this value to resolve non-relative module name 'node:wasi'.
Resolving module name 'node:wasi' relative to base url '/Users/marcela-dev/Projects/motherboard-systems-hq-clean' - '/Users/marcela-dev/Projects/motherboard-systems-hq-clean/node:wasi'.
Loading module as file / folder, candidate module location '/Users/marcela-dev/Projects/motherboard-systems-hq-clean/node:wasi', target file types: TypeScript, Declaration.
File '/Users/marcela-dev/Projects/motherboard-systems-hq-clean/node:wasi.ts' does not exist.
File '/Users/marcela-dev/Projects/motherboard-systems-hq-clean/node:wasi.tsx' does not exist.
File '/Users/marcela-dev/Projects/motherboard-systems-hq-clean/node:wasi.d.ts' does not exist.
Directory '/Users/marcela-dev/Projects/motherboard-systems-hq-clean/node:wasi' does not exist, skipping all lookups in it.
Skipping module 'node:wasi' that looks like an absolute URI, target file types: TypeScript, Declaration.
'baseUrl' option is set to '/Users/marcela-dev/Projects/motherboard-systems-hq-clean', using this value to resolve non-relative module name 'node:wasi'.
Resolving module name 'node:wasi' relative to base url '/Users/marcela-dev/Projects/motherboard-systems-hq-clean' - '/Users/marcela-dev/Projects/motherboard-systems-hq-clean/node:wasi'.
Loading module as file / folder, candidate module location '/Users/marcela-dev/Projects/motherboard-systems-hq-clean/node:wasi', target file types: JavaScript, JSON.
File '/Users/marcela-dev/Projects/motherboard-systems-hq-clean/node:wasi.js' does not exist.
File '/Users/marcela-dev/Projects/motherboard-systems-hq-clean/node:wasi.jsx' does not exist.
Directory '/Users/marcela-dev/Projects/motherboard-systems-hq-clean/node:wasi' does not exist, skipping all lookups in it.
Skipping module 'node:wasi' that looks like an absolute URI, target file types: JavaScript, JSON.
======== Module name 'node:wasi' was not resolved. ========
======== Resolving module 'worker_threads' from '/Users/marcela-dev/Projects/motherboard-systems-hq-clean/node_modules/@types/node/process.d.ts'. ========
Explicitly specified module resolution kind: 'Node10'.
'baseUrl' option is set to '/Users/marcela-dev/Projects/motherboard-systems-hq-clean', using this value to resolve non-relative module name 'worker_threads'.
Resolving module name 'worker_threads' relative to base url '/Users/marcela-dev/Projects/motherboard-systems-hq-clean' - '/Users/marcela-dev/Projects/motherboard-systems-hq-clean/worker_threads'.
Loading module as file / folder, candidate module location '/Users/marcela-dev/Projects/motherboard-systems-hq-clean/worker_threads', target file types: TypeScript, Declaration.
File '/Users/marcela-dev/Projects/motherboard-systems-hq-clean/worker_threads.ts' does not exist.
File '/Users/marcela-dev/Projects/motherboard-systems-hq-clean/worker_threads.tsx' does not exist.
File '/Users/marcela-dev/Projects/motherboard-systems-hq-clean/worker_threads.d.ts' does not exist.
Directory '/Users/marcela-dev/Projects/motherboard-systems-hq-clean/worker_threads' does not exist, skipping all lookups in it.
Loading module 'worker_threads' from 'node_modules' folder, target file types: TypeScript, Declaration.
Searching all ancestor node_modules directories for preferred extensions: TypeScript, Declaration.
Directory '/Users/marcela-dev/Projects/motherboard-systems-hq-clean/node_modules/@types/node/node_modules' does not exist, skipping all lookups in it.
Directory '/Users/marcela-dev/Projects/motherboard-systems-hq-clean/node_modules/@types/node_modules' does not exist, skipping all lookups in it.
Resolution for module 'worker_threads' was found in cache from location '/Users/marcela-dev/Projects/motherboard-systems-hq-clean'.
======== Module name 'worker_threads' was not resolved. ========
======== Resolving module 'zlib' from '/Users/marcela-dev/Projects/motherboard-systems-hq-clean/node_modules/@types/node/process.d.ts'. ========
Explicitly specified module resolution kind: 'Node10'.
'baseUrl' option is set to '/Users/marcela-dev/Projects/motherboard-systems-hq-clean', using this value to resolve non-relative module name 'zlib'.
Resolving module name 'zlib' relative to base url '/Users/marcela-dev/Projects/motherboard-systems-hq-clean' - '/Users/marcela-dev/Projects/motherboard-systems-hq-clean/zlib'.
Loading module as file / folder, candidate module location '/Users/marcela-dev/Projects/motherboard-systems-hq-clean/zlib', target file types: TypeScript, Declaration.
File '/Users/marcela-dev/Projects/motherboard-systems-hq-clean/zlib.ts' does not exist.
File '/Users/marcela-dev/Projects/motherboard-systems-hq-clean/zlib.tsx' does not exist.
File '/Users/marcela-dev/Projects/motherboard-systems-hq-clean/zlib.d.ts' does not exist.
Directory '/Users/marcela-dev/Projects/motherboard-systems-hq-clean/zlib' does not exist, skipping all lookups in it.
Loading module 'zlib' from 'node_modules' folder, target file types: TypeScript, Declaration.
Searching all ancestor node_modules directories for preferred extensions: TypeScript, Declaration.
Directory '/Users/marcela-dev/Projects/motherboard-systems-hq-clean/node_modules/@types/node/node_modules' does not exist, skipping all lookups in it.
Directory '/Users/marcela-dev/Projects/motherboard-systems-hq-clean/node_modules/@types/node_modules' does not exist, skipping all lookups in it.
File '/Users/marcela-dev/Projects/motherboard-systems-hq-clean/node_modules/zlib.ts' does not exist.
File '/Users/marcela-dev/Projects/motherboard-systems-hq-clean/node_modules/zlib.tsx' does not exist.
File '/Users/marcela-dev/Projects/motherboard-systems-hq-clean/node_modules/zlib.d.ts' does not exist.
File '/Users/marcela-dev/Projects/motherboard-systems-hq-clean/node_modules/@types/zlib.d.ts' does not exist.
Directory '/Users/marcela-dev/Projects/node_modules' does not exist, skipping all lookups in it.
File '/Users/marcela-dev/node_modules/zlib.ts' does not exist.
File '/Users/marcela-dev/node_modules/zlib.tsx' does not exist.
File '/Users/marcela-dev/node_modules/zlib.d.ts' does not exist.
File '/Users/marcela-dev/node_modules/@types/zlib.d.ts' does not exist.
Directory '/Users/node_modules' does not exist, skipping all lookups in it.
Directory '/node_modules' does not exist, skipping all lookups in it.
'baseUrl' option is set to '/Users/marcela-dev/Projects/motherboard-systems-hq-clean', using this value to resolve non-relative module name 'zlib'.
Resolving module name 'zlib' relative to base url '/Users/marcela-dev/Projects/motherboard-systems-hq-clean' - '/Users/marcela-dev/Projects/motherboard-systems-hq-clean/zlib'.
Loading module as file / folder, candidate module location '/Users/marcela-dev/Projects/motherboard-systems-hq-clean/zlib', target file types: JavaScript, JSON.
File '/Users/marcela-dev/Projects/motherboard-systems-hq-clean/zlib.js' does not exist.
File '/Users/marcela-dev/Projects/motherboard-systems-hq-clean/zlib.jsx' does not exist.
Directory '/Users/marcela-dev/Projects/motherboard-systems-hq-clean/zlib' does not exist, skipping all lookups in it.
Loading module 'zlib' from 'node_modules' folder, target file types: JavaScript, JSON.
Searching all ancestor node_modules directories for fallback extensions: JavaScript, JSON.
Directory '/Users/marcela-dev/Projects/motherboard-systems-hq-clean/node_modules/@types/node/node_modules' does not exist, skipping all lookups in it.
Directory '/Users/marcela-dev/Projects/motherboard-systems-hq-clean/node_modules/@types/node_modules' does not exist, skipping all lookups in it.
File '/Users/marcela-dev/Projects/motherboard-systems-hq-clean/node_modules/zlib.js' does not exist.
File '/Users/marcela-dev/Projects/motherboard-systems-hq-clean/node_modules/zlib.jsx' does not exist.
Directory '/Users/marcela-dev/Projects/node_modules' does not exist, skipping all lookups in it.
File '/Users/marcela-dev/node_modules/zlib.js' does not exist.
File '/Users/marcela-dev/node_modules/zlib.jsx' does not exist.
Directory '/Users/node_modules' does not exist, skipping all lookups in it.
Directory '/node_modules' does not exist, skipping all lookups in it.
======== Module name 'zlib' was not resolved. ========
======== Resolving module 'node:zlib' from '/Users/marcela-dev/Projects/motherboard-systems-hq-clean/node_modules/@types/node/process.d.ts'. ========
Explicitly specified module resolution kind: 'Node10'.
'baseUrl' option is set to '/Users/marcela-dev/Projects/motherboard-systems-hq-clean', using this value to resolve non-relative module name 'node:zlib'.
Resolving module name 'node:zlib' relative to base url '/Users/marcela-dev/Projects/motherboard-systems-hq-clean' - '/Users/marcela-dev/Projects/motherboard-systems-hq-clean/node:zlib'.
Loading module as file / folder, candidate module location '/Users/marcela-dev/Projects/motherboard-systems-hq-clean/node:zlib', target file types: TypeScript, Declaration.
File '/Users/marcela-dev/Projects/motherboard-systems-hq-clean/node:zlib.ts' does not exist.
File '/Users/marcela-dev/Projects/motherboard-systems-hq-clean/node:zlib.tsx' does not exist.
File '/Users/marcela-dev/Projects/motherboard-systems-hq-clean/node:zlib.d.ts' does not exist.
Directory '/Users/marcela-dev/Projects/motherboard-systems-hq-clean/node:zlib' does not exist, skipping all lookups in it.
Skipping module 'node:zlib' that looks like an absolute URI, target file types: TypeScript, Declaration.
'baseUrl' option is set to '/Users/marcela-dev/Projects/motherboard-systems-hq-clean', using this value to resolve non-relative module name 'node:zlib'.
Resolving module name 'node:zlib' relative to base url '/Users/marcela-dev/Projects/motherboard-systems-hq-clean' - '/Users/marcela-dev/Projects/motherboard-systems-hq-clean/node:zlib'.
Loading module as file / folder, candidate module location '/Users/marcela-dev/Projects/motherboard-systems-hq-clean/node:zlib', target file types: JavaScript, JSON.
File '/Users/marcela-dev/Projects/motherboard-systems-hq-clean/node:zlib.js' does not exist.
File '/Users/marcela-dev/Projects/motherboard-systems-hq-clean/node:zlib.jsx' does not exist.
Directory '/Users/marcela-dev/Projects/motherboard-systems-hq-clean/node:zlib' does not exist, skipping all lookups in it.
Skipping module 'node:zlib' that looks like an absolute URI, target file types: JavaScript, JSON.
======== Module name 'node:zlib' was not resolved. ========
File '/Users/marcela-dev/Projects/motherboard-systems-hq-clean/node_modules/@types/node/package.json' exists according to earlier cached lookups.
Module 'punycode' was resolved as locally declared ambient module in file '/Users/marcela-dev/Projects/motherboard-systems-hq-clean/node_modules/@types/node/punycode.d.ts'.
File '/Users/marcela-dev/Projects/motherboard-systems-hq-clean/node_modules/@types/node/package.json' exists according to earlier cached lookups.
Module 'querystring' was resolved as locally declared ambient module in file '/Users/marcela-dev/Projects/motherboard-systems-hq-clean/node_modules/@types/node/querystring.d.ts'.
File '/Users/marcela-dev/Projects/motherboard-systems-hq-clean/node_modules/@types/node/package.json' exists according to earlier cached lookups.
Module 'readline' was resolved as locally declared ambient module in file '/Users/marcela-dev/Projects/motherboard-systems-hq-clean/node_modules/@types/node/readline.d.ts'.
======== Resolving module 'node:events' from '/Users/marcela-dev/Projects/motherboard-systems-hq-clean/node_modules/@types/node/readline.d.ts'. ========
Resolution for module 'node:events' was found in cache from location '/Users/marcela-dev/Projects/motherboard-systems-hq-clean/node_modules/@types/node'.
======== Module name 'node:events' was not resolved. ========
======== Resolving module 'node:readline/promises' from '/Users/marcela-dev/Projects/motherboard-systems-hq-clean/node_modules/@types/node/readline.d.ts'. ========
Resolution for module 'node:readline/promises' was found in cache from location '/Users/marcela-dev/Projects/motherboard-systems-hq-clean/node_modules/@types/node'.
======== Module name 'node:readline/promises' was not resolved. ========
File '/Users/marcela-dev/Projects/motherboard-systems-hq-clean/node_modules/@types/node/readline/package.json' does not exist.
File '/Users/marcela-dev/Projects/motherboard-systems-hq-clean/node_modules/@types/node/package.json' exists according to earlier cached lookups.
Module 'readline/promises' was resolved as locally declared ambient module in file '/Users/marcela-dev/Projects/motherboard-systems-hq-clean/node_modules/@types/node/readline/promises.d.ts'.
======== Resolving module 'node:events' from '/Users/marcela-dev/Projects/motherboard-systems-hq-clean/node_modules/@types/node/readline/promises.d.ts'. ========
Explicitly specified module resolution kind: 'Node10'.
'baseUrl' option is set to '/Users/marcela-dev/Projects/motherboard-systems-hq-clean', using this value to resolve non-relative module name 'node:events'.
Resolving module name 'node:events' relative to base url '/Users/marcela-dev/Projects/motherboard-systems-hq-clean' - '/Users/marcela-dev/Projects/motherboard-systems-hq-clean/node:events'.
Loading module as file / folder, candidate module location '/Users/marcela-dev/Projects/motherboard-systems-hq-clean/node:events', target file types: TypeScript, Declaration.
File '/Users/marcela-dev/Projects/motherboard-systems-hq-clean/node:events.ts' does not exist.
File '/Users/marcela-dev/Projects/motherboard-systems-hq-clean/node:events.tsx' does not exist.
File '/Users/marcela-dev/Projects/motherboard-systems-hq-clean/node:events.d.ts' does not exist.
Directory '/Users/marcela-dev/Projects/motherboard-systems-hq-clean/node:events' does not exist, skipping all lookups in it.
Skipping module 'node:events' that looks like an absolute URI, target file types: TypeScript, Declaration.
'baseUrl' option is set to '/Users/marcela-dev/Projects/motherboard-systems-hq-clean', using this value to resolve non-relative module name 'node:events'.
Resolving module name 'node:events' relative to base url '/Users/marcela-dev/Projects/motherboard-systems-hq-clean' - '/Users/marcela-dev/Projects/motherboard-systems-hq-clean/node:events'.
Loading module as file / folder, candidate module location '/Users/marcela-dev/Projects/motherboard-systems-hq-clean/node:events', target file types: JavaScript, JSON.
File '/Users/marcela-dev/Projects/motherboard-systems-hq-clean/node:events.js' does not exist.
File '/Users/marcela-dev/Projects/motherboard-systems-hq-clean/node:events.jsx' does not exist.
Directory '/Users/marcela-dev/Projects/motherboard-systems-hq-clean/node:events' does not exist, skipping all lookups in it.
Skipping module 'node:events' that looks like an absolute URI, target file types: JavaScript, JSON.
======== Module name 'node:events' was not resolved. ========
======== Resolving module 'node:readline' from '/Users/marcela-dev/Projects/motherboard-systems-hq-clean/node_modules/@types/node/readline/promises.d.ts'. ========
Explicitly specified module resolution kind: 'Node10'.
'baseUrl' option is set to '/Users/marcela-dev/Projects/motherboard-systems-hq-clean', using this value to resolve non-relative module name 'node:readline'.
Resolving module name 'node:readline' relative to base url '/Users/marcela-dev/Projects/motherboard-systems-hq-clean' - '/Users/marcela-dev/Projects/motherboard-systems-hq-clean/node:readline'.
Loading module as file / folder, candidate module location '/Users/marcela-dev/Projects/motherboard-systems-hq-clean/node:readline', target file types: TypeScript, Declaration.
File '/Users/marcela-dev/Projects/motherboard-systems-hq-clean/node:readline.ts' does not exist.
File '/Users/marcela-dev/Projects/motherboard-systems-hq-clean/node:readline.tsx' does not exist.
File '/Users/marcela-dev/Projects/motherboard-systems-hq-clean/node:readline.d.ts' does not exist.
Directory '/Users/marcela-dev/Projects/motherboard-systems-hq-clean/node:readline' does not exist, skipping all lookups in it.
Skipping module 'node:readline' that looks like an absolute URI, target file types: TypeScript, Declaration.
'baseUrl' option is set to '/Users/marcela-dev/Projects/motherboard-systems-hq-clean', using this value to resolve non-relative module name 'node:readline'.
Resolving module name 'node:readline' relative to base url '/Users/marcela-dev/Projects/motherboard-systems-hq-clean' - '/Users/marcela-dev/Projects/motherboard-systems-hq-clean/node:readline'.
Loading module as file / folder, candidate module location '/Users/marcela-dev/Projects/motherboard-systems-hq-clean/node:readline', target file types: JavaScript, JSON.
File '/Users/marcela-dev/Projects/motherboard-systems-hq-clean/node:readline.js' does not exist.
File '/Users/marcela-dev/Projects/motherboard-systems-hq-clean/node:readline.jsx' does not exist.
Directory '/Users/marcela-dev/Projects/motherboard-systems-hq-clean/node:readline' does not exist, skipping all lookups in it.
Skipping module 'node:readline' that looks like an absolute URI, target file types: JavaScript, JSON.
======== Module name 'node:readline' was not resolved. ========
File '/Users/marcela-dev/Projects/motherboard-systems-hq-clean/node_modules/@types/node/package.json' exists according to earlier cached lookups.
Module 'repl' was resolved as locally declared ambient module in file '/Users/marcela-dev/Projects/motherboard-systems-hq-clean/node_modules/@types/node/repl.d.ts'.
======== Resolving module 'node:readline' from '/Users/marcela-dev/Projects/motherboard-systems-hq-clean/node_modules/@types/node/repl.d.ts'. ========
Resolution for module 'node:readline' was found in cache from location '/Users/marcela-dev/Projects/motherboard-systems-hq-clean/node_modules/@types/node'.
======== Module name 'node:readline' was not resolved. ========
======== Resolving module 'node:vm' from '/Users/marcela-dev/Projects/motherboard-systems-hq-clean/node_modules/@types/node/repl.d.ts'. ========
Resolution for module 'node:vm' was found in cache from location '/Users/marcela-dev/Projects/motherboard-systems-hq-clean/node_modules/@types/node'.
======== Module name 'node:vm' was not resolved. ========
======== Resolving module 'node:util' from '/Users/marcela-dev/Projects/motherboard-systems-hq-clean/node_modules/@types/node/repl.d.ts'. ========
Resolution for module 'node:util' was found in cache from location '/Users/marcela-dev/Projects/motherboard-systems-hq-clean/node_modules/@types/node'.
======== Module name 'node:util' was not resolved. ========
File '/Users/marcela-dev/Projects/motherboard-systems-hq-clean/node_modules/@types/node/package.json' exists according to earlier cached lookups.
File '/Users/marcela-dev/Projects/motherboard-systems-hq-clean/node_modules/@types/node/package.json' exists according to earlier cached lookups.
Module 'stream' was resolved as locally declared ambient module in file '/Users/marcela-dev/Projects/motherboard-systems-hq-clean/node_modules/@types/node/stream.d.ts'.
======== Resolving module 'node:events' from '/Users/marcela-dev/Projects/motherboard-systems-hq-clean/node_modules/@types/node/stream.d.ts'. ========
Resolution for module 'node:events' was found in cache from location '/Users/marcela-dev/Projects/motherboard-systems-hq-clean/node_modules/@types/node'.
======== Module name 'node:events' was not resolved. ========
======== Resolving module 'node:buffer' from '/Users/marcela-dev/Projects/motherboard-systems-hq-clean/node_modules/@types/node/stream.d.ts'. ========
Resolution for module 'node:buffer' was found in cache from location '/Users/marcela-dev/Projects/motherboard-systems-hq-clean/node_modules/@types/node'.
======== Module name 'node:buffer' was not resolved. ========
======== Resolving module 'node:stream/promises' from '/Users/marcela-dev/Projects/motherboard-systems-hq-clean/node_modules/@types/node/stream.d.ts'. ========
Resolution for module 'node:stream/promises' was found in cache from location '/Users/marcela-dev/Projects/motherboard-systems-hq-clean/node_modules/@types/node'.
======== Module name 'node:stream/promises' was not resolved. ========
======== Resolving module 'node:stream/web' from '/Users/marcela-dev/Projects/motherboard-systems-hq-clean/node_modules/@types/node/stream.d.ts'. ========
Resolution for module 'node:stream/web' was found in cache from location '/Users/marcela-dev/Projects/motherboard-systems-hq-clean/node_modules/@types/node'.
======== Module name 'node:stream/web' was not resolved. ========
File '/Users/marcela-dev/Projects/motherboard-systems-hq-clean/node_modules/@types/node/stream/package.json' does not exist.
File '/Users/marcela-dev/Projects/motherboard-systems-hq-clean/node_modules/@types/node/package.json' exists according to earlier cached lookups.
Module 'stream/promises' was resolved as locally declared ambient module in file '/Users/marcela-dev/Projects/motherboard-systems-hq-clean/node_modules/@types/node/stream/promises.d.ts'.
======== Resolving module 'node:stream' from '/Users/marcela-dev/Projects/motherboard-systems-hq-clean/node_modules/@types/node/stream/promises.d.ts'. ========
Explicitly specified module resolution kind: 'Node10'.
'baseUrl' option is set to '/Users/marcela-dev/Projects/motherboard-systems-hq-clean', using this value to resolve non-relative module name 'node:stream'.
Resolving module name 'node:stream' relative to base url '/Users/marcela-dev/Projects/motherboard-systems-hq-clean' - '/Users/marcela-dev/Projects/motherboard-systems-hq-clean/node:stream'.
Loading module as file / folder, candidate module location '/Users/marcela-dev/Projects/motherboard-systems-hq-clean/node:stream', target file types: TypeScript, Declaration.
File '/Users/marcela-dev/Projects/motherboard-systems-hq-clean/node:stream.ts' does not exist.
File '/Users/marcela-dev/Projects/motherboard-systems-hq-clean/node:stream.tsx' does not exist.
File '/Users/marcela-dev/Projects/motherboard-systems-hq-clean/node:stream.d.ts' does not exist.
Directory '/Users/marcela-dev/Projects/motherboard-systems-hq-clean/node:stream' does not exist, skipping all lookups in it.
Skipping module 'node:stream' that looks like an absolute URI, target file types: TypeScript, Declaration.
'baseUrl' option is set to '/Users/marcela-dev/Projects/motherboard-systems-hq-clean', using this value to resolve non-relative module name 'node:stream'.
Resolving module name 'node:stream' relative to base url '/Users/marcela-dev/Projects/motherboard-systems-hq-clean' - '/Users/marcela-dev/Projects/motherboard-systems-hq-clean/node:stream'.
Loading module as file / folder, candidate module location '/Users/marcela-dev/Projects/motherboard-systems-hq-clean/node:stream', target file types: JavaScript, JSON.
File '/Users/marcela-dev/Projects/motherboard-systems-hq-clean/node:stream.js' does not exist.
File '/Users/marcela-dev/Projects/motherboard-systems-hq-clean/node:stream.jsx' does not exist.
Directory '/Users/marcela-dev/Projects/motherboard-systems-hq-clean/node:stream' does not exist, skipping all lookups in it.
Skipping module 'node:stream' that looks like an absolute URI, target file types: JavaScript, JSON.
======== Module name 'node:stream' was not resolved. ========
File '/Users/marcela-dev/Projects/motherboard-systems-hq-clean/node_modules/@types/node/stream/package.json' does not exist according to earlier cached lookups.
File '/Users/marcela-dev/Projects/motherboard-systems-hq-clean/node_modules/@types/node/package.json' exists according to earlier cached lookups.
Module 'stream/consumers' was resolved as locally declared ambient module in file '/Users/marcela-dev/Projects/motherboard-systems-hq-clean/node_modules/@types/node/stream/consumers.d.ts'.
======== Resolving module 'node:buffer' from '/Users/marcela-dev/Projects/motherboard-systems-hq-clean/node_modules/@types/node/stream/consumers.d.ts'. ========
Explicitly specified module resolution kind: 'Node10'.
'baseUrl' option is set to '/Users/marcela-dev/Projects/motherboard-systems-hq-clean', using this value to resolve non-relative module name 'node:buffer'.
Resolving module name 'node:buffer' relative to base url '/Users/marcela-dev/Projects/motherboard-systems-hq-clean' - '/Users/marcela-dev/Projects/motherboard-systems-hq-clean/node:buffer'.
Loading module as file / folder, candidate module location '/Users/marcela-dev/Projects/motherboard-systems-hq-clean/node:buffer', target file types: TypeScript, Declaration.
File '/Users/marcela-dev/Projects/motherboard-systems-hq-clean/node:buffer.ts' does not exist.
File '/Users/marcela-dev/Projects/motherboard-systems-hq-clean/node:buffer.tsx' does not exist.
File '/Users/marcela-dev/Projects/motherboard-systems-hq-clean/node:buffer.d.ts' does not exist.
Directory '/Users/marcela-dev/Projects/motherboard-systems-hq-clean/node:buffer' does not exist, skipping all lookups in it.
Skipping module 'node:buffer' that looks like an absolute URI, target file types: TypeScript, Declaration.
'baseUrl' option is set to '/Users/marcela-dev/Projects/motherboard-systems-hq-clean', using this value to resolve non-relative module name 'node:buffer'.
Resolving module name 'node:buffer' relative to base url '/Users/marcela-dev/Projects/motherboard-systems-hq-clean' - '/Users/marcela-dev/Projects/motherboard-systems-hq-clean/node:buffer'.
Loading module as file / folder, candidate module location '/Users/marcela-dev/Projects/motherboard-systems-hq-clean/node:buffer', target file types: JavaScript, JSON.
File '/Users/marcela-dev/Projects/motherboard-systems-hq-clean/node:buffer.js' does not exist.
File '/Users/marcela-dev/Projects/motherboard-systems-hq-clean/node:buffer.jsx' does not exist.
Directory '/Users/marcela-dev/Projects/motherboard-systems-hq-clean/node:buffer' does not exist, skipping all lookups in it.
Skipping module 'node:buffer' that looks like an absolute URI, target file types: JavaScript, JSON.
======== Module name 'node:buffer' was not resolved. ========
======== Resolving module 'node:stream/web' from '/Users/marcela-dev/Projects/motherboard-systems-hq-clean/node_modules/@types/node/stream/consumers.d.ts'. ========
Explicitly specified module resolution kind: 'Node10'.
'baseUrl' option is set to '/Users/marcela-dev/Projects/motherboard-systems-hq-clean', using this value to resolve non-relative module name 'node:stream/web'.
Resolving module name 'node:stream/web' relative to base url '/Users/marcela-dev/Projects/motherboard-systems-hq-clean' - '/Users/marcela-dev/Projects/motherboard-systems-hq-clean/node:stream/web'.
Loading module as file / folder, candidate module location '/Users/marcela-dev/Projects/motherboard-systems-hq-clean/node:stream/web', target file types: TypeScript, Declaration.
Skipping module 'node:stream/web' that looks like an absolute URI, target file types: TypeScript, Declaration.
'baseUrl' option is set to '/Users/marcela-dev/Projects/motherboard-systems-hq-clean', using this value to resolve non-relative module name 'node:stream/web'.
Resolving module name 'node:stream/web' relative to base url '/Users/marcela-dev/Projects/motherboard-systems-hq-clean' - '/Users/marcela-dev/Projects/motherboard-systems-hq-clean/node:stream/web'.
Loading module as file / folder, candidate module location '/Users/marcela-dev/Projects/motherboard-systems-hq-clean/node:stream/web', target file types: JavaScript, JSON.
Skipping module 'node:stream/web' that looks like an absolute URI, target file types: JavaScript, JSON.
======== Module name 'node:stream/web' was not resolved. ========
File '/Users/marcela-dev/Projects/motherboard-systems-hq-clean/node_modules/@types/node/stream/package.json' does not exist according to earlier cached lookups.
File '/Users/marcela-dev/Projects/motherboard-systems-hq-clean/node_modules/@types/node/package.json' exists according to earlier cached lookups.
Module 'stream/web' was resolved as locally declared ambient module in file '/Users/marcela-dev/Projects/motherboard-systems-hq-clean/node_modules/@types/node/stream/web.d.ts'.
Module 'stream/web' was resolved as locally declared ambient module in file '/Users/marcela-dev/Projects/motherboard-systems-hq-clean/node_modules/@types/node/stream/web.d.ts'.
Module 'stream/web' was resolved as locally declared ambient module in file '/Users/marcela-dev/Projects/motherboard-systems-hq-clean/node_modules/@types/node/stream/web.d.ts'.
Module 'stream/web' was resolved as locally declared ambient module in file '/Users/marcela-dev/Projects/motherboard-systems-hq-clean/node_modules/@types/node/stream/web.d.ts'.
Module 'stream/web' was resolved as locally declared ambient module in file '/Users/marcela-dev/Projects/motherboard-systems-hq-clean/node_modules/@types/node/stream/web.d.ts'.
Module 'stream/web' was resolved as locally declared ambient module in file '/Users/marcela-dev/Projects/motherboard-systems-hq-clean/node_modules/@types/node/stream/web.d.ts'.
Module 'stream/web' was resolved as locally declared ambient module in file '/Users/marcela-dev/Projects/motherboard-systems-hq-clean/node_modules/@types/node/stream/web.d.ts'.
Module 'stream/web' was resolved as locally declared ambient module in file '/Users/marcela-dev/Projects/motherboard-systems-hq-clean/node_modules/@types/node/stream/web.d.ts'.
Module 'stream/web' was resolved as locally declared ambient module in file '/Users/marcela-dev/Projects/motherboard-systems-hq-clean/node_modules/@types/node/stream/web.d.ts'.
Module 'stream/web' was resolved as locally declared ambient module in file '/Users/marcela-dev/Projects/motherboard-systems-hq-clean/node_modules/@types/node/stream/web.d.ts'.
Module 'stream/web' was resolved as locally declared ambient module in file '/Users/marcela-dev/Projects/motherboard-systems-hq-clean/node_modules/@types/node/stream/web.d.ts'.
Module 'stream/web' was resolved as locally declared ambient module in file '/Users/marcela-dev/Projects/motherboard-systems-hq-clean/node_modules/@types/node/stream/web.d.ts'.
Module 'stream/web' was resolved as locally declared ambient module in file '/Users/marcela-dev/Projects/motherboard-systems-hq-clean/node_modules/@types/node/stream/web.d.ts'.
Module 'stream/web' was resolved as locally declared ambient module in file '/Users/marcela-dev/Projects/motherboard-systems-hq-clean/node_modules/@types/node/stream/web.d.ts'.
Module 'stream/web' was resolved as locally declared ambient module in file '/Users/marcela-dev/Projects/motherboard-systems-hq-clean/node_modules/@types/node/stream/web.d.ts'.
Module 'stream/web' was resolved as locally declared ambient module in file '/Users/marcela-dev/Projects/motherboard-systems-hq-clean/node_modules/@types/node/stream/web.d.ts'.
Module 'stream/web' was resolved as locally declared ambient module in file '/Users/marcela-dev/Projects/motherboard-systems-hq-clean/node_modules/@types/node/stream/web.d.ts'.
Module 'stream/web' was resolved as locally declared ambient module in file '/Users/marcela-dev/Projects/motherboard-systems-hq-clean/node_modules/@types/node/stream/web.d.ts'.
Module 'stream/web' was resolved as locally declared ambient module in file '/Users/marcela-dev/Projects/motherboard-systems-hq-clean/node_modules/@types/node/stream/web.d.ts'.
Module 'stream/web' was resolved as locally declared ambient module in file '/Users/marcela-dev/Projects/motherboard-systems-hq-clean/node_modules/@types/node/stream/web.d.ts'.
Module 'stream/web' was resolved as locally declared ambient module in file '/Users/marcela-dev/Projects/motherboard-systems-hq-clean/node_modules/@types/node/stream/web.d.ts'.
Module 'stream/web' was resolved as locally declared ambient module in file '/Users/marcela-dev/Projects/motherboard-systems-hq-clean/node_modules/@types/node/stream/web.d.ts'.
Module 'stream/web' was resolved as locally declared ambient module in file '/Users/marcela-dev/Projects/motherboard-systems-hq-clean/node_modules/@types/node/stream/web.d.ts'.
Module 'stream/web' was resolved as locally declared ambient module in file '/Users/marcela-dev/Projects/motherboard-systems-hq-clean/node_modules/@types/node/stream/web.d.ts'.
Module 'stream/web' was resolved as locally declared ambient module in file '/Users/marcela-dev/Projects/motherboard-systems-hq-clean/node_modules/@types/node/stream/web.d.ts'.
Module 'stream/web' was resolved as locally declared ambient module in file '/Users/marcela-dev/Projects/motherboard-systems-hq-clean/node_modules/@types/node/stream/web.d.ts'.
Module 'stream/web' was resolved as locally declared ambient module in file '/Users/marcela-dev/Projects/motherboard-systems-hq-clean/node_modules/@types/node/stream/web.d.ts'.
Module 'stream/web' was resolved as locally declared ambient module in file '/Users/marcela-dev/Projects/motherboard-systems-hq-clean/node_modules/@types/node/stream/web.d.ts'.
Module 'stream/web' was resolved as locally declared ambient module in file '/Users/marcela-dev/Projects/motherboard-systems-hq-clean/node_modules/@types/node/stream/web.d.ts'.
Module 'stream/web' was resolved as locally declared ambient module in file '/Users/marcela-dev/Projects/motherboard-systems-hq-clean/node_modules/@types/node/stream/web.d.ts'.
Module 'stream/web' was resolved as locally declared ambient module in file '/Users/marcela-dev/Projects/motherboard-systems-hq-clean/node_modules/@types/node/stream/web.d.ts'.
Module 'stream/web' was resolved as locally declared ambient module in file '/Users/marcela-dev/Projects/motherboard-systems-hq-clean/node_modules/@types/node/stream/web.d.ts'.
Module 'stream/web' was resolved as locally declared ambient module in file '/Users/marcela-dev/Projects/motherboard-systems-hq-clean/node_modules/@types/node/stream/web.d.ts'.
Module 'stream/web' was resolved as locally declared ambient module in file '/Users/marcela-dev/Projects/motherboard-systems-hq-clean/node_modules/@types/node/stream/web.d.ts'.
Module 'stream/web' was resolved as locally declared ambient module in file '/Users/marcela-dev/Projects/motherboard-systems-hq-clean/node_modules/@types/node/stream/web.d.ts'.
Module 'stream/web' was resolved as locally declared ambient module in file '/Users/marcela-dev/Projects/motherboard-systems-hq-clean/node_modules/@types/node/stream/web.d.ts'.
File '/Users/marcela-dev/Projects/motherboard-systems-hq-clean/node_modules/@types/node/package.json' exists according to earlier cached lookups.
Module 'string_decoder' was resolved as locally declared ambient module in file '/Users/marcela-dev/Projects/motherboard-systems-hq-clean/node_modules/@types/node/string_decoder.d.ts'.
File '/Users/marcela-dev/Projects/motherboard-systems-hq-clean/node_modules/@types/node/package.json' exists according to earlier cached lookups.
Module 'node:test' was resolved as locally declared ambient module in file '/Users/marcela-dev/Projects/motherboard-systems-hq-clean/node_modules/@types/node/test.d.ts'.
======== Resolving module 'node:assert' from '/Users/marcela-dev/Projects/motherboard-systems-hq-clean/node_modules/@types/node/test.d.ts'. ========
Resolution for module 'node:assert' was found in cache from location '/Users/marcela-dev/Projects/motherboard-systems-hq-clean/node_modules/@types/node'.
======== Module name 'node:assert' was not resolved. ========
======== Resolving module 'node:stream' from '/Users/marcela-dev/Projects/motherboard-systems-hq-clean/node_modules/@types/node/test.d.ts'. ========
Resolution for module 'node:stream' was found in cache from location '/Users/marcela-dev/Projects/motherboard-systems-hq-clean/node_modules/@types/node'.
======== Module name 'node:stream' was not resolved. ========
======== Resolving module 'assert' from '/Users/marcela-dev/Projects/motherboard-systems-hq-clean/node_modules/@types/node/test.d.ts'. ========
Resolution for module 'assert' was found in cache from location '/Users/marcela-dev/Projects/motherboard-systems-hq-clean/node_modules/@types/node'.
======== Module name 'assert' was not resolved. ========
File '/Users/marcela-dev/Projects/motherboard-systems-hq-clean/node_modules/@types/node/package.json' exists according to earlier cached lookups.
Module 'timers' was resolved as locally declared ambient module in file '/Users/marcela-dev/Projects/motherboard-systems-hq-clean/node_modules/@types/node/timers.d.ts'.
======== Resolving module 'node:events' from '/Users/marcela-dev/Projects/motherboard-systems-hq-clean/node_modules/@types/node/timers.d.ts'. ========
Resolution for module 'node:events' was found in cache from location '/Users/marcela-dev/Projects/motherboard-systems-hq-clean/node_modules/@types/node'.
======== Module name 'node:events' was not resolved. ========
======== Resolving module 'node:timers/promises' from '/Users/marcela-dev/Projects/motherboard-systems-hq-clean/node_modules/@types/node/timers.d.ts'. ========
Resolution for module 'node:timers/promises' was found in cache from location '/Users/marcela-dev/Projects/motherboard-systems-hq-clean/node_modules/@types/node'.
======== Module name 'node:timers/promises' was not resolved. ========
File '/Users/marcela-dev/Projects/motherboard-systems-hq-clean/node_modules/@types/node/timers/package.json' does not exist.
File '/Users/marcela-dev/Projects/motherboard-systems-hq-clean/node_modules/@types/node/package.json' exists according to earlier cached lookups.
Module 'timers/promises' was resolved as locally declared ambient module in file '/Users/marcela-dev/Projects/motherboard-systems-hq-clean/node_modules/@types/node/timers/promises.d.ts'.
======== Resolving module 'node:timers' from '/Users/marcela-dev/Projects/motherboard-systems-hq-clean/node_modules/@types/node/timers/promises.d.ts'. ========
Explicitly specified module resolution kind: 'Node10'.
'baseUrl' option is set to '/Users/marcela-dev/Projects/motherboard-systems-hq-clean', using this value to resolve non-relative module name 'node:timers'.
Resolving module name 'node:timers' relative to base url '/Users/marcela-dev/Projects/motherboard-systems-hq-clean' - '/Users/marcela-dev/Projects/motherboard-systems-hq-clean/node:timers'.
Loading module as file / folder, candidate module location '/Users/marcela-dev/Projects/motherboard-systems-hq-clean/node:timers', target file types: TypeScript, Declaration.
File '/Users/marcela-dev/Projects/motherboard-systems-hq-clean/node:timers.ts' does not exist.
File '/Users/marcela-dev/Projects/motherboard-systems-hq-clean/node:timers.tsx' does not exist.
File '/Users/marcela-dev/Projects/motherboard-systems-hq-clean/node:timers.d.ts' does not exist.
Directory '/Users/marcela-dev/Projects/motherboard-systems-hq-clean/node:timers' does not exist, skipping all lookups in it.
Skipping module 'node:timers' that looks like an absolute URI, target file types: TypeScript, Declaration.
'baseUrl' option is set to '/Users/marcela-dev/Projects/motherboard-systems-hq-clean', using this value to resolve non-relative module name 'node:timers'.
Resolving module name 'node:timers' relative to base url '/Users/marcela-dev/Projects/motherboard-systems-hq-clean' - '/Users/marcela-dev/Projects/motherboard-systems-hq-clean/node:timers'.
Loading module as file / folder, candidate module location '/Users/marcela-dev/Projects/motherboard-systems-hq-clean/node:timers', target file types: JavaScript, JSON.
File '/Users/marcela-dev/Projects/motherboard-systems-hq-clean/node:timers.js' does not exist.
File '/Users/marcela-dev/Projects/motherboard-systems-hq-clean/node:timers.jsx' does not exist.
Directory '/Users/marcela-dev/Projects/motherboard-systems-hq-clean/node:timers' does not exist, skipping all lookups in it.
Skipping module 'node:timers' that looks like an absolute URI, target file types: JavaScript, JSON.
======== Module name 'node:timers' was not resolved. ========
File '/Users/marcela-dev/Projects/motherboard-systems-hq-clean/node_modules/@types/node/package.json' exists according to earlier cached lookups.
Module 'tls' was resolved as locally declared ambient module in file '/Users/marcela-dev/Projects/motherboard-systems-hq-clean/node_modules/@types/node/tls.d.ts'.
======== Resolving module 'node:buffer' from '/Users/marcela-dev/Projects/motherboard-systems-hq-clean/node_modules/@types/node/tls.d.ts'. ========
Resolution for module 'node:buffer' was found in cache from location '/Users/marcela-dev/Projects/motherboard-systems-hq-clean/node_modules/@types/node'.
======== Module name 'node:buffer' was not resolved. ========
======== Resolving module 'node:crypto' from '/Users/marcela-dev/Projects/motherboard-systems-hq-clean/node_modules/@types/node/tls.d.ts'. ========
Resolution for module 'node:crypto' was found in cache from location '/Users/marcela-dev/Projects/motherboard-systems-hq-clean/node_modules/@types/node'.
======== Module name 'node:crypto' was not resolved. ========
======== Resolving module 'node:net' from '/Users/marcela-dev/Projects/motherboard-systems-hq-clean/node_modules/@types/node/tls.d.ts'. ========
Resolution for module 'node:net' was found in cache from location '/Users/marcela-dev/Projects/motherboard-systems-hq-clean/node_modules/@types/node'.
======== Module name 'node:net' was not resolved. ========
======== Resolving module 'stream' from '/Users/marcela-dev/Projects/motherboard-systems-hq-clean/node_modules/@types/node/tls.d.ts'. ========
Resolution for module 'stream' was found in cache from location '/Users/marcela-dev/Projects/motherboard-systems-hq-clean/node_modules/@types/node'.
======== Module name 'stream' was not resolved. ========
File '/Users/marcela-dev/Projects/motherboard-systems-hq-clean/node_modules/@types/node/package.json' exists according to earlier cached lookups.
Module 'trace_events' was resolved as locally declared ambient module in file '/Users/marcela-dev/Projects/motherboard-systems-hq-clean/node_modules/@types/node/trace_events.d.ts'.
File '/Users/marcela-dev/Projects/motherboard-systems-hq-clean/node_modules/@types/node/package.json' exists according to earlier cached lookups.
Module 'tty' was resolved as locally declared ambient module in file '/Users/marcela-dev/Projects/motherboard-systems-hq-clean/node_modules/@types/node/tty.d.ts'.
======== Resolving module 'node:net' from '/Users/marcela-dev/Projects/motherboard-systems-hq-clean/node_modules/@types/node/tty.d.ts'. ========
Resolution for module 'node:net' was found in cache from location '/Users/marcela-dev/Projects/motherboard-systems-hq-clean/node_modules/@types/node'.
======== Module name 'node:net' was not resolved. ========
File '/Users/marcela-dev/Projects/motherboard-systems-hq-clean/node_modules/@types/node/package.json' exists according to earlier cached lookups.
Module 'url' was resolved as locally declared ambient module in file '/Users/marcela-dev/Projects/motherboard-systems-hq-clean/node_modules/@types/node/url.d.ts'.
Module 'url' was resolved as locally declared ambient module in file '/Users/marcela-dev/Projects/motherboard-systems-hq-clean/node_modules/@types/node/url.d.ts'.
======== Resolving module 'node:buffer' from '/Users/marcela-dev/Projects/motherboard-systems-hq-clean/node_modules/@types/node/url.d.ts'. ========
Resolution for module 'node:buffer' was found in cache from location '/Users/marcela-dev/Projects/motherboard-systems-hq-clean/node_modules/@types/node'.
======== Module name 'node:buffer' was not resolved. ========
======== Resolving module 'node:http' from '/Users/marcela-dev/Projects/motherboard-systems-hq-clean/node_modules/@types/node/url.d.ts'. ========
Resolution for module 'node:http' was found in cache from location '/Users/marcela-dev/Projects/motherboard-systems-hq-clean/node_modules/@types/node'.
======== Module name 'node:http' was not resolved. ========
======== Resolving module 'node:querystring' from '/Users/marcela-dev/Projects/motherboard-systems-hq-clean/node_modules/@types/node/url.d.ts'. ========
Resolution for module 'node:querystring' was found in cache from location '/Users/marcela-dev/Projects/motherboard-systems-hq-clean/node_modules/@types/node'.
======== Module name 'node:querystring' was not resolved. ========
File '/Users/marcela-dev/Projects/motherboard-systems-hq-clean/node_modules/@types/node/package.json' exists according to earlier cached lookups.
Module 'node:util/types' was resolved as locally declared ambient module in file '/Users/marcela-dev/Projects/motherboard-systems-hq-clean/node_modules/@types/node/util.d.ts'.
Module 'util' was resolved as locally declared ambient module in file '/Users/marcela-dev/Projects/motherboard-systems-hq-clean/node_modules/@types/node/util.d.ts'.
Module 'util' was resolved as locally declared ambient module in file '/Users/marcela-dev/Projects/motherboard-systems-hq-clean/node_modules/@types/node/util.d.ts'.
Module 'util/types' was resolved as locally declared ambient module in file '/Users/marcela-dev/Projects/motherboard-systems-hq-clean/node_modules/@types/node/util.d.ts'.
======== Resolving module 'node:crypto' from '/Users/marcela-dev/Projects/motherboard-systems-hq-clean/node_modules/@types/node/util.d.ts'. ========
Resolution for module 'node:crypto' was found in cache from location '/Users/marcela-dev/Projects/motherboard-systems-hq-clean/node_modules/@types/node'.
======== Module name 'node:crypto' was not resolved. ========
File '/Users/marcela-dev/Projects/motherboard-systems-hq-clean/node_modules/@types/node/package.json' exists according to earlier cached lookups.
Module 'v8' was resolved as locally declared ambient module in file '/Users/marcela-dev/Projects/motherboard-systems-hq-clean/node_modules/@types/node/v8.d.ts'.
======== Resolving module 'node:buffer' from '/Users/marcela-dev/Projects/motherboard-systems-hq-clean/node_modules/@types/node/v8.d.ts'. ========
Resolution for module 'node:buffer' was found in cache from location '/Users/marcela-dev/Projects/motherboard-systems-hq-clean/node_modules/@types/node'.
======== Module name 'node:buffer' was not resolved. ========
======== Resolving module 'node:stream' from '/Users/marcela-dev/Projects/motherboard-systems-hq-clean/node_modules/@types/node/v8.d.ts'. ========
Resolution for module 'node:stream' was found in cache from location '/Users/marcela-dev/Projects/motherboard-systems-hq-clean/node_modules/@types/node'.
======== Module name 'node:stream' was not resolved. ========
File '/Users/marcela-dev/Projects/motherboard-systems-hq-clean/node_modules/@types/node/package.json' exists according to earlier cached lookups.
Module 'vm' was resolved as locally declared ambient module in file '/Users/marcela-dev/Projects/motherboard-systems-hq-clean/node_modules/@types/node/vm.d.ts'.
======== Resolving module 'node:buffer' from '/Users/marcela-dev/Projects/motherboard-systems-hq-clean/node_modules/@types/node/vm.d.ts'. ========
Resolution for module 'node:buffer' was found in cache from location '/Users/marcela-dev/Projects/motherboard-systems-hq-clean/node_modules/@types/node'.
======== Module name 'node:buffer' was not resolved. ========
======== Resolving module 'node:module' from '/Users/marcela-dev/Projects/motherboard-systems-hq-clean/node_modules/@types/node/vm.d.ts'. ========
Resolution for module 'node:module' was found in cache from location '/Users/marcela-dev/Projects/motherboard-systems-hq-clean/node_modules/@types/node'.
======== Module name 'node:module' was not resolved. ========
File '/Users/marcela-dev/Projects/motherboard-systems-hq-clean/node_modules/@types/node/package.json' exists according to earlier cached lookups.
Module 'wasi' was resolved as locally declared ambient module in file '/Users/marcela-dev/Projects/motherboard-systems-hq-clean/node_modules/@types/node/wasi.d.ts'.
File '/Users/marcela-dev/Projects/motherboard-systems-hq-clean/node_modules/@types/node/package.json' exists according to earlier cached lookups.
Module 'worker_threads' was resolved as locally declared ambient module in file '/Users/marcela-dev/Projects/motherboard-systems-hq-clean/node_modules/@types/node/worker_threads.d.ts'.
Module 'worker_threads' was resolved as locally declared ambient module in file '/Users/marcela-dev/Projects/motherboard-systems-hq-clean/node_modules/@types/node/worker_threads.d.ts'.
======== Resolving module 'node:vm' from '/Users/marcela-dev/Projects/motherboard-systems-hq-clean/node_modules/@types/node/worker_threads.d.ts'. ========
Resolution for module 'node:vm' was found in cache from location '/Users/marcela-dev/Projects/motherboard-systems-hq-clean/node_modules/@types/node'.
======== Module name 'node:vm' was not resolved. ========
======== Resolving module 'node:events' from '/Users/marcela-dev/Projects/motherboard-systems-hq-clean/node_modules/@types/node/worker_threads.d.ts'. ========
Resolution for module 'node:events' was found in cache from location '/Users/marcela-dev/Projects/motherboard-systems-hq-clean/node_modules/@types/node'.
======== Module name 'node:events' was not resolved. ========
======== Resolving module 'node:perf_hooks' from '/Users/marcela-dev/Projects/motherboard-systems-hq-clean/node_modules/@types/node/worker_threads.d.ts'. ========
Resolution for module 'node:perf_hooks' was found in cache from location '/Users/marcela-dev/Projects/motherboard-systems-hq-clean/node_modules/@types/node'.
======== Module name 'node:perf_hooks' was not resolved. ========
======== Resolving module 'node:fs/promises' from '/Users/marcela-dev/Projects/motherboard-systems-hq-clean/node_modules/@types/node/worker_threads.d.ts'. ========
Resolution for module 'node:fs/promises' was found in cache from location '/Users/marcela-dev/Projects/motherboard-systems-hq-clean/node_modules/@types/node'.
======== Module name 'node:fs/promises' was not resolved. ========
======== Resolving module 'node:stream' from '/Users/marcela-dev/Projects/motherboard-systems-hq-clean/node_modules/@types/node/worker_threads.d.ts'. ========
Resolution for module 'node:stream' was found in cache from location '/Users/marcela-dev/Projects/motherboard-systems-hq-clean/node_modules/@types/node'.
======== Module name 'node:stream' was not resolved. ========
======== Resolving module 'node:stream/web' from '/Users/marcela-dev/Projects/motherboard-systems-hq-clean/node_modules/@types/node/worker_threads.d.ts'. ========
Resolution for module 'node:stream/web' was found in cache from location '/Users/marcela-dev/Projects/motherboard-systems-hq-clean/node_modules/@types/node'.
======== Module name 'node:stream/web' was not resolved. ========
======== Resolving module 'node:url' from '/Users/marcela-dev/Projects/motherboard-systems-hq-clean/node_modules/@types/node/worker_threads.d.ts'. ========
Resolution for module 'node:url' was found in cache from location '/Users/marcela-dev/Projects/motherboard-systems-hq-clean/node_modules/@types/node'.
======== Module name 'node:url' was not resolved. ========
======== Resolving module 'undici-types' from '/Users/marcela-dev/Projects/motherboard-systems-hq-clean/node_modules/@types/node/worker_threads.d.ts'. ========
Explicitly specified module resolution kind: 'Node10'.
'baseUrl' option is set to '/Users/marcela-dev/Projects/motherboard-systems-hq-clean', using this value to resolve non-relative module name 'undici-types'.
Resolving module name 'undici-types' relative to base url '/Users/marcela-dev/Projects/motherboard-systems-hq-clean' - '/Users/marcela-dev/Projects/motherboard-systems-hq-clean/undici-types'.
Loading module as file / folder, candidate module location '/Users/marcela-dev/Projects/motherboard-systems-hq-clean/undici-types', target file types: TypeScript, Declaration.
File '/Users/marcela-dev/Projects/motherboard-systems-hq-clean/undici-types.ts' does not exist.
File '/Users/marcela-dev/Projects/motherboard-systems-hq-clean/undici-types.tsx' does not exist.
File '/Users/marcela-dev/Projects/motherboard-systems-hq-clean/undici-types.d.ts' does not exist.
Directory '/Users/marcela-dev/Projects/motherboard-systems-hq-clean/undici-types' does not exist, skipping all lookups in it.
Loading module 'undici-types' from 'node_modules' folder, target file types: TypeScript, Declaration.
Searching all ancestor node_modules directories for preferred extensions: TypeScript, Declaration.
Resolution for module 'undici-types' was found in cache from location '/Users/marcela-dev/Projects/motherboard-systems-hq-clean/node_modules/@types/node'.
======== Module name 'undici-types' was successfully resolved to '/Users/marcela-dev/Projects/motherboard-systems-hq-clean/node_modules/undici-types/index.d.ts' with Package ID 'undici-types/index.d.ts@6.21.0'. ========
File '/Users/marcela-dev/Projects/motherboard-systems-hq-clean/node_modules/@types/node/package.json' exists according to earlier cached lookups.
Module 'zlib' was resolved as locally declared ambient module in file '/Users/marcela-dev/Projects/motherboard-systems-hq-clean/node_modules/@types/node/zlib.d.ts'.
======== Resolving module 'node:buffer' from '/Users/marcela-dev/Projects/motherboard-systems-hq-clean/node_modules/@types/node/zlib.d.ts'. ========
Resolution for module 'node:buffer' was found in cache from location '/Users/marcela-dev/Projects/motherboard-systems-hq-clean/node_modules/@types/node'.
======== Module name 'node:buffer' was not resolved. ========
======== Resolving module 'node:stream' from '/Users/marcela-dev/Projects/motherboard-systems-hq-clean/node_modules/@types/node/zlib.d.ts'. ========
Resolution for module 'node:stream' was found in cache from location '/Users/marcela-dev/Projects/motherboard-systems-hq-clean/node_modules/@types/node'.
======== Module name 'node:stream' was not resolved. ========
======== Resolving module '@typescript/lib-es2020' from '/Users/marcela-dev/Projects/motherboard-systems-hq-clean/__lib_node_modules_lookup_lib.es2020.d.ts__.ts'. ========
Explicitly specified module resolution kind: 'Node10'.
Loading module '@typescript/lib-es2020' from 'node_modules' folder, target file types: TypeScript, Declaration.
Searching all ancestor node_modules directories for preferred extensions: TypeScript, Declaration.
Scoped package detected, looking in 'typescript__lib-es2020'
File '/Users/marcela-dev/Projects/motherboard-systems-hq-clean/node_modules/@types/typescript__lib-es2020.d.ts' does not exist.
Directory '/Users/marcela-dev/Projects/node_modules' does not exist, skipping all lookups in it.
Scoped package detected, looking in 'typescript__lib-es2020'
Scoped package detected, looking in 'typescript__lib-es2020'
File '/Users/marcela-dev/node_modules/@types/typescript__lib-es2020.d.ts' does not exist.
Directory '/Users/node_modules' does not exist, skipping all lookups in it.
Scoped package detected, looking in 'typescript__lib-es2020'
Directory '/node_modules' does not exist, skipping all lookups in it.
Scoped package detected, looking in 'typescript__lib-es2020'
Loading module '@typescript/lib-es2020' from 'node_modules' folder, target file types: JavaScript.
Searching all ancestor node_modules directories for fallback extensions: JavaScript.
Directory '/Users/marcela-dev/Projects/node_modules' does not exist, skipping all lookups in it.
Directory '/Users/node_modules' does not exist, skipping all lookups in it.
Directory '/node_modules' does not exist, skipping all lookups in it.
======== Module name '@typescript/lib-es2020' was not resolved. ========
File '/Users/marcela-dev/Projects/motherboard-systems-hq-clean/node_modules/typescript/lib/package.json' does not exist.
Found 'package.json' at '/Users/marcela-dev/Projects/motherboard-systems-hq-clean/node_modules/typescript/package.json'.
======== Resolving module '@typescript/lib-es2019' from '/Users/marcela-dev/Projects/motherboard-systems-hq-clean/__lib_node_modules_lookup_lib.es2019.d.ts__.ts'. ========
Explicitly specified module resolution kind: 'Node10'.
Loading module '@typescript/lib-es2019' from 'node_modules' folder, target file types: TypeScript, Declaration.
Searching all ancestor node_modules directories for preferred extensions: TypeScript, Declaration.
Scoped package detected, looking in 'typescript__lib-es2019'
File '/Users/marcela-dev/Projects/motherboard-systems-hq-clean/node_modules/@types/typescript__lib-es2019.d.ts' does not exist.
Directory '/Users/marcela-dev/Projects/node_modules' does not exist, skipping all lookups in it.
Scoped package detected, looking in 'typescript__lib-es2019'
Scoped package detected, looking in 'typescript__lib-es2019'
File '/Users/marcela-dev/node_modules/@types/typescript__lib-es2019.d.ts' does not exist.
Directory '/Users/node_modules' does not exist, skipping all lookups in it.
Scoped package detected, looking in 'typescript__lib-es2019'
Directory '/node_modules' does not exist, skipping all lookups in it.
Scoped package detected, looking in 'typescript__lib-es2019'
Loading module '@typescript/lib-es2019' from 'node_modules' folder, target file types: JavaScript.
Searching all ancestor node_modules directories for fallback extensions: JavaScript.
Directory '/Users/marcela-dev/Projects/node_modules' does not exist, skipping all lookups in it.
Directory '/Users/node_modules' does not exist, skipping all lookups in it.
Directory '/node_modules' does not exist, skipping all lookups in it.
======== Module name '@typescript/lib-es2019' was not resolved. ========
File '/Users/marcela-dev/Projects/motherboard-systems-hq-clean/node_modules/typescript/lib/package.json' does not exist according to earlier cached lookups.
File '/Users/marcela-dev/Projects/motherboard-systems-hq-clean/node_modules/typescript/package.json' exists according to earlier cached lookups.
======== Resolving module '@typescript/lib-es2018' from '/Users/marcela-dev/Projects/motherboard-systems-hq-clean/__lib_node_modules_lookup_lib.es2018.d.ts__.ts'. ========
Explicitly specified module resolution kind: 'Node10'.
Loading module '@typescript/lib-es2018' from 'node_modules' folder, target file types: TypeScript, Declaration.
Searching all ancestor node_modules directories for preferred extensions: TypeScript, Declaration.
Scoped package detected, looking in 'typescript__lib-es2018'
File '/Users/marcela-dev/Projects/motherboard-systems-hq-clean/node_modules/@types/typescript__lib-es2018.d.ts' does not exist.
Directory '/Users/marcela-dev/Projects/node_modules' does not exist, skipping all lookups in it.
Scoped package detected, looking in 'typescript__lib-es2018'
Scoped package detected, looking in 'typescript__lib-es2018'
File '/Users/marcela-dev/node_modules/@types/typescript__lib-es2018.d.ts' does not exist.
Directory '/Users/node_modules' does not exist, skipping all lookups in it.
Scoped package detected, looking in 'typescript__lib-es2018'
Directory '/node_modules' does not exist, skipping all lookups in it.
Scoped package detected, looking in 'typescript__lib-es2018'
Loading module '@typescript/lib-es2018' from 'node_modules' folder, target file types: JavaScript.
Searching all ancestor node_modules directories for fallback extensions: JavaScript.
Directory '/Users/marcela-dev/Projects/node_modules' does not exist, skipping all lookups in it.
Directory '/Users/node_modules' does not exist, skipping all lookups in it.
Directory '/node_modules' does not exist, skipping all lookups in it.
======== Module name '@typescript/lib-es2018' was not resolved. ========
File '/Users/marcela-dev/Projects/motherboard-systems-hq-clean/node_modules/typescript/lib/package.json' does not exist according to earlier cached lookups.
File '/Users/marcela-dev/Projects/motherboard-systems-hq-clean/node_modules/typescript/package.json' exists according to earlier cached lookups.
======== Resolving module '@typescript/lib-es2017' from '/Users/marcela-dev/Projects/motherboard-systems-hq-clean/__lib_node_modules_lookup_lib.es2017.d.ts__.ts'. ========
Explicitly specified module resolution kind: 'Node10'.
Loading module '@typescript/lib-es2017' from 'node_modules' folder, target file types: TypeScript, Declaration.
Searching all ancestor node_modules directories for preferred extensions: TypeScript, Declaration.
Scoped package detected, looking in 'typescript__lib-es2017'
File '/Users/marcela-dev/Projects/motherboard-systems-hq-clean/node_modules/@types/typescript__lib-es2017.d.ts' does not exist.
Directory '/Users/marcela-dev/Projects/node_modules' does not exist, skipping all lookups in it.
Scoped package detected, looking in 'typescript__lib-es2017'
Scoped package detected, looking in 'typescript__lib-es2017'
File '/Users/marcela-dev/node_modules/@types/typescript__lib-es2017.d.ts' does not exist.
Directory '/Users/node_modules' does not exist, skipping all lookups in it.
Scoped package detected, looking in 'typescript__lib-es2017'
Directory '/node_modules' does not exist, skipping all lookups in it.
Scoped package detected, looking in 'typescript__lib-es2017'
Loading module '@typescript/lib-es2017' from 'node_modules' folder, target file types: JavaScript.
Searching all ancestor node_modules directories for fallback extensions: JavaScript.
Directory '/Users/marcela-dev/Projects/node_modules' does not exist, skipping all lookups in it.
Directory '/Users/node_modules' does not exist, skipping all lookups in it.
Directory '/node_modules' does not exist, skipping all lookups in it.
======== Module name '@typescript/lib-es2017' was not resolved. ========
File '/Users/marcela-dev/Projects/motherboard-systems-hq-clean/node_modules/typescript/lib/package.json' does not exist according to earlier cached lookups.
File '/Users/marcela-dev/Projects/motherboard-systems-hq-clean/node_modules/typescript/package.json' exists according to earlier cached lookups.
======== Resolving module '@typescript/lib-es2016' from '/Users/marcela-dev/Projects/motherboard-systems-hq-clean/__lib_node_modules_lookup_lib.es2016.d.ts__.ts'. ========
Explicitly specified module resolution kind: 'Node10'.
Loading module '@typescript/lib-es2016' from 'node_modules' folder, target file types: TypeScript, Declaration.
Searching all ancestor node_modules directories for preferred extensions: TypeScript, Declaration.
Scoped package detected, looking in 'typescript__lib-es2016'
File '/Users/marcela-dev/Projects/motherboard-systems-hq-clean/node_modules/@types/typescript__lib-es2016.d.ts' does not exist.
Directory '/Users/marcela-dev/Projects/node_modules' does not exist, skipping all lookups in it.
Scoped package detected, looking in 'typescript__lib-es2016'
Scoped package detected, looking in 'typescript__lib-es2016'
File '/Users/marcela-dev/node_modules/@types/typescript__lib-es2016.d.ts' does not exist.
Directory '/Users/node_modules' does not exist, skipping all lookups in it.
Scoped package detected, looking in 'typescript__lib-es2016'
Directory '/node_modules' does not exist, skipping all lookups in it.
Scoped package detected, looking in 'typescript__lib-es2016'
Loading module '@typescript/lib-es2016' from 'node_modules' folder, target file types: JavaScript.
Searching all ancestor node_modules directories for fallback extensions: JavaScript.
Directory '/Users/marcela-dev/Projects/node_modules' does not exist, skipping all lookups in it.
Directory '/Users/node_modules' does not exist, skipping all lookups in it.
Directory '/node_modules' does not exist, skipping all lookups in it.
======== Module name '@typescript/lib-es2016' was not resolved. ========
File '/Users/marcela-dev/Projects/motherboard-systems-hq-clean/node_modules/typescript/lib/package.json' does not exist according to earlier cached lookups.
File '/Users/marcela-dev/Projects/motherboard-systems-hq-clean/node_modules/typescript/package.json' exists according to earlier cached lookups.
======== Resolving module '@typescript/lib-es2015' from '/Users/marcela-dev/Projects/motherboard-systems-hq-clean/__lib_node_modules_lookup_lib.es2015.d.ts__.ts'. ========
Explicitly specified module resolution kind: 'Node10'.
Loading module '@typescript/lib-es2015' from 'node_modules' folder, target file types: TypeScript, Declaration.
Searching all ancestor node_modules directories for preferred extensions: TypeScript, Declaration.
Scoped package detected, looking in 'typescript__lib-es2015'
File '/Users/marcela-dev/Projects/motherboard-systems-hq-clean/node_modules/@types/typescript__lib-es2015.d.ts' does not exist.
Directory '/Users/marcela-dev/Projects/node_modules' does not exist, skipping all lookups in it.
Scoped package detected, looking in 'typescript__lib-es2015'
Scoped package detected, looking in 'typescript__lib-es2015'
File '/Users/marcela-dev/node_modules/@types/typescript__lib-es2015.d.ts' does not exist.
Directory '/Users/node_modules' does not exist, skipping all lookups in it.
Scoped package detected, looking in 'typescript__lib-es2015'
Directory '/node_modules' does not exist, skipping all lookups in it.
Scoped package detected, looking in 'typescript__lib-es2015'
Loading module '@typescript/lib-es2015' from 'node_modules' folder, target file types: JavaScript.
Searching all ancestor node_modules directories for fallback extensions: JavaScript.
Directory '/Users/marcela-dev/Projects/node_modules' does not exist, skipping all lookups in it.
Directory '/Users/node_modules' does not exist, skipping all lookups in it.
Directory '/node_modules' does not exist, skipping all lookups in it.
======== Module name '@typescript/lib-es2015' was not resolved. ========
File '/Users/marcela-dev/Projects/motherboard-systems-hq-clean/node_modules/typescript/lib/package.json' does not exist according to earlier cached lookups.
File '/Users/marcela-dev/Projects/motherboard-systems-hq-clean/node_modules/typescript/package.json' exists according to earlier cached lookups.
======== Resolving module '@typescript/lib-es5' from '/Users/marcela-dev/Projects/motherboard-systems-hq-clean/__lib_node_modules_lookup_lib.es5.d.ts__.ts'. ========
Explicitly specified module resolution kind: 'Node10'.
Loading module '@typescript/lib-es5' from 'node_modules' folder, target file types: TypeScript, Declaration.
Searching all ancestor node_modules directories for preferred extensions: TypeScript, Declaration.
Scoped package detected, looking in 'typescript__lib-es5'
File '/Users/marcela-dev/Projects/motherboard-systems-hq-clean/node_modules/@types/typescript__lib-es5.d.ts' does not exist.
Directory '/Users/marcela-dev/Projects/node_modules' does not exist, skipping all lookups in it.
Scoped package detected, looking in 'typescript__lib-es5'
Scoped package detected, looking in 'typescript__lib-es5'
File '/Users/marcela-dev/node_modules/@types/typescript__lib-es5.d.ts' does not exist.
Directory '/Users/node_modules' does not exist, skipping all lookups in it.
Scoped package detected, looking in 'typescript__lib-es5'
Directory '/node_modules' does not exist, skipping all lookups in it.
Scoped package detected, looking in 'typescript__lib-es5'
Loading module '@typescript/lib-es5' from 'node_modules' folder, target file types: JavaScript.
Searching all ancestor node_modules directories for fallback extensions: JavaScript.
Directory '/Users/marcela-dev/Projects/node_modules' does not exist, skipping all lookups in it.
Directory '/Users/node_modules' does not exist, skipping all lookups in it.
Directory '/node_modules' does not exist, skipping all lookups in it.
======== Module name '@typescript/lib-es5' was not resolved. ========
File '/Users/marcela-dev/Projects/motherboard-systems-hq-clean/node_modules/typescript/lib/package.json' does not exist according to earlier cached lookups.
File '/Users/marcela-dev/Projects/motherboard-systems-hq-clean/node_modules/typescript/package.json' exists according to earlier cached lookups.
======== Resolving module '@typescript/lib-decorators' from '/Users/marcela-dev/Projects/motherboard-systems-hq-clean/__lib_node_modules_lookup_lib.decorators.d.ts__.ts'. ========
Explicitly specified module resolution kind: 'Node10'.
Loading module '@typescript/lib-decorators' from 'node_modules' folder, target file types: TypeScript, Declaration.
Searching all ancestor node_modules directories for preferred extensions: TypeScript, Declaration.
Scoped package detected, looking in 'typescript__lib-decorators'
File '/Users/marcela-dev/Projects/motherboard-systems-hq-clean/node_modules/@types/typescript__lib-decorators.d.ts' does not exist.
Directory '/Users/marcela-dev/Projects/node_modules' does not exist, skipping all lookups in it.
Scoped package detected, looking in 'typescript__lib-decorators'
Scoped package detected, looking in 'typescript__lib-decorators'
File '/Users/marcela-dev/node_modules/@types/typescript__lib-decorators.d.ts' does not exist.
Directory '/Users/node_modules' does not exist, skipping all lookups in it.
Scoped package detected, looking in 'typescript__lib-decorators'
Directory '/node_modules' does not exist, skipping all lookups in it.
Scoped package detected, looking in 'typescript__lib-decorators'
Loading module '@typescript/lib-decorators' from 'node_modules' folder, target file types: JavaScript.
Searching all ancestor node_modules directories for fallback extensions: JavaScript.
Directory '/Users/marcela-dev/Projects/node_modules' does not exist, skipping all lookups in it.
Directory '/Users/node_modules' does not exist, skipping all lookups in it.
Directory '/node_modules' does not exist, skipping all lookups in it.
======== Module name '@typescript/lib-decorators' was not resolved. ========
File '/Users/marcela-dev/Projects/motherboard-systems-hq-clean/node_modules/typescript/lib/package.json' does not exist according to earlier cached lookups.
File '/Users/marcela-dev/Projects/motherboard-systems-hq-clean/node_modules/typescript/package.json' exists according to earlier cached lookups.
======== Resolving module '@typescript/lib-decorators/legacy' from '/Users/marcela-dev/Projects/motherboard-systems-hq-clean/__lib_node_modules_lookup_lib.decorators.legacy.d.ts__.ts'. ========
Explicitly specified module resolution kind: 'Node10'.
Loading module '@typescript/lib-decorators/legacy' from 'node_modules' folder, target file types: TypeScript, Declaration.
Searching all ancestor node_modules directories for preferred extensions: TypeScript, Declaration.
Scoped package detected, looking in 'typescript__lib-decorators/legacy'
Directory '/Users/marcela-dev/Projects/node_modules' does not exist, skipping all lookups in it.
Scoped package detected, looking in 'typescript__lib-decorators/legacy'
Scoped package detected, looking in 'typescript__lib-decorators/legacy'
Directory '/Users/node_modules' does not exist, skipping all lookups in it.
Scoped package detected, looking in 'typescript__lib-decorators/legacy'
Directory '/node_modules' does not exist, skipping all lookups in it.
Scoped package detected, looking in 'typescript__lib-decorators/legacy'
Loading module '@typescript/lib-decorators/legacy' from 'node_modules' folder, target file types: JavaScript.
Searching all ancestor node_modules directories for fallback extensions: JavaScript.
Directory '/Users/marcela-dev/Projects/node_modules' does not exist, skipping all lookups in it.
Directory '/Users/node_modules' does not exist, skipping all lookups in it.
Directory '/node_modules' does not exist, skipping all lookups in it.
======== Module name '@typescript/lib-decorators/legacy' was not resolved. ========
File '/Users/marcela-dev/Projects/motherboard-systems-hq-clean/node_modules/typescript/lib/package.json' does not exist according to earlier cached lookups.
File '/Users/marcela-dev/Projects/motherboard-systems-hq-clean/node_modules/typescript/package.json' exists according to earlier cached lookups.
======== Resolving module '@typescript/lib-es2015/core' from '/Users/marcela-dev/Projects/motherboard-systems-hq-clean/__lib_node_modules_lookup_lib.es2015.core.d.ts__.ts'. ========
Explicitly specified module resolution kind: 'Node10'.
Loading module '@typescript/lib-es2015/core' from 'node_modules' folder, target file types: TypeScript, Declaration.
Searching all ancestor node_modules directories for preferred extensions: TypeScript, Declaration.
Scoped package detected, looking in 'typescript__lib-es2015/core'
Directory '/Users/marcela-dev/Projects/node_modules' does not exist, skipping all lookups in it.
Scoped package detected, looking in 'typescript__lib-es2015/core'
Scoped package detected, looking in 'typescript__lib-es2015/core'
Directory '/Users/node_modules' does not exist, skipping all lookups in it.
Scoped package detected, looking in 'typescript__lib-es2015/core'
Directory '/node_modules' does not exist, skipping all lookups in it.
Scoped package detected, looking in 'typescript__lib-es2015/core'
Loading module '@typescript/lib-es2015/core' from 'node_modules' folder, target file types: JavaScript.
Searching all ancestor node_modules directories for fallback extensions: JavaScript.
Directory '/Users/marcela-dev/Projects/node_modules' does not exist, skipping all lookups in it.
Directory '/Users/node_modules' does not exist, skipping all lookups in it.
Directory '/node_modules' does not exist, skipping all lookups in it.
======== Module name '@typescript/lib-es2015/core' was not resolved. ========
File '/Users/marcela-dev/Projects/motherboard-systems-hq-clean/node_modules/typescript/lib/package.json' does not exist according to earlier cached lookups.
File '/Users/marcela-dev/Projects/motherboard-systems-hq-clean/node_modules/typescript/package.json' exists according to earlier cached lookups.
======== Resolving module '@typescript/lib-es2015/collection' from '/Users/marcela-dev/Projects/motherboard-systems-hq-clean/__lib_node_modules_lookup_lib.es2015.collection.d.ts__.ts'. ========
Explicitly specified module resolution kind: 'Node10'.
Loading module '@typescript/lib-es2015/collection' from 'node_modules' folder, target file types: TypeScript, Declaration.
Searching all ancestor node_modules directories for preferred extensions: TypeScript, Declaration.
Scoped package detected, looking in 'typescript__lib-es2015/collection'
Directory '/Users/marcela-dev/Projects/node_modules' does not exist, skipping all lookups in it.
Scoped package detected, looking in 'typescript__lib-es2015/collection'
Scoped package detected, looking in 'typescript__lib-es2015/collection'
Directory '/Users/node_modules' does not exist, skipping all lookups in it.
Scoped package detected, looking in 'typescript__lib-es2015/collection'
Directory '/node_modules' does not exist, skipping all lookups in it.
Scoped package detected, looking in 'typescript__lib-es2015/collection'
Loading module '@typescript/lib-es2015/collection' from 'node_modules' folder, target file types: JavaScript.
Searching all ancestor node_modules directories for fallback extensions: JavaScript.
Directory '/Users/marcela-dev/Projects/node_modules' does not exist, skipping all lookups in it.
Directory '/Users/node_modules' does not exist, skipping all lookups in it.
Directory '/node_modules' does not exist, skipping all lookups in it.
======== Module name '@typescript/lib-es2015/collection' was not resolved. ========
File '/Users/marcela-dev/Projects/motherboard-systems-hq-clean/node_modules/typescript/lib/package.json' does not exist according to earlier cached lookups.
File '/Users/marcela-dev/Projects/motherboard-systems-hq-clean/node_modules/typescript/package.json' exists according to earlier cached lookups.
======== Resolving module '@typescript/lib-es2015/iterable' from '/Users/marcela-dev/Projects/motherboard-systems-hq-clean/__lib_node_modules_lookup_lib.es2015.iterable.d.ts__.ts'. ========
Explicitly specified module resolution kind: 'Node10'.
Loading module '@typescript/lib-es2015/iterable' from 'node_modules' folder, target file types: TypeScript, Declaration.
Searching all ancestor node_modules directories for preferred extensions: TypeScript, Declaration.
Scoped package detected, looking in 'typescript__lib-es2015/iterable'
Directory '/Users/marcela-dev/Projects/node_modules' does not exist, skipping all lookups in it.
Scoped package detected, looking in 'typescript__lib-es2015/iterable'
Scoped package detected, looking in 'typescript__lib-es2015/iterable'
Directory '/Users/node_modules' does not exist, skipping all lookups in it.
Scoped package detected, looking in 'typescript__lib-es2015/iterable'
Directory '/node_modules' does not exist, skipping all lookups in it.
Scoped package detected, looking in 'typescript__lib-es2015/iterable'
Loading module '@typescript/lib-es2015/iterable' from 'node_modules' folder, target file types: JavaScript.
Searching all ancestor node_modules directories for fallback extensions: JavaScript.
Directory '/Users/marcela-dev/Projects/node_modules' does not exist, skipping all lookups in it.
Directory '/Users/node_modules' does not exist, skipping all lookups in it.
Directory '/node_modules' does not exist, skipping all lookups in it.
======== Module name '@typescript/lib-es2015/iterable' was not resolved. ========
File '/Users/marcela-dev/Projects/motherboard-systems-hq-clean/node_modules/typescript/lib/package.json' does not exist according to earlier cached lookups.
File '/Users/marcela-dev/Projects/motherboard-systems-hq-clean/node_modules/typescript/package.json' exists according to earlier cached lookups.
======== Resolving module '@typescript/lib-es2015/symbol' from '/Users/marcela-dev/Projects/motherboard-systems-hq-clean/__lib_node_modules_lookup_lib.es2015.symbol.d.ts__.ts'. ========
Explicitly specified module resolution kind: 'Node10'.
Loading module '@typescript/lib-es2015/symbol' from 'node_modules' folder, target file types: TypeScript, Declaration.
Searching all ancestor node_modules directories for preferred extensions: TypeScript, Declaration.
Scoped package detected, looking in 'typescript__lib-es2015/symbol'
Directory '/Users/marcela-dev/Projects/node_modules' does not exist, skipping all lookups in it.
Scoped package detected, looking in 'typescript__lib-es2015/symbol'
Scoped package detected, looking in 'typescript__lib-es2015/symbol'
Directory '/Users/node_modules' does not exist, skipping all lookups in it.
Scoped package detected, looking in 'typescript__lib-es2015/symbol'
Directory '/node_modules' does not exist, skipping all lookups in it.
Scoped package detected, looking in 'typescript__lib-es2015/symbol'
Loading module '@typescript/lib-es2015/symbol' from 'node_modules' folder, target file types: JavaScript.
Searching all ancestor node_modules directories for fallback extensions: JavaScript.
Directory '/Users/marcela-dev/Projects/node_modules' does not exist, skipping all lookups in it.
Directory '/Users/node_modules' does not exist, skipping all lookups in it.
Directory '/node_modules' does not exist, skipping all lookups in it.
======== Module name '@typescript/lib-es2015/symbol' was not resolved. ========
File '/Users/marcela-dev/Projects/motherboard-systems-hq-clean/node_modules/typescript/lib/package.json' does not exist according to earlier cached lookups.
File '/Users/marcela-dev/Projects/motherboard-systems-hq-clean/node_modules/typescript/package.json' exists according to earlier cached lookups.
======== Resolving module '@typescript/lib-es2015/generator' from '/Users/marcela-dev/Projects/motherboard-systems-hq-clean/__lib_node_modules_lookup_lib.es2015.generator.d.ts__.ts'. ========
Explicitly specified module resolution kind: 'Node10'.
Loading module '@typescript/lib-es2015/generator' from 'node_modules' folder, target file types: TypeScript, Declaration.
Searching all ancestor node_modules directories for preferred extensions: TypeScript, Declaration.
Scoped package detected, looking in 'typescript__lib-es2015/generator'
Directory '/Users/marcela-dev/Projects/node_modules' does not exist, skipping all lookups in it.
Scoped package detected, looking in 'typescript__lib-es2015/generator'
Scoped package detected, looking in 'typescript__lib-es2015/generator'
Directory '/Users/node_modules' does not exist, skipping all lookups in it.
Scoped package detected, looking in 'typescript__lib-es2015/generator'
Directory '/node_modules' does not exist, skipping all lookups in it.
Scoped package detected, looking in 'typescript__lib-es2015/generator'
Loading module '@typescript/lib-es2015/generator' from 'node_modules' folder, target file types: JavaScript.
Searching all ancestor node_modules directories for fallback extensions: JavaScript.
Directory '/Users/marcela-dev/Projects/node_modules' does not exist, skipping all lookups in it.
Directory '/Users/node_modules' does not exist, skipping all lookups in it.
Directory '/node_modules' does not exist, skipping all lookups in it.
======== Module name '@typescript/lib-es2015/generator' was not resolved. ========
File '/Users/marcela-dev/Projects/motherboard-systems-hq-clean/node_modules/typescript/lib/package.json' does not exist according to earlier cached lookups.
File '/Users/marcela-dev/Projects/motherboard-systems-hq-clean/node_modules/typescript/package.json' exists according to earlier cached lookups.
======== Resolving module '@typescript/lib-es2015/promise' from '/Users/marcela-dev/Projects/motherboard-systems-hq-clean/__lib_node_modules_lookup_lib.es2015.promise.d.ts__.ts'. ========
Explicitly specified module resolution kind: 'Node10'.
Loading module '@typescript/lib-es2015/promise' from 'node_modules' folder, target file types: TypeScript, Declaration.
Searching all ancestor node_modules directories for preferred extensions: TypeScript, Declaration.
Scoped package detected, looking in 'typescript__lib-es2015/promise'
Directory '/Users/marcela-dev/Projects/node_modules' does not exist, skipping all lookups in it.
Scoped package detected, looking in 'typescript__lib-es2015/promise'
Scoped package detected, looking in 'typescript__lib-es2015/promise'
Directory '/Users/node_modules' does not exist, skipping all lookups in it.
Scoped package detected, looking in 'typescript__lib-es2015/promise'
Directory '/node_modules' does not exist, skipping all lookups in it.
Scoped package detected, looking in 'typescript__lib-es2015/promise'
Loading module '@typescript/lib-es2015/promise' from 'node_modules' folder, target file types: JavaScript.
Searching all ancestor node_modules directories for fallback extensions: JavaScript.
Directory '/Users/marcela-dev/Projects/node_modules' does not exist, skipping all lookups in it.
Directory '/Users/node_modules' does not exist, skipping all lookups in it.
Directory '/node_modules' does not exist, skipping all lookups in it.
======== Module name '@typescript/lib-es2015/promise' was not resolved. ========
File '/Users/marcela-dev/Projects/motherboard-systems-hq-clean/node_modules/typescript/lib/package.json' does not exist according to earlier cached lookups.
File '/Users/marcela-dev/Projects/motherboard-systems-hq-clean/node_modules/typescript/package.json' exists according to earlier cached lookups.
======== Resolving module '@typescript/lib-es2015/proxy' from '/Users/marcela-dev/Projects/motherboard-systems-hq-clean/__lib_node_modules_lookup_lib.es2015.proxy.d.ts__.ts'. ========
Explicitly specified module resolution kind: 'Node10'.
Loading module '@typescript/lib-es2015/proxy' from 'node_modules' folder, target file types: TypeScript, Declaration.
Searching all ancestor node_modules directories for preferred extensions: TypeScript, Declaration.
Scoped package detected, looking in 'typescript__lib-es2015/proxy'
Directory '/Users/marcela-dev/Projects/node_modules' does not exist, skipping all lookups in it.
Scoped package detected, looking in 'typescript__lib-es2015/proxy'
Scoped package detected, looking in 'typescript__lib-es2015/proxy'
Directory '/Users/node_modules' does not exist, skipping all lookups in it.
Scoped package detected, looking in 'typescript__lib-es2015/proxy'
Directory '/node_modules' does not exist, skipping all lookups in it.
Scoped package detected, looking in 'typescript__lib-es2015/proxy'
Loading module '@typescript/lib-es2015/proxy' from 'node_modules' folder, target file types: JavaScript.
Searching all ancestor node_modules directories for fallback extensions: JavaScript.
Directory '/Users/marcela-dev/Projects/node_modules' does not exist, skipping all lookups in it.
Directory '/Users/node_modules' does not exist, skipping all lookups in it.
Directory '/node_modules' does not exist, skipping all lookups in it.
======== Module name '@typescript/lib-es2015/proxy' was not resolved. ========
File '/Users/marcela-dev/Projects/motherboard-systems-hq-clean/node_modules/typescript/lib/package.json' does not exist according to earlier cached lookups.
File '/Users/marcela-dev/Projects/motherboard-systems-hq-clean/node_modules/typescript/package.json' exists according to earlier cached lookups.
======== Resolving module '@typescript/lib-es2015/reflect' from '/Users/marcela-dev/Projects/motherboard-systems-hq-clean/__lib_node_modules_lookup_lib.es2015.reflect.d.ts__.ts'. ========
Explicitly specified module resolution kind: 'Node10'.
Loading module '@typescript/lib-es2015/reflect' from 'node_modules' folder, target file types: TypeScript, Declaration.
Searching all ancestor node_modules directories for preferred extensions: TypeScript, Declaration.
Scoped package detected, looking in 'typescript__lib-es2015/reflect'
Directory '/Users/marcela-dev/Projects/node_modules' does not exist, skipping all lookups in it.
Scoped package detected, looking in 'typescript__lib-es2015/reflect'
Scoped package detected, looking in 'typescript__lib-es2015/reflect'
Directory '/Users/node_modules' does not exist, skipping all lookups in it.
Scoped package detected, looking in 'typescript__lib-es2015/reflect'
Directory '/node_modules' does not exist, skipping all lookups in it.
Scoped package detected, looking in 'typescript__lib-es2015/reflect'
Loading module '@typescript/lib-es2015/reflect' from 'node_modules' folder, target file types: JavaScript.
Searching all ancestor node_modules directories for fallback extensions: JavaScript.
Directory '/Users/marcela-dev/Projects/node_modules' does not exist, skipping all lookups in it.
Directory '/Users/node_modules' does not exist, skipping all lookups in it.
Directory '/node_modules' does not exist, skipping all lookups in it.
======== Module name '@typescript/lib-es2015/reflect' was not resolved. ========
File '/Users/marcela-dev/Projects/motherboard-systems-hq-clean/node_modules/typescript/lib/package.json' does not exist according to earlier cached lookups.
File '/Users/marcela-dev/Projects/motherboard-systems-hq-clean/node_modules/typescript/package.json' exists according to earlier cached lookups.
======== Resolving module '@typescript/lib-es2015/symbol-wellknown' from '/Users/marcela-dev/Projects/motherboard-systems-hq-clean/__lib_node_modules_lookup_lib.es2015.symbol.wellknown.d.ts__.ts'. ========
Explicitly specified module resolution kind: 'Node10'.
Loading module '@typescript/lib-es2015/symbol-wellknown' from 'node_modules' folder, target file types: TypeScript, Declaration.
Searching all ancestor node_modules directories for preferred extensions: TypeScript, Declaration.
Scoped package detected, looking in 'typescript__lib-es2015/symbol-wellknown'
Directory '/Users/marcela-dev/Projects/node_modules' does not exist, skipping all lookups in it.
Scoped package detected, looking in 'typescript__lib-es2015/symbol-wellknown'
Scoped package detected, looking in 'typescript__lib-es2015/symbol-wellknown'
Directory '/Users/node_modules' does not exist, skipping all lookups in it.
Scoped package detected, looking in 'typescript__lib-es2015/symbol-wellknown'
Directory '/node_modules' does not exist, skipping all lookups in it.
Scoped package detected, looking in 'typescript__lib-es2015/symbol-wellknown'
Loading module '@typescript/lib-es2015/symbol-wellknown' from 'node_modules' folder, target file types: JavaScript.
Searching all ancestor node_modules directories for fallback extensions: JavaScript.
Directory '/Users/marcela-dev/Projects/node_modules' does not exist, skipping all lookups in it.
Directory '/Users/node_modules' does not exist, skipping all lookups in it.
Directory '/node_modules' does not exist, skipping all lookups in it.
======== Module name '@typescript/lib-es2015/symbol-wellknown' was not resolved. ========
File '/Users/marcela-dev/Projects/motherboard-systems-hq-clean/node_modules/typescript/lib/package.json' does not exist according to earlier cached lookups.
File '/Users/marcela-dev/Projects/motherboard-systems-hq-clean/node_modules/typescript/package.json' exists according to earlier cached lookups.
======== Resolving module '@typescript/lib-es2016/array-include' from '/Users/marcela-dev/Projects/motherboard-systems-hq-clean/__lib_node_modules_lookup_lib.es2016.array.include.d.ts__.ts'. ========
Explicitly specified module resolution kind: 'Node10'.
Loading module '@typescript/lib-es2016/array-include' from 'node_modules' folder, target file types: TypeScript, Declaration.
Searching all ancestor node_modules directories for preferred extensions: TypeScript, Declaration.
Scoped package detected, looking in 'typescript__lib-es2016/array-include'
Directory '/Users/marcela-dev/Projects/node_modules' does not exist, skipping all lookups in it.
Scoped package detected, looking in 'typescript__lib-es2016/array-include'
Scoped package detected, looking in 'typescript__lib-es2016/array-include'
Directory '/Users/node_modules' does not exist, skipping all lookups in it.
Scoped package detected, looking in 'typescript__lib-es2016/array-include'
Directory '/node_modules' does not exist, skipping all lookups in it.
Scoped package detected, looking in 'typescript__lib-es2016/array-include'
Loading module '@typescript/lib-es2016/array-include' from 'node_modules' folder, target file types: JavaScript.
Searching all ancestor node_modules directories for fallback extensions: JavaScript.
Directory '/Users/marcela-dev/Projects/node_modules' does not exist, skipping all lookups in it.
Directory '/Users/node_modules' does not exist, skipping all lookups in it.
Directory '/node_modules' does not exist, skipping all lookups in it.
======== Module name '@typescript/lib-es2016/array-include' was not resolved. ========
File '/Users/marcela-dev/Projects/motherboard-systems-hq-clean/node_modules/typescript/lib/package.json' does not exist according to earlier cached lookups.
File '/Users/marcela-dev/Projects/motherboard-systems-hq-clean/node_modules/typescript/package.json' exists according to earlier cached lookups.
======== Resolving module '@typescript/lib-es2016/intl' from '/Users/marcela-dev/Projects/motherboard-systems-hq-clean/__lib_node_modules_lookup_lib.es2016.intl.d.ts__.ts'. ========
Explicitly specified module resolution kind: 'Node10'.
Loading module '@typescript/lib-es2016/intl' from 'node_modules' folder, target file types: TypeScript, Declaration.
Searching all ancestor node_modules directories for preferred extensions: TypeScript, Declaration.
Scoped package detected, looking in 'typescript__lib-es2016/intl'
Directory '/Users/marcela-dev/Projects/node_modules' does not exist, skipping all lookups in it.
Scoped package detected, looking in 'typescript__lib-es2016/intl'
Scoped package detected, looking in 'typescript__lib-es2016/intl'
Directory '/Users/node_modules' does not exist, skipping all lookups in it.
Scoped package detected, looking in 'typescript__lib-es2016/intl'
Directory '/node_modules' does not exist, skipping all lookups in it.
Scoped package detected, looking in 'typescript__lib-es2016/intl'
Loading module '@typescript/lib-es2016/intl' from 'node_modules' folder, target file types: JavaScript.
Searching all ancestor node_modules directories for fallback extensions: JavaScript.
Directory '/Users/marcela-dev/Projects/node_modules' does not exist, skipping all lookups in it.
Directory '/Users/node_modules' does not exist, skipping all lookups in it.
Directory '/node_modules' does not exist, skipping all lookups in it.
======== Module name '@typescript/lib-es2016/intl' was not resolved. ========
File '/Users/marcela-dev/Projects/motherboard-systems-hq-clean/node_modules/typescript/lib/package.json' does not exist according to earlier cached lookups.
File '/Users/marcela-dev/Projects/motherboard-systems-hq-clean/node_modules/typescript/package.json' exists according to earlier cached lookups.
======== Resolving module '@typescript/lib-es2017/arraybuffer' from '/Users/marcela-dev/Projects/motherboard-systems-hq-clean/__lib_node_modules_lookup_lib.es2017.arraybuffer.d.ts__.ts'. ========
Explicitly specified module resolution kind: 'Node10'.
Loading module '@typescript/lib-es2017/arraybuffer' from 'node_modules' folder, target file types: TypeScript, Declaration.
Searching all ancestor node_modules directories for preferred extensions: TypeScript, Declaration.
Scoped package detected, looking in 'typescript__lib-es2017/arraybuffer'
Directory '/Users/marcela-dev/Projects/node_modules' does not exist, skipping all lookups in it.
Scoped package detected, looking in 'typescript__lib-es2017/arraybuffer'
Scoped package detected, looking in 'typescript__lib-es2017/arraybuffer'
Directory '/Users/node_modules' does not exist, skipping all lookups in it.
Scoped package detected, looking in 'typescript__lib-es2017/arraybuffer'
Directory '/node_modules' does not exist, skipping all lookups in it.
Scoped package detected, looking in 'typescript__lib-es2017/arraybuffer'
Loading module '@typescript/lib-es2017/arraybuffer' from 'node_modules' folder, target file types: JavaScript.
Searching all ancestor node_modules directories for fallback extensions: JavaScript.
Directory '/Users/marcela-dev/Projects/node_modules' does not exist, skipping all lookups in it.
Directory '/Users/node_modules' does not exist, skipping all lookups in it.
Directory '/node_modules' does not exist, skipping all lookups in it.
======== Module name '@typescript/lib-es2017/arraybuffer' was not resolved. ========
File '/Users/marcela-dev/Projects/motherboard-systems-hq-clean/node_modules/typescript/lib/package.json' does not exist according to earlier cached lookups.
File '/Users/marcela-dev/Projects/motherboard-systems-hq-clean/node_modules/typescript/package.json' exists according to earlier cached lookups.
======== Resolving module '@typescript/lib-es2017/date' from '/Users/marcela-dev/Projects/motherboard-systems-hq-clean/__lib_node_modules_lookup_lib.es2017.date.d.ts__.ts'. ========
Explicitly specified module resolution kind: 'Node10'.
Loading module '@typescript/lib-es2017/date' from 'node_modules' folder, target file types: TypeScript, Declaration.
Searching all ancestor node_modules directories for preferred extensions: TypeScript, Declaration.
Scoped package detected, looking in 'typescript__lib-es2017/date'
Directory '/Users/marcela-dev/Projects/node_modules' does not exist, skipping all lookups in it.
Scoped package detected, looking in 'typescript__lib-es2017/date'
Scoped package detected, looking in 'typescript__lib-es2017/date'
Directory '/Users/node_modules' does not exist, skipping all lookups in it.
Scoped package detected, looking in 'typescript__lib-es2017/date'
Directory '/node_modules' does not exist, skipping all lookups in it.
Scoped package detected, looking in 'typescript__lib-es2017/date'
Loading module '@typescript/lib-es2017/date' from 'node_modules' folder, target file types: JavaScript.
Searching all ancestor node_modules directories for fallback extensions: JavaScript.
Directory '/Users/marcela-dev/Projects/node_modules' does not exist, skipping all lookups in it.
Directory '/Users/node_modules' does not exist, skipping all lookups in it.
Directory '/node_modules' does not exist, skipping all lookups in it.
======== Module name '@typescript/lib-es2017/date' was not resolved. ========
File '/Users/marcela-dev/Projects/motherboard-systems-hq-clean/node_modules/typescript/lib/package.json' does not exist according to earlier cached lookups.
File '/Users/marcela-dev/Projects/motherboard-systems-hq-clean/node_modules/typescript/package.json' exists according to earlier cached lookups.
======== Resolving module '@typescript/lib-es2017/intl' from '/Users/marcela-dev/Projects/motherboard-systems-hq-clean/__lib_node_modules_lookup_lib.es2017.intl.d.ts__.ts'. ========
Explicitly specified module resolution kind: 'Node10'.
Loading module '@typescript/lib-es2017/intl' from 'node_modules' folder, target file types: TypeScript, Declaration.
Searching all ancestor node_modules directories for preferred extensions: TypeScript, Declaration.
Scoped package detected, looking in 'typescript__lib-es2017/intl'
Directory '/Users/marcela-dev/Projects/node_modules' does not exist, skipping all lookups in it.
Scoped package detected, looking in 'typescript__lib-es2017/intl'
Scoped package detected, looking in 'typescript__lib-es2017/intl'
Directory '/Users/node_modules' does not exist, skipping all lookups in it.
Scoped package detected, looking in 'typescript__lib-es2017/intl'
Directory '/node_modules' does not exist, skipping all lookups in it.
Scoped package detected, looking in 'typescript__lib-es2017/intl'
Loading module '@typescript/lib-es2017/intl' from 'node_modules' folder, target file types: JavaScript.
Searching all ancestor node_modules directories for fallback extensions: JavaScript.
Directory '/Users/marcela-dev/Projects/node_modules' does not exist, skipping all lookups in it.
Directory '/Users/node_modules' does not exist, skipping all lookups in it.
Directory '/node_modules' does not exist, skipping all lookups in it.
======== Module name '@typescript/lib-es2017/intl' was not resolved. ========
File '/Users/marcela-dev/Projects/motherboard-systems-hq-clean/node_modules/typescript/lib/package.json' does not exist according to earlier cached lookups.
File '/Users/marcela-dev/Projects/motherboard-systems-hq-clean/node_modules/typescript/package.json' exists according to earlier cached lookups.
======== Resolving module '@typescript/lib-es2017/object' from '/Users/marcela-dev/Projects/motherboard-systems-hq-clean/__lib_node_modules_lookup_lib.es2017.object.d.ts__.ts'. ========
Explicitly specified module resolution kind: 'Node10'.
Loading module '@typescript/lib-es2017/object' from 'node_modules' folder, target file types: TypeScript, Declaration.
Searching all ancestor node_modules directories for preferred extensions: TypeScript, Declaration.
Scoped package detected, looking in 'typescript__lib-es2017/object'
Directory '/Users/marcela-dev/Projects/node_modules' does not exist, skipping all lookups in it.
Scoped package detected, looking in 'typescript__lib-es2017/object'
Scoped package detected, looking in 'typescript__lib-es2017/object'
Directory '/Users/node_modules' does not exist, skipping all lookups in it.
Scoped package detected, looking in 'typescript__lib-es2017/object'
Directory '/node_modules' does not exist, skipping all lookups in it.
Scoped package detected, looking in 'typescript__lib-es2017/object'
Loading module '@typescript/lib-es2017/object' from 'node_modules' folder, target file types: JavaScript.
Searching all ancestor node_modules directories for fallback extensions: JavaScript.
Directory '/Users/marcela-dev/Projects/node_modules' does not exist, skipping all lookups in it.
Directory '/Users/node_modules' does not exist, skipping all lookups in it.
Directory '/node_modules' does not exist, skipping all lookups in it.
======== Module name '@typescript/lib-es2017/object' was not resolved. ========
File '/Users/marcela-dev/Projects/motherboard-systems-hq-clean/node_modules/typescript/lib/package.json' does not exist according to earlier cached lookups.
File '/Users/marcela-dev/Projects/motherboard-systems-hq-clean/node_modules/typescript/package.json' exists according to earlier cached lookups.
======== Resolving module '@typescript/lib-es2017/sharedmemory' from '/Users/marcela-dev/Projects/motherboard-systems-hq-clean/__lib_node_modules_lookup_lib.es2017.sharedmemory.d.ts__.ts'. ========
Explicitly specified module resolution kind: 'Node10'.
Loading module '@typescript/lib-es2017/sharedmemory' from 'node_modules' folder, target file types: TypeScript, Declaration.
Searching all ancestor node_modules directories for preferred extensions: TypeScript, Declaration.
Scoped package detected, looking in 'typescript__lib-es2017/sharedmemory'
Directory '/Users/marcela-dev/Projects/node_modules' does not exist, skipping all lookups in it.
Scoped package detected, looking in 'typescript__lib-es2017/sharedmemory'
Scoped package detected, looking in 'typescript__lib-es2017/sharedmemory'
Directory '/Users/node_modules' does not exist, skipping all lookups in it.
Scoped package detected, looking in 'typescript__lib-es2017/sharedmemory'
Directory '/node_modules' does not exist, skipping all lookups in it.
Scoped package detected, looking in 'typescript__lib-es2017/sharedmemory'
Loading module '@typescript/lib-es2017/sharedmemory' from 'node_modules' folder, target file types: JavaScript.
Searching all ancestor node_modules directories for fallback extensions: JavaScript.
Directory '/Users/marcela-dev/Projects/node_modules' does not exist, skipping all lookups in it.
Directory '/Users/node_modules' does not exist, skipping all lookups in it.
Directory '/node_modules' does not exist, skipping all lookups in it.
======== Module name '@typescript/lib-es2017/sharedmemory' was not resolved. ========
File '/Users/marcela-dev/Projects/motherboard-systems-hq-clean/node_modules/typescript/lib/package.json' does not exist according to earlier cached lookups.
File '/Users/marcela-dev/Projects/motherboard-systems-hq-clean/node_modules/typescript/package.json' exists according to earlier cached lookups.
======== Resolving module '@typescript/lib-es2017/string' from '/Users/marcela-dev/Projects/motherboard-systems-hq-clean/__lib_node_modules_lookup_lib.es2017.string.d.ts__.ts'. ========
Explicitly specified module resolution kind: 'Node10'.
Loading module '@typescript/lib-es2017/string' from 'node_modules' folder, target file types: TypeScript, Declaration.
Searching all ancestor node_modules directories for preferred extensions: TypeScript, Declaration.
Scoped package detected, looking in 'typescript__lib-es2017/string'
Directory '/Users/marcela-dev/Projects/node_modules' does not exist, skipping all lookups in it.
Scoped package detected, looking in 'typescript__lib-es2017/string'
Scoped package detected, looking in 'typescript__lib-es2017/string'
Directory '/Users/node_modules' does not exist, skipping all lookups in it.
Scoped package detected, looking in 'typescript__lib-es2017/string'
Directory '/node_modules' does not exist, skipping all lookups in it.
Scoped package detected, looking in 'typescript__lib-es2017/string'
Loading module '@typescript/lib-es2017/string' from 'node_modules' folder, target file types: JavaScript.
Searching all ancestor node_modules directories for fallback extensions: JavaScript.
Directory '/Users/marcela-dev/Projects/node_modules' does not exist, skipping all lookups in it.
Directory '/Users/node_modules' does not exist, skipping all lookups in it.
Directory '/node_modules' does not exist, skipping all lookups in it.
======== Module name '@typescript/lib-es2017/string' was not resolved. ========
File '/Users/marcela-dev/Projects/motherboard-systems-hq-clean/node_modules/typescript/lib/package.json' does not exist according to earlier cached lookups.
File '/Users/marcela-dev/Projects/motherboard-systems-hq-clean/node_modules/typescript/package.json' exists according to earlier cached lookups.
======== Resolving module '@typescript/lib-es2017/typedarrays' from '/Users/marcela-dev/Projects/motherboard-systems-hq-clean/__lib_node_modules_lookup_lib.es2017.typedarrays.d.ts__.ts'. ========
Explicitly specified module resolution kind: 'Node10'.
Loading module '@typescript/lib-es2017/typedarrays' from 'node_modules' folder, target file types: TypeScript, Declaration.
Searching all ancestor node_modules directories for preferred extensions: TypeScript, Declaration.
Scoped package detected, looking in 'typescript__lib-es2017/typedarrays'
Directory '/Users/marcela-dev/Projects/node_modules' does not exist, skipping all lookups in it.
Scoped package detected, looking in 'typescript__lib-es2017/typedarrays'
Scoped package detected, looking in 'typescript__lib-es2017/typedarrays'
Directory '/Users/node_modules' does not exist, skipping all lookups in it.
Scoped package detected, looking in 'typescript__lib-es2017/typedarrays'
Directory '/node_modules' does not exist, skipping all lookups in it.
Scoped package detected, looking in 'typescript__lib-es2017/typedarrays'
Loading module '@typescript/lib-es2017/typedarrays' from 'node_modules' folder, target file types: JavaScript.
Searching all ancestor node_modules directories for fallback extensions: JavaScript.
Directory '/Users/marcela-dev/Projects/node_modules' does not exist, skipping all lookups in it.
Directory '/Users/node_modules' does not exist, skipping all lookups in it.
Directory '/node_modules' does not exist, skipping all lookups in it.
======== Module name '@typescript/lib-es2017/typedarrays' was not resolved. ========
File '/Users/marcela-dev/Projects/motherboard-systems-hq-clean/node_modules/typescript/lib/package.json' does not exist according to earlier cached lookups.
File '/Users/marcela-dev/Projects/motherboard-systems-hq-clean/node_modules/typescript/package.json' exists according to earlier cached lookups.
======== Resolving module '@typescript/lib-es2018/asynciterable' from '/Users/marcela-dev/Projects/motherboard-systems-hq-clean/__lib_node_modules_lookup_lib.es2018.asynciterable.d.ts__.ts'. ========
Explicitly specified module resolution kind: 'Node10'.
Loading module '@typescript/lib-es2018/asynciterable' from 'node_modules' folder, target file types: TypeScript, Declaration.
Searching all ancestor node_modules directories for preferred extensions: TypeScript, Declaration.
Scoped package detected, looking in 'typescript__lib-es2018/asynciterable'
Directory '/Users/marcela-dev/Projects/node_modules' does not exist, skipping all lookups in it.
Scoped package detected, looking in 'typescript__lib-es2018/asynciterable'
Scoped package detected, looking in 'typescript__lib-es2018/asynciterable'
Directory '/Users/node_modules' does not exist, skipping all lookups in it.
Scoped package detected, looking in 'typescript__lib-es2018/asynciterable'
Directory '/node_modules' does not exist, skipping all lookups in it.
Scoped package detected, looking in 'typescript__lib-es2018/asynciterable'
Loading module '@typescript/lib-es2018/asynciterable' from 'node_modules' folder, target file types: JavaScript.
Searching all ancestor node_modules directories for fallback extensions: JavaScript.
Directory '/Users/marcela-dev/Projects/node_modules' does not exist, skipping all lookups in it.
Directory '/Users/node_modules' does not exist, skipping all lookups in it.
Directory '/node_modules' does not exist, skipping all lookups in it.
======== Module name '@typescript/lib-es2018/asynciterable' was not resolved. ========
File '/Users/marcela-dev/Projects/motherboard-systems-hq-clean/node_modules/typescript/lib/package.json' does not exist according to earlier cached lookups.
File '/Users/marcela-dev/Projects/motherboard-systems-hq-clean/node_modules/typescript/package.json' exists according to earlier cached lookups.
======== Resolving module '@typescript/lib-es2018/asyncgenerator' from '/Users/marcela-dev/Projects/motherboard-systems-hq-clean/__lib_node_modules_lookup_lib.es2018.asyncgenerator.d.ts__.ts'. ========
Explicitly specified module resolution kind: 'Node10'.
Loading module '@typescript/lib-es2018/asyncgenerator' from 'node_modules' folder, target file types: TypeScript, Declaration.
Searching all ancestor node_modules directories for preferred extensions: TypeScript, Declaration.
Scoped package detected, looking in 'typescript__lib-es2018/asyncgenerator'
Directory '/Users/marcela-dev/Projects/node_modules' does not exist, skipping all lookups in it.
Scoped package detected, looking in 'typescript__lib-es2018/asyncgenerator'
Scoped package detected, looking in 'typescript__lib-es2018/asyncgenerator'
Directory '/Users/node_modules' does not exist, skipping all lookups in it.
Scoped package detected, looking in 'typescript__lib-es2018/asyncgenerator'
Directory '/node_modules' does not exist, skipping all lookups in it.
Scoped package detected, looking in 'typescript__lib-es2018/asyncgenerator'
Loading module '@typescript/lib-es2018/asyncgenerator' from 'node_modules' folder, target file types: JavaScript.
Searching all ancestor node_modules directories for fallback extensions: JavaScript.
Directory '/Users/marcela-dev/Projects/node_modules' does not exist, skipping all lookups in it.
Directory '/Users/node_modules' does not exist, skipping all lookups in it.
Directory '/node_modules' does not exist, skipping all lookups in it.
======== Module name '@typescript/lib-es2018/asyncgenerator' was not resolved. ========
File '/Users/marcela-dev/Projects/motherboard-systems-hq-clean/node_modules/typescript/lib/package.json' does not exist according to earlier cached lookups.
File '/Users/marcela-dev/Projects/motherboard-systems-hq-clean/node_modules/typescript/package.json' exists according to earlier cached lookups.
======== Resolving module '@typescript/lib-es2018/promise' from '/Users/marcela-dev/Projects/motherboard-systems-hq-clean/__lib_node_modules_lookup_lib.es2018.promise.d.ts__.ts'. ========
Explicitly specified module resolution kind: 'Node10'.
Loading module '@typescript/lib-es2018/promise' from 'node_modules' folder, target file types: TypeScript, Declaration.
Searching all ancestor node_modules directories for preferred extensions: TypeScript, Declaration.
Scoped package detected, looking in 'typescript__lib-es2018/promise'
Directory '/Users/marcela-dev/Projects/node_modules' does not exist, skipping all lookups in it.
Scoped package detected, looking in 'typescript__lib-es2018/promise'
Scoped package detected, looking in 'typescript__lib-es2018/promise'
Directory '/Users/node_modules' does not exist, skipping all lookups in it.
Scoped package detected, looking in 'typescript__lib-es2018/promise'
Directory '/node_modules' does not exist, skipping all lookups in it.
Scoped package detected, looking in 'typescript__lib-es2018/promise'
Loading module '@typescript/lib-es2018/promise' from 'node_modules' folder, target file types: JavaScript.
Searching all ancestor node_modules directories for fallback extensions: JavaScript.
Directory '/Users/marcela-dev/Projects/node_modules' does not exist, skipping all lookups in it.
Directory '/Users/node_modules' does not exist, skipping all lookups in it.
Directory '/node_modules' does not exist, skipping all lookups in it.
======== Module name '@typescript/lib-es2018/promise' was not resolved. ========
File '/Users/marcela-dev/Projects/motherboard-systems-hq-clean/node_modules/typescript/lib/package.json' does not exist according to earlier cached lookups.
File '/Users/marcela-dev/Projects/motherboard-systems-hq-clean/node_modules/typescript/package.json' exists according to earlier cached lookups.
======== Resolving module '@typescript/lib-es2018/regexp' from '/Users/marcela-dev/Projects/motherboard-systems-hq-clean/__lib_node_modules_lookup_lib.es2018.regexp.d.ts__.ts'. ========
Explicitly specified module resolution kind: 'Node10'.
Loading module '@typescript/lib-es2018/regexp' from 'node_modules' folder, target file types: TypeScript, Declaration.
Searching all ancestor node_modules directories for preferred extensions: TypeScript, Declaration.
Scoped package detected, looking in 'typescript__lib-es2018/regexp'
Directory '/Users/marcela-dev/Projects/node_modules' does not exist, skipping all lookups in it.
Scoped package detected, looking in 'typescript__lib-es2018/regexp'
Scoped package detected, looking in 'typescript__lib-es2018/regexp'
Directory '/Users/node_modules' does not exist, skipping all lookups in it.
Scoped package detected, looking in 'typescript__lib-es2018/regexp'
Directory '/node_modules' does not exist, skipping all lookups in it.
Scoped package detected, looking in 'typescript__lib-es2018/regexp'
Loading module '@typescript/lib-es2018/regexp' from 'node_modules' folder, target file types: JavaScript.
Searching all ancestor node_modules directories for fallback extensions: JavaScript.
Directory '/Users/marcela-dev/Projects/node_modules' does not exist, skipping all lookups in it.
Directory '/Users/node_modules' does not exist, skipping all lookups in it.
Directory '/node_modules' does not exist, skipping all lookups in it.
======== Module name '@typescript/lib-es2018/regexp' was not resolved. ========
File '/Users/marcela-dev/Projects/motherboard-systems-hq-clean/node_modules/typescript/lib/package.json' does not exist according to earlier cached lookups.
File '/Users/marcela-dev/Projects/motherboard-systems-hq-clean/node_modules/typescript/package.json' exists according to earlier cached lookups.
======== Resolving module '@typescript/lib-es2018/intl' from '/Users/marcela-dev/Projects/motherboard-systems-hq-clean/__lib_node_modules_lookup_lib.es2018.intl.d.ts__.ts'. ========
Explicitly specified module resolution kind: 'Node10'.
Loading module '@typescript/lib-es2018/intl' from 'node_modules' folder, target file types: TypeScript, Declaration.
Searching all ancestor node_modules directories for preferred extensions: TypeScript, Declaration.
Scoped package detected, looking in 'typescript__lib-es2018/intl'
Directory '/Users/marcela-dev/Projects/node_modules' does not exist, skipping all lookups in it.
Scoped package detected, looking in 'typescript__lib-es2018/intl'
Scoped package detected, looking in 'typescript__lib-es2018/intl'
Directory '/Users/node_modules' does not exist, skipping all lookups in it.
Scoped package detected, looking in 'typescript__lib-es2018/intl'
Directory '/node_modules' does not exist, skipping all lookups in it.
Scoped package detected, looking in 'typescript__lib-es2018/intl'
Loading module '@typescript/lib-es2018/intl' from 'node_modules' folder, target file types: JavaScript.
Searching all ancestor node_modules directories for fallback extensions: JavaScript.
Directory '/Users/marcela-dev/Projects/node_modules' does not exist, skipping all lookups in it.
Directory '/Users/node_modules' does not exist, skipping all lookups in it.
Directory '/node_modules' does not exist, skipping all lookups in it.
======== Module name '@typescript/lib-es2018/intl' was not resolved. ========
File '/Users/marcela-dev/Projects/motherboard-systems-hq-clean/node_modules/typescript/lib/package.json' does not exist according to earlier cached lookups.
File '/Users/marcela-dev/Projects/motherboard-systems-hq-clean/node_modules/typescript/package.json' exists according to earlier cached lookups.
======== Resolving module '@typescript/lib-es2019/array' from '/Users/marcela-dev/Projects/motherboard-systems-hq-clean/__lib_node_modules_lookup_lib.es2019.array.d.ts__.ts'. ========
Explicitly specified module resolution kind: 'Node10'.
Loading module '@typescript/lib-es2019/array' from 'node_modules' folder, target file types: TypeScript, Declaration.
Searching all ancestor node_modules directories for preferred extensions: TypeScript, Declaration.
Scoped package detected, looking in 'typescript__lib-es2019/array'
Directory '/Users/marcela-dev/Projects/node_modules' does not exist, skipping all lookups in it.
Scoped package detected, looking in 'typescript__lib-es2019/array'
Scoped package detected, looking in 'typescript__lib-es2019/array'
Directory '/Users/node_modules' does not exist, skipping all lookups in it.
Scoped package detected, looking in 'typescript__lib-es2019/array'
Directory '/node_modules' does not exist, skipping all lookups in it.
Scoped package detected, looking in 'typescript__lib-es2019/array'
Loading module '@typescript/lib-es2019/array' from 'node_modules' folder, target file types: JavaScript.
Searching all ancestor node_modules directories for fallback extensions: JavaScript.
Directory '/Users/marcela-dev/Projects/node_modules' does not exist, skipping all lookups in it.
Directory '/Users/node_modules' does not exist, skipping all lookups in it.
Directory '/node_modules' does not exist, skipping all lookups in it.
======== Module name '@typescript/lib-es2019/array' was not resolved. ========
File '/Users/marcela-dev/Projects/motherboard-systems-hq-clean/node_modules/typescript/lib/package.json' does not exist according to earlier cached lookups.
File '/Users/marcela-dev/Projects/motherboard-systems-hq-clean/node_modules/typescript/package.json' exists according to earlier cached lookups.
======== Resolving module '@typescript/lib-es2019/object' from '/Users/marcela-dev/Projects/motherboard-systems-hq-clean/__lib_node_modules_lookup_lib.es2019.object.d.ts__.ts'. ========
Explicitly specified module resolution kind: 'Node10'.
Loading module '@typescript/lib-es2019/object' from 'node_modules' folder, target file types: TypeScript, Declaration.
Searching all ancestor node_modules directories for preferred extensions: TypeScript, Declaration.
Scoped package detected, looking in 'typescript__lib-es2019/object'
Directory '/Users/marcela-dev/Projects/node_modules' does not exist, skipping all lookups in it.
Scoped package detected, looking in 'typescript__lib-es2019/object'
Scoped package detected, looking in 'typescript__lib-es2019/object'
Directory '/Users/node_modules' does not exist, skipping all lookups in it.
Scoped package detected, looking in 'typescript__lib-es2019/object'
Directory '/node_modules' does not exist, skipping all lookups in it.
Scoped package detected, looking in 'typescript__lib-es2019/object'
Loading module '@typescript/lib-es2019/object' from 'node_modules' folder, target file types: JavaScript.
Searching all ancestor node_modules directories for fallback extensions: JavaScript.
Directory '/Users/marcela-dev/Projects/node_modules' does not exist, skipping all lookups in it.
Directory '/Users/node_modules' does not exist, skipping all lookups in it.
Directory '/node_modules' does not exist, skipping all lookups in it.
======== Module name '@typescript/lib-es2019/object' was not resolved. ========
File '/Users/marcela-dev/Projects/motherboard-systems-hq-clean/node_modules/typescript/lib/package.json' does not exist according to earlier cached lookups.
File '/Users/marcela-dev/Projects/motherboard-systems-hq-clean/node_modules/typescript/package.json' exists according to earlier cached lookups.
======== Resolving module '@typescript/lib-es2019/string' from '/Users/marcela-dev/Projects/motherboard-systems-hq-clean/__lib_node_modules_lookup_lib.es2019.string.d.ts__.ts'. ========
Explicitly specified module resolution kind: 'Node10'.
Loading module '@typescript/lib-es2019/string' from 'node_modules' folder, target file types: TypeScript, Declaration.
Searching all ancestor node_modules directories for preferred extensions: TypeScript, Declaration.
Scoped package detected, looking in 'typescript__lib-es2019/string'
Directory '/Users/marcela-dev/Projects/node_modules' does not exist, skipping all lookups in it.
Scoped package detected, looking in 'typescript__lib-es2019/string'
Scoped package detected, looking in 'typescript__lib-es2019/string'
Directory '/Users/node_modules' does not exist, skipping all lookups in it.
Scoped package detected, looking in 'typescript__lib-es2019/string'
Directory '/node_modules' does not exist, skipping all lookups in it.
Scoped package detected, looking in 'typescript__lib-es2019/string'
Loading module '@typescript/lib-es2019/string' from 'node_modules' folder, target file types: JavaScript.
Searching all ancestor node_modules directories for fallback extensions: JavaScript.
Directory '/Users/marcela-dev/Projects/node_modules' does not exist, skipping all lookups in it.
Directory '/Users/node_modules' does not exist, skipping all lookups in it.
Directory '/node_modules' does not exist, skipping all lookups in it.
======== Module name '@typescript/lib-es2019/string' was not resolved. ========
File '/Users/marcela-dev/Projects/motherboard-systems-hq-clean/node_modules/typescript/lib/package.json' does not exist according to earlier cached lookups.
File '/Users/marcela-dev/Projects/motherboard-systems-hq-clean/node_modules/typescript/package.json' exists according to earlier cached lookups.
======== Resolving module '@typescript/lib-es2019/symbol' from '/Users/marcela-dev/Projects/motherboard-systems-hq-clean/__lib_node_modules_lookup_lib.es2019.symbol.d.ts__.ts'. ========
Explicitly specified module resolution kind: 'Node10'.
Loading module '@typescript/lib-es2019/symbol' from 'node_modules' folder, target file types: TypeScript, Declaration.
Searching all ancestor node_modules directories for preferred extensions: TypeScript, Declaration.
Scoped package detected, looking in 'typescript__lib-es2019/symbol'
Directory '/Users/marcela-dev/Projects/node_modules' does not exist, skipping all lookups in it.
Scoped package detected, looking in 'typescript__lib-es2019/symbol'
Scoped package detected, looking in 'typescript__lib-es2019/symbol'
Directory '/Users/node_modules' does not exist, skipping all lookups in it.
Scoped package detected, looking in 'typescript__lib-es2019/symbol'
Directory '/node_modules' does not exist, skipping all lookups in it.
Scoped package detected, looking in 'typescript__lib-es2019/symbol'
Loading module '@typescript/lib-es2019/symbol' from 'node_modules' folder, target file types: JavaScript.
Searching all ancestor node_modules directories for fallback extensions: JavaScript.
Directory '/Users/marcela-dev/Projects/node_modules' does not exist, skipping all lookups in it.
Directory '/Users/node_modules' does not exist, skipping all lookups in it.
Directory '/node_modules' does not exist, skipping all lookups in it.
======== Module name '@typescript/lib-es2019/symbol' was not resolved. ========
File '/Users/marcela-dev/Projects/motherboard-systems-hq-clean/node_modules/typescript/lib/package.json' does not exist according to earlier cached lookups.
File '/Users/marcela-dev/Projects/motherboard-systems-hq-clean/node_modules/typescript/package.json' exists according to earlier cached lookups.
======== Resolving module '@typescript/lib-es2019/intl' from '/Users/marcela-dev/Projects/motherboard-systems-hq-clean/__lib_node_modules_lookup_lib.es2019.intl.d.ts__.ts'. ========
Explicitly specified module resolution kind: 'Node10'.
Loading module '@typescript/lib-es2019/intl' from 'node_modules' folder, target file types: TypeScript, Declaration.
Searching all ancestor node_modules directories for preferred extensions: TypeScript, Declaration.
Scoped package detected, looking in 'typescript__lib-es2019/intl'
Directory '/Users/marcela-dev/Projects/node_modules' does not exist, skipping all lookups in it.
Scoped package detected, looking in 'typescript__lib-es2019/intl'
Scoped package detected, looking in 'typescript__lib-es2019/intl'
Directory '/Users/node_modules' does not exist, skipping all lookups in it.
Scoped package detected, looking in 'typescript__lib-es2019/intl'
Directory '/node_modules' does not exist, skipping all lookups in it.
Scoped package detected, looking in 'typescript__lib-es2019/intl'
Loading module '@typescript/lib-es2019/intl' from 'node_modules' folder, target file types: JavaScript.
Searching all ancestor node_modules directories for fallback extensions: JavaScript.
Directory '/Users/marcela-dev/Projects/node_modules' does not exist, skipping all lookups in it.
Directory '/Users/node_modules' does not exist, skipping all lookups in it.
Directory '/node_modules' does not exist, skipping all lookups in it.
======== Module name '@typescript/lib-es2019/intl' was not resolved. ========
File '/Users/marcela-dev/Projects/motherboard-systems-hq-clean/node_modules/typescript/lib/package.json' does not exist according to earlier cached lookups.
File '/Users/marcela-dev/Projects/motherboard-systems-hq-clean/node_modules/typescript/package.json' exists according to earlier cached lookups.
======== Resolving module '@typescript/lib-es2020/bigint' from '/Users/marcela-dev/Projects/motherboard-systems-hq-clean/__lib_node_modules_lookup_lib.es2020.bigint.d.ts__.ts'. ========
Explicitly specified module resolution kind: 'Node10'.
Loading module '@typescript/lib-es2020/bigint' from 'node_modules' folder, target file types: TypeScript, Declaration.
Searching all ancestor node_modules directories for preferred extensions: TypeScript, Declaration.
Scoped package detected, looking in 'typescript__lib-es2020/bigint'
Directory '/Users/marcela-dev/Projects/node_modules' does not exist, skipping all lookups in it.
Scoped package detected, looking in 'typescript__lib-es2020/bigint'
Scoped package detected, looking in 'typescript__lib-es2020/bigint'
Directory '/Users/node_modules' does not exist, skipping all lookups in it.
Scoped package detected, looking in 'typescript__lib-es2020/bigint'
Directory '/node_modules' does not exist, skipping all lookups in it.
Scoped package detected, looking in 'typescript__lib-es2020/bigint'
Loading module '@typescript/lib-es2020/bigint' from 'node_modules' folder, target file types: JavaScript.
Searching all ancestor node_modules directories for fallback extensions: JavaScript.
Directory '/Users/marcela-dev/Projects/node_modules' does not exist, skipping all lookups in it.
Directory '/Users/node_modules' does not exist, skipping all lookups in it.
Directory '/node_modules' does not exist, skipping all lookups in it.
======== Module name '@typescript/lib-es2020/bigint' was not resolved. ========
File '/Users/marcela-dev/Projects/motherboard-systems-hq-clean/node_modules/typescript/lib/package.json' does not exist according to earlier cached lookups.
File '/Users/marcela-dev/Projects/motherboard-systems-hq-clean/node_modules/typescript/package.json' exists according to earlier cached lookups.
======== Resolving module '@typescript/lib-es2020/intl' from '/Users/marcela-dev/Projects/motherboard-systems-hq-clean/__lib_node_modules_lookup_lib.es2020.intl.d.ts__.ts'. ========
Explicitly specified module resolution kind: 'Node10'.
Loading module '@typescript/lib-es2020/intl' from 'node_modules' folder, target file types: TypeScript, Declaration.
Searching all ancestor node_modules directories for preferred extensions: TypeScript, Declaration.
Scoped package detected, looking in 'typescript__lib-es2020/intl'
Directory '/Users/marcela-dev/Projects/node_modules' does not exist, skipping all lookups in it.
Scoped package detected, looking in 'typescript__lib-es2020/intl'
Scoped package detected, looking in 'typescript__lib-es2020/intl'
Directory '/Users/node_modules' does not exist, skipping all lookups in it.
Scoped package detected, looking in 'typescript__lib-es2020/intl'
Directory '/node_modules' does not exist, skipping all lookups in it.
Scoped package detected, looking in 'typescript__lib-es2020/intl'
Loading module '@typescript/lib-es2020/intl' from 'node_modules' folder, target file types: JavaScript.
Searching all ancestor node_modules directories for fallback extensions: JavaScript.
Directory '/Users/marcela-dev/Projects/node_modules' does not exist, skipping all lookups in it.
Directory '/Users/node_modules' does not exist, skipping all lookups in it.
Directory '/node_modules' does not exist, skipping all lookups in it.
======== Module name '@typescript/lib-es2020/intl' was not resolved. ========
File '/Users/marcela-dev/Projects/motherboard-systems-hq-clean/node_modules/typescript/lib/package.json' does not exist according to earlier cached lookups.
File '/Users/marcela-dev/Projects/motherboard-systems-hq-clean/node_modules/typescript/package.json' exists according to earlier cached lookups.
======== Resolving module '@typescript/lib-es2020/date' from '/Users/marcela-dev/Projects/motherboard-systems-hq-clean/__lib_node_modules_lookup_lib.es2020.date.d.ts__.ts'. ========
Explicitly specified module resolution kind: 'Node10'.
Loading module '@typescript/lib-es2020/date' from 'node_modules' folder, target file types: TypeScript, Declaration.
Searching all ancestor node_modules directories for preferred extensions: TypeScript, Declaration.
Scoped package detected, looking in 'typescript__lib-es2020/date'
Directory '/Users/marcela-dev/Projects/node_modules' does not exist, skipping all lookups in it.
Scoped package detected, looking in 'typescript__lib-es2020/date'
Scoped package detected, looking in 'typescript__lib-es2020/date'
Directory '/Users/node_modules' does not exist, skipping all lookups in it.
Scoped package detected, looking in 'typescript__lib-es2020/date'
Directory '/node_modules' does not exist, skipping all lookups in it.
Scoped package detected, looking in 'typescript__lib-es2020/date'
Loading module '@typescript/lib-es2020/date' from 'node_modules' folder, target file types: JavaScript.
Searching all ancestor node_modules directories for fallback extensions: JavaScript.
Directory '/Users/marcela-dev/Projects/node_modules' does not exist, skipping all lookups in it.
Directory '/Users/node_modules' does not exist, skipping all lookups in it.
Directory '/node_modules' does not exist, skipping all lookups in it.
======== Module name '@typescript/lib-es2020/date' was not resolved. ========
File '/Users/marcela-dev/Projects/motherboard-systems-hq-clean/node_modules/typescript/lib/package.json' does not exist according to earlier cached lookups.
File '/Users/marcela-dev/Projects/motherboard-systems-hq-clean/node_modules/typescript/package.json' exists according to earlier cached lookups.
======== Resolving module '@typescript/lib-es2020/number' from '/Users/marcela-dev/Projects/motherboard-systems-hq-clean/__lib_node_modules_lookup_lib.es2020.number.d.ts__.ts'. ========
Explicitly specified module resolution kind: 'Node10'.
Loading module '@typescript/lib-es2020/number' from 'node_modules' folder, target file types: TypeScript, Declaration.
Searching all ancestor node_modules directories for preferred extensions: TypeScript, Declaration.
Scoped package detected, looking in 'typescript__lib-es2020/number'
Directory '/Users/marcela-dev/Projects/node_modules' does not exist, skipping all lookups in it.
Scoped package detected, looking in 'typescript__lib-es2020/number'
Scoped package detected, looking in 'typescript__lib-es2020/number'
Directory '/Users/node_modules' does not exist, skipping all lookups in it.
Scoped package detected, looking in 'typescript__lib-es2020/number'
Directory '/node_modules' does not exist, skipping all lookups in it.
Scoped package detected, looking in 'typescript__lib-es2020/number'
Loading module '@typescript/lib-es2020/number' from 'node_modules' folder, target file types: JavaScript.
Searching all ancestor node_modules directories for fallback extensions: JavaScript.
Directory '/Users/marcela-dev/Projects/node_modules' does not exist, skipping all lookups in it.
Directory '/Users/node_modules' does not exist, skipping all lookups in it.
Directory '/node_modules' does not exist, skipping all lookups in it.
======== Module name '@typescript/lib-es2020/number' was not resolved. ========
File '/Users/marcela-dev/Projects/motherboard-systems-hq-clean/node_modules/typescript/lib/package.json' does not exist according to earlier cached lookups.
File '/Users/marcela-dev/Projects/motherboard-systems-hq-clean/node_modules/typescript/package.json' exists according to earlier cached lookups.
======== Resolving module '@typescript/lib-es2020/promise' from '/Users/marcela-dev/Projects/motherboard-systems-hq-clean/__lib_node_modules_lookup_lib.es2020.promise.d.ts__.ts'. ========
Explicitly specified module resolution kind: 'Node10'.
Loading module '@typescript/lib-es2020/promise' from 'node_modules' folder, target file types: TypeScript, Declaration.
Searching all ancestor node_modules directories for preferred extensions: TypeScript, Declaration.
Scoped package detected, looking in 'typescript__lib-es2020/promise'
Directory '/Users/marcela-dev/Projects/node_modules' does not exist, skipping all lookups in it.
Scoped package detected, looking in 'typescript__lib-es2020/promise'
Scoped package detected, looking in 'typescript__lib-es2020/promise'
Directory '/Users/node_modules' does not exist, skipping all lookups in it.
Scoped package detected, looking in 'typescript__lib-es2020/promise'
Directory '/node_modules' does not exist, skipping all lookups in it.
Scoped package detected, looking in 'typescript__lib-es2020/promise'
Loading module '@typescript/lib-es2020/promise' from 'node_modules' folder, target file types: JavaScript.
Searching all ancestor node_modules directories for fallback extensions: JavaScript.
Directory '/Users/marcela-dev/Projects/node_modules' does not exist, skipping all lookups in it.
Directory '/Users/node_modules' does not exist, skipping all lookups in it.
Directory '/node_modules' does not exist, skipping all lookups in it.
======== Module name '@typescript/lib-es2020/promise' was not resolved. ========
File '/Users/marcela-dev/Projects/motherboard-systems-hq-clean/node_modules/typescript/lib/package.json' does not exist according to earlier cached lookups.
File '/Users/marcela-dev/Projects/motherboard-systems-hq-clean/node_modules/typescript/package.json' exists according to earlier cached lookups.
======== Resolving module '@typescript/lib-es2020/sharedmemory' from '/Users/marcela-dev/Projects/motherboard-systems-hq-clean/__lib_node_modules_lookup_lib.es2020.sharedmemory.d.ts__.ts'. ========
Explicitly specified module resolution kind: 'Node10'.
Loading module '@typescript/lib-es2020/sharedmemory' from 'node_modules' folder, target file types: TypeScript, Declaration.
Searching all ancestor node_modules directories for preferred extensions: TypeScript, Declaration.
Scoped package detected, looking in 'typescript__lib-es2020/sharedmemory'
Directory '/Users/marcela-dev/Projects/node_modules' does not exist, skipping all lookups in it.
Scoped package detected, looking in 'typescript__lib-es2020/sharedmemory'
Scoped package detected, looking in 'typescript__lib-es2020/sharedmemory'
Directory '/Users/node_modules' does not exist, skipping all lookups in it.
Scoped package detected, looking in 'typescript__lib-es2020/sharedmemory'
Directory '/node_modules' does not exist, skipping all lookups in it.
Scoped package detected, looking in 'typescript__lib-es2020/sharedmemory'
Loading module '@typescript/lib-es2020/sharedmemory' from 'node_modules' folder, target file types: JavaScript.
Searching all ancestor node_modules directories for fallback extensions: JavaScript.
Directory '/Users/marcela-dev/Projects/node_modules' does not exist, skipping all lookups in it.
Directory '/Users/node_modules' does not exist, skipping all lookups in it.
Directory '/node_modules' does not exist, skipping all lookups in it.
======== Module name '@typescript/lib-es2020/sharedmemory' was not resolved. ========
File '/Users/marcela-dev/Projects/motherboard-systems-hq-clean/node_modules/typescript/lib/package.json' does not exist according to earlier cached lookups.
File '/Users/marcela-dev/Projects/motherboard-systems-hq-clean/node_modules/typescript/package.json' exists according to earlier cached lookups.
======== Resolving module '@typescript/lib-es2020/string' from '/Users/marcela-dev/Projects/motherboard-systems-hq-clean/__lib_node_modules_lookup_lib.es2020.string.d.ts__.ts'. ========
Explicitly specified module resolution kind: 'Node10'.
Loading module '@typescript/lib-es2020/string' from 'node_modules' folder, target file types: TypeScript, Declaration.
Searching all ancestor node_modules directories for preferred extensions: TypeScript, Declaration.
Scoped package detected, looking in 'typescript__lib-es2020/string'
Directory '/Users/marcela-dev/Projects/node_modules' does not exist, skipping all lookups in it.
Scoped package detected, looking in 'typescript__lib-es2020/string'
Scoped package detected, looking in 'typescript__lib-es2020/string'
Directory '/Users/node_modules' does not exist, skipping all lookups in it.
Scoped package detected, looking in 'typescript__lib-es2020/string'
Directory '/node_modules' does not exist, skipping all lookups in it.
Scoped package detected, looking in 'typescript__lib-es2020/string'
Loading module '@typescript/lib-es2020/string' from 'node_modules' folder, target file types: JavaScript.
Searching all ancestor node_modules directories for fallback extensions: JavaScript.
Directory '/Users/marcela-dev/Projects/node_modules' does not exist, skipping all lookups in it.
Directory '/Users/node_modules' does not exist, skipping all lookups in it.
Directory '/node_modules' does not exist, skipping all lookups in it.
======== Module name '@typescript/lib-es2020/string' was not resolved. ========
File '/Users/marcela-dev/Projects/motherboard-systems-hq-clean/node_modules/typescript/lib/package.json' does not exist according to earlier cached lookups.
File '/Users/marcela-dev/Projects/motherboard-systems-hq-clean/node_modules/typescript/package.json' exists according to earlier cached lookups.
======== Resolving module '@typescript/lib-es2020/symbol-wellknown' from '/Users/marcela-dev/Projects/motherboard-systems-hq-clean/__lib_node_modules_lookup_lib.es2020.symbol.wellknown.d.ts__.ts'. ========
Explicitly specified module resolution kind: 'Node10'.
Loading module '@typescript/lib-es2020/symbol-wellknown' from 'node_modules' folder, target file types: TypeScript, Declaration.
Searching all ancestor node_modules directories for preferred extensions: TypeScript, Declaration.
Scoped package detected, looking in 'typescript__lib-es2020/symbol-wellknown'
Directory '/Users/marcela-dev/Projects/node_modules' does not exist, skipping all lookups in it.
Scoped package detected, looking in 'typescript__lib-es2020/symbol-wellknown'
Scoped package detected, looking in 'typescript__lib-es2020/symbol-wellknown'
Directory '/Users/node_modules' does not exist, skipping all lookups in it.
Scoped package detected, looking in 'typescript__lib-es2020/symbol-wellknown'
Directory '/node_modules' does not exist, skipping all lookups in it.
Scoped package detected, looking in 'typescript__lib-es2020/symbol-wellknown'
Loading module '@typescript/lib-es2020/symbol-wellknown' from 'node_modules' folder, target file types: JavaScript.
Searching all ancestor node_modules directories for fallback extensions: JavaScript.
Directory '/Users/marcela-dev/Projects/node_modules' does not exist, skipping all lookups in it.
Directory '/Users/node_modules' does not exist, skipping all lookups in it.
Directory '/node_modules' does not exist, skipping all lookups in it.
======== Module name '@typescript/lib-es2020/symbol-wellknown' was not resolved. ========
File '/Users/marcela-dev/Projects/motherboard-systems-hq-clean/node_modules/typescript/lib/package.json' does not exist according to earlier cached lookups.
File '/Users/marcela-dev/Projects/motherboard-systems-hq-clean/node_modules/typescript/package.json' exists according to earlier cached lookups.
======== Resolving module 'send' from '/Users/marcela-dev/Projects/motherboard-systems-hq-clean/node_modules/@types/express-serve-static-core/index.d.ts'. ========
Explicitly specified module resolution kind: 'Node10'.
'baseUrl' option is set to '/Users/marcela-dev/Projects/motherboard-systems-hq-clean', using this value to resolve non-relative module name 'send'.
Resolving module name 'send' relative to base url '/Users/marcela-dev/Projects/motherboard-systems-hq-clean' - '/Users/marcela-dev/Projects/motherboard-systems-hq-clean/send'.
Loading module as file / folder, candidate module location '/Users/marcela-dev/Projects/motherboard-systems-hq-clean/send', target file types: TypeScript, Declaration.
File '/Users/marcela-dev/Projects/motherboard-systems-hq-clean/send.ts' does not exist.
File '/Users/marcela-dev/Projects/motherboard-systems-hq-clean/send.tsx' does not exist.
File '/Users/marcela-dev/Projects/motherboard-systems-hq-clean/send.d.ts' does not exist.
Directory '/Users/marcela-dev/Projects/motherboard-systems-hq-clean/send' does not exist, skipping all lookups in it.
Loading module 'send' from 'node_modules' folder, target file types: TypeScript, Declaration.
Searching all ancestor node_modules directories for preferred extensions: TypeScript, Declaration.
Directory '/Users/marcela-dev/Projects/motherboard-systems-hq-clean/node_modules/@types/express-serve-static-core/node_modules' does not exist, skipping all lookups in it.
Directory '/Users/marcela-dev/Projects/motherboard-systems-hq-clean/node_modules/@types/node_modules' does not exist, skipping all lookups in it.
Found 'package.json' at '/Users/marcela-dev/Projects/motherboard-systems-hq-clean/node_modules/send/package.json'.
File '/Users/marcela-dev/Projects/motherboard-systems-hq-clean/node_modules/send.ts' does not exist.
File '/Users/marcela-dev/Projects/motherboard-systems-hq-clean/node_modules/send.tsx' does not exist.
File '/Users/marcela-dev/Projects/motherboard-systems-hq-clean/node_modules/send.d.ts' does not exist.
'package.json' does not have a 'typesVersions' field.
'package.json' does not have a 'typings' field.
'package.json' does not have a 'types' field.
'package.json' does not have a 'main' field.
File '/Users/marcela-dev/Projects/motherboard-systems-hq-clean/node_modules/send/index.ts' does not exist.
File '/Users/marcela-dev/Projects/motherboard-systems-hq-clean/node_modules/send/index.tsx' does not exist.
File '/Users/marcela-dev/Projects/motherboard-systems-hq-clean/node_modules/send/index.d.ts' does not exist.
Found 'package.json' at '/Users/marcela-dev/Projects/motherboard-systems-hq-clean/node_modules/@types/send/package.json'.
File '/Users/marcela-dev/Projects/motherboard-systems-hq-clean/node_modules/@types/send.d.ts' does not exist.
'package.json' does not have a 'typesVersions' field.
'package.json' does not have a 'typings' field.
'package.json' has 'types' field 'index.d.ts' that references '/Users/marcela-dev/Projects/motherboard-systems-hq-clean/node_modules/@types/send/index.d.ts'.
File '/Users/marcela-dev/Projects/motherboard-systems-hq-clean/node_modules/@types/send/index.d.ts' exists - use it as a name resolution result.
'package.json' has a 'peerDependencies' field.
Resolving real path for '/Users/marcela-dev/Projects/motherboard-systems-hq-clean/node_modules/@types/send', result '/Users/marcela-dev/Projects/motherboard-systems-hq-clean/node_modules/@types/send'.
Resolving real path for '/Users/marcela-dev/Projects/motherboard-systems-hq-clean/node_modules/@types/send/index.d.ts', result '/Users/marcela-dev/Projects/motherboard-systems-hq-clean/node_modules/@types/send/index.d.ts'.
======== Module name 'send' was successfully resolved to '/Users/marcela-dev/Projects/motherboard-systems-hq-clean/node_modules/@types/send/index.d.ts' with Package ID '@types/send/index.d.ts@1.2.1'. ========
======== Resolving module 'events' from '/Users/marcela-dev/Projects/motherboard-systems-hq-clean/node_modules/@types/express-serve-static-core/index.d.ts'. ========
Explicitly specified module resolution kind: 'Node10'.
'baseUrl' option is set to '/Users/marcela-dev/Projects/motherboard-systems-hq-clean', using this value to resolve non-relative module name 'events'.
Resolving module name 'events' relative to base url '/Users/marcela-dev/Projects/motherboard-systems-hq-clean' - '/Users/marcela-dev/Projects/motherboard-systems-hq-clean/events'.
Loading module as file / folder, candidate module location '/Users/marcela-dev/Projects/motherboard-systems-hq-clean/events', target file types: TypeScript, Declaration.
File '/Users/marcela-dev/Projects/motherboard-systems-hq-clean/events.ts' does not exist.
File '/Users/marcela-dev/Projects/motherboard-systems-hq-clean/events.tsx' does not exist.
File '/Users/marcela-dev/Projects/motherboard-systems-hq-clean/events.d.ts' does not exist.
Directory '/Users/marcela-dev/Projects/motherboard-systems-hq-clean/events' does not exist, skipping all lookups in it.
Loading module 'events' from 'node_modules' folder, target file types: TypeScript, Declaration.
Searching all ancestor node_modules directories for preferred extensions: TypeScript, Declaration.
Directory '/Users/marcela-dev/Projects/motherboard-systems-hq-clean/node_modules/@types/express-serve-static-core/node_modules' does not exist, skipping all lookups in it.
Resolution for module 'events' was found in cache from location '/Users/marcela-dev/Projects/motherboard-systems-hq-clean/node_modules/@types'.
======== Module name 'events' was not resolved. ========
======== Resolving module 'http' from '/Users/marcela-dev/Projects/motherboard-systems-hq-clean/node_modules/@types/express-serve-static-core/index.d.ts'. ========
Explicitly specified module resolution kind: 'Node10'.
'baseUrl' option is set to '/Users/marcela-dev/Projects/motherboard-systems-hq-clean', using this value to resolve non-relative module name 'http'.
Resolving module name 'http' relative to base url '/Users/marcela-dev/Projects/motherboard-systems-hq-clean' - '/Users/marcela-dev/Projects/motherboard-systems-hq-clean/http'.
Loading module as file / folder, candidate module location '/Users/marcela-dev/Projects/motherboard-systems-hq-clean/http', target file types: TypeScript, Declaration.
File '/Users/marcela-dev/Projects/motherboard-systems-hq-clean/http.ts' does not exist.
File '/Users/marcela-dev/Projects/motherboard-systems-hq-clean/http.tsx' does not exist.
File '/Users/marcela-dev/Projects/motherboard-systems-hq-clean/http.d.ts' does not exist.
Directory '/Users/marcela-dev/Projects/motherboard-systems-hq-clean/http' does not exist, skipping all lookups in it.
Loading module 'http' from 'node_modules' folder, target file types: TypeScript, Declaration.
Searching all ancestor node_modules directories for preferred extensions: TypeScript, Declaration.
Directory '/Users/marcela-dev/Projects/motherboard-systems-hq-clean/node_modules/@types/express-serve-static-core/node_modules' does not exist, skipping all lookups in it.
Resolution for module 'http' was found in cache from location '/Users/marcela-dev/Projects/motherboard-systems-hq-clean/node_modules/@types'.
======== Module name 'http' was not resolved. ========
======== Resolving module 'qs' from '/Users/marcela-dev/Projects/motherboard-systems-hq-clean/node_modules/@types/express-serve-static-core/index.d.ts'. ========
Explicitly specified module resolution kind: 'Node10'.
'baseUrl' option is set to '/Users/marcela-dev/Projects/motherboard-systems-hq-clean', using this value to resolve non-relative module name 'qs'.
Resolving module name 'qs' relative to base url '/Users/marcela-dev/Projects/motherboard-systems-hq-clean' - '/Users/marcela-dev/Projects/motherboard-systems-hq-clean/qs'.
Loading module as file / folder, candidate module location '/Users/marcela-dev/Projects/motherboard-systems-hq-clean/qs', target file types: TypeScript, Declaration.
File '/Users/marcela-dev/Projects/motherboard-systems-hq-clean/qs.ts' does not exist.
File '/Users/marcela-dev/Projects/motherboard-systems-hq-clean/qs.tsx' does not exist.
File '/Users/marcela-dev/Projects/motherboard-systems-hq-clean/qs.d.ts' does not exist.
Directory '/Users/marcela-dev/Projects/motherboard-systems-hq-clean/qs' does not exist, skipping all lookups in it.
Loading module 'qs' from 'node_modules' folder, target file types: TypeScript, Declaration.
Searching all ancestor node_modules directories for preferred extensions: TypeScript, Declaration.
Directory '/Users/marcela-dev/Projects/motherboard-systems-hq-clean/node_modules/@types/express-serve-static-core/node_modules' does not exist, skipping all lookups in it.
Directory '/Users/marcela-dev/Projects/motherboard-systems-hq-clean/node_modules/@types/node_modules' does not exist, skipping all lookups in it.
Found 'package.json' at '/Users/marcela-dev/Projects/motherboard-systems-hq-clean/node_modules/qs/package.json'.
File '/Users/marcela-dev/Projects/motherboard-systems-hq-clean/node_modules/qs.ts' does not exist.
File '/Users/marcela-dev/Projects/motherboard-systems-hq-clean/node_modules/qs.tsx' does not exist.
File '/Users/marcela-dev/Projects/motherboard-systems-hq-clean/node_modules/qs.d.ts' does not exist.
'package.json' does not have a 'typesVersions' field.
'package.json' does not have a 'typings' field.
'package.json' does not have a 'types' field.
'package.json' has 'main' field 'lib/index.js' that references '/Users/marcela-dev/Projects/motherboard-systems-hq-clean/node_modules/qs/lib/index.js'.
File name '/Users/marcela-dev/Projects/motherboard-systems-hq-clean/node_modules/qs/lib/index.js' has a '.js' extension - stripping it.
File '/Users/marcela-dev/Projects/motherboard-systems-hq-clean/node_modules/qs/lib/index.ts' does not exist.
File '/Users/marcela-dev/Projects/motherboard-systems-hq-clean/node_modules/qs/lib/index.tsx' does not exist.
File '/Users/marcela-dev/Projects/motherboard-systems-hq-clean/node_modules/qs/lib/index.d.ts' does not exist.
Loading module as file / folder, candidate module location '/Users/marcela-dev/Projects/motherboard-systems-hq-clean/node_modules/qs/lib/index.js', target file types: TypeScript, Declaration.
File name '/Users/marcela-dev/Projects/motherboard-systems-hq-clean/node_modules/qs/lib/index.js' has a '.js' extension - stripping it.
File '/Users/marcela-dev/Projects/motherboard-systems-hq-clean/node_modules/qs/lib/index.ts' does not exist.
File '/Users/marcela-dev/Projects/motherboard-systems-hq-clean/node_modules/qs/lib/index.tsx' does not exist.
File '/Users/marcela-dev/Projects/motherboard-systems-hq-clean/node_modules/qs/lib/index.d.ts' does not exist.
File '/Users/marcela-dev/Projects/motherboard-systems-hq-clean/node_modules/qs/lib/index.js.ts' does not exist.
File '/Users/marcela-dev/Projects/motherboard-systems-hq-clean/node_modules/qs/lib/index.js.tsx' does not exist.
File '/Users/marcela-dev/Projects/motherboard-systems-hq-clean/node_modules/qs/lib/index.js.d.ts' does not exist.
Directory '/Users/marcela-dev/Projects/motherboard-systems-hq-clean/node_modules/qs/lib/index.js' does not exist, skipping all lookups in it.
File '/Users/marcela-dev/Projects/motherboard-systems-hq-clean/node_modules/qs/index.ts' does not exist.
File '/Users/marcela-dev/Projects/motherboard-systems-hq-clean/node_modules/qs/index.tsx' does not exist.
File '/Users/marcela-dev/Projects/motherboard-systems-hq-clean/node_modules/qs/index.d.ts' does not exist.
Found 'package.json' at '/Users/marcela-dev/Projects/motherboard-systems-hq-clean/node_modules/@types/qs/package.json'.
File '/Users/marcela-dev/Projects/motherboard-systems-hq-clean/node_modules/@types/qs.d.ts' does not exist.
'package.json' does not have a 'typesVersions' field.
'package.json' does not have a 'typings' field.
'package.json' has 'types' field 'index.d.ts' that references '/Users/marcela-dev/Projects/motherboard-systems-hq-clean/node_modules/@types/qs/index.d.ts'.
File '/Users/marcela-dev/Projects/motherboard-systems-hq-clean/node_modules/@types/qs/index.d.ts' exists - use it as a name resolution result.
'package.json' has a 'peerDependencies' field.
Resolving real path for '/Users/marcela-dev/Projects/motherboard-systems-hq-clean/node_modules/@types/qs', result '/Users/marcela-dev/Projects/motherboard-systems-hq-clean/node_modules/@types/qs'.
Resolving real path for '/Users/marcela-dev/Projects/motherboard-systems-hq-clean/node_modules/@types/qs/index.d.ts', result '/Users/marcela-dev/Projects/motherboard-systems-hq-clean/node_modules/@types/qs/index.d.ts'.
======== Module name 'qs' was successfully resolved to '/Users/marcela-dev/Projects/motherboard-systems-hq-clean/node_modules/@types/qs/index.d.ts' with Package ID '@types/qs/index.d.ts@6.15.1'. ========
======== Resolving module 'range-parser' from '/Users/marcela-dev/Projects/motherboard-systems-hq-clean/node_modules/@types/express-serve-static-core/index.d.ts'. ========
Explicitly specified module resolution kind: 'Node10'.
'baseUrl' option is set to '/Users/marcela-dev/Projects/motherboard-systems-hq-clean', using this value to resolve non-relative module name 'range-parser'.
Resolving module name 'range-parser' relative to base url '/Users/marcela-dev/Projects/motherboard-systems-hq-clean' - '/Users/marcela-dev/Projects/motherboard-systems-hq-clean/range-parser'.
Loading module as file / folder, candidate module location '/Users/marcela-dev/Projects/motherboard-systems-hq-clean/range-parser', target file types: TypeScript, Declaration.
File '/Users/marcela-dev/Projects/motherboard-systems-hq-clean/range-parser.ts' does not exist.
File '/Users/marcela-dev/Projects/motherboard-systems-hq-clean/range-parser.tsx' does not exist.
File '/Users/marcela-dev/Projects/motherboard-systems-hq-clean/range-parser.d.ts' does not exist.
Directory '/Users/marcela-dev/Projects/motherboard-systems-hq-clean/range-parser' does not exist, skipping all lookups in it.
Loading module 'range-parser' from 'node_modules' folder, target file types: TypeScript, Declaration.
Searching all ancestor node_modules directories for preferred extensions: TypeScript, Declaration.
Directory '/Users/marcela-dev/Projects/motherboard-systems-hq-clean/node_modules/@types/express-serve-static-core/node_modules' does not exist, skipping all lookups in it.
Directory '/Users/marcela-dev/Projects/motherboard-systems-hq-clean/node_modules/@types/node_modules' does not exist, skipping all lookups in it.
Found 'package.json' at '/Users/marcela-dev/Projects/motherboard-systems-hq-clean/node_modules/range-parser/package.json'.
File '/Users/marcela-dev/Projects/motherboard-systems-hq-clean/node_modules/range-parser.ts' does not exist.
File '/Users/marcela-dev/Projects/motherboard-systems-hq-clean/node_modules/range-parser.tsx' does not exist.
File '/Users/marcela-dev/Projects/motherboard-systems-hq-clean/node_modules/range-parser.d.ts' does not exist.
'package.json' does not have a 'typesVersions' field.
'package.json' does not have a 'typings' field.
'package.json' does not have a 'types' field.
'package.json' does not have a 'main' field.
File '/Users/marcela-dev/Projects/motherboard-systems-hq-clean/node_modules/range-parser/index.ts' does not exist.
File '/Users/marcela-dev/Projects/motherboard-systems-hq-clean/node_modules/range-parser/index.tsx' does not exist.
File '/Users/marcela-dev/Projects/motherboard-systems-hq-clean/node_modules/range-parser/index.d.ts' does not exist.
Found 'package.json' at '/Users/marcela-dev/Projects/motherboard-systems-hq-clean/node_modules/@types/range-parser/package.json'.
File '/Users/marcela-dev/Projects/motherboard-systems-hq-clean/node_modules/@types/range-parser.d.ts' does not exist.
'package.json' does not have a 'typesVersions' field.
'package.json' does not have a 'typings' field.
'package.json' has 'types' field 'index.d.ts' that references '/Users/marcela-dev/Projects/motherboard-systems-hq-clean/node_modules/@types/range-parser/index.d.ts'.
File '/Users/marcela-dev/Projects/motherboard-systems-hq-clean/node_modules/@types/range-parser/index.d.ts' exists - use it as a name resolution result.
'package.json' does not have a 'peerDependencies' field.
Resolving real path for '/Users/marcela-dev/Projects/motherboard-systems-hq-clean/node_modules/@types/range-parser/index.d.ts', result '/Users/marcela-dev/Projects/motherboard-systems-hq-clean/node_modules/@types/range-parser/index.d.ts'.
======== Module name 'range-parser' was successfully resolved to '/Users/marcela-dev/Projects/motherboard-systems-hq-clean/node_modules/@types/range-parser/index.d.ts' with Package ID '@types/range-parser/index.d.ts@1.2.7'. ========
File '/Users/marcela-dev/Projects/motherboard-systems-hq-clean/node_modules/@types/send/package.json' exists according to earlier cached lookups.
======== Resolving type reference directive 'node', containing file '/Users/marcela-dev/Projects/motherboard-systems-hq-clean/node_modules/@types/send/index.d.ts', root directory '/Users/marcela-dev/Projects/motherboard-systems-hq-clean/node_modules/@types,/Users/marcela-dev/Projects/node_modules/@types,/Users/marcela-dev/node_modules/@types,/Users/node_modules/@types,/node_modules/@types'. ========
Resolving with primary search path '/Users/marcela-dev/Projects/motherboard-systems-hq-clean/node_modules/@types, /Users/marcela-dev/Projects/node_modules/@types, /Users/marcela-dev/node_modules/@types, /Users/node_modules/@types, /node_modules/@types'.
File '/Users/marcela-dev/Projects/motherboard-systems-hq-clean/node_modules/@types/node/package.json' exists according to earlier cached lookups.
'package.json' does not have a 'typings' field.
'package.json' has 'types' field 'index.d.ts' that references '/Users/marcela-dev/Projects/motherboard-systems-hq-clean/node_modules/@types/node/index.d.ts'.
File '/Users/marcela-dev/Projects/motherboard-systems-hq-clean/node_modules/@types/node/index.d.ts' exists - use it as a name resolution result.
Resolving real path for '/Users/marcela-dev/Projects/motherboard-systems-hq-clean/node_modules/@types/node/index.d.ts', result '/Users/marcela-dev/Projects/motherboard-systems-hq-clean/node_modules/@types/node/index.d.ts'.
======== Type reference directive 'node' was successfully resolved to '/Users/marcela-dev/Projects/motherboard-systems-hq-clean/node_modules/@types/node/index.d.ts' with Package ID '@types/node/index.d.ts@20.19.43', primary: true. ========
======== Resolving module 'fs' from '/Users/marcela-dev/Projects/motherboard-systems-hq-clean/node_modules/@types/send/index.d.ts'. ========
Explicitly specified module resolution kind: 'Node10'.
'baseUrl' option is set to '/Users/marcela-dev/Projects/motherboard-systems-hq-clean', using this value to resolve non-relative module name 'fs'.
Resolving module name 'fs' relative to base url '/Users/marcela-dev/Projects/motherboard-systems-hq-clean' - '/Users/marcela-dev/Projects/motherboard-systems-hq-clean/fs'.
Loading module as file / folder, candidate module location '/Users/marcela-dev/Projects/motherboard-systems-hq-clean/fs', target file types: TypeScript, Declaration.
File '/Users/marcela-dev/Projects/motherboard-systems-hq-clean/fs.ts' does not exist.
File '/Users/marcela-dev/Projects/motherboard-systems-hq-clean/fs.tsx' does not exist.
File '/Users/marcela-dev/Projects/motherboard-systems-hq-clean/fs.d.ts' does not exist.
Directory '/Users/marcela-dev/Projects/motherboard-systems-hq-clean/fs' does not exist, skipping all lookups in it.
Loading module 'fs' from 'node_modules' folder, target file types: TypeScript, Declaration.
Searching all ancestor node_modules directories for preferred extensions: TypeScript, Declaration.
Directory '/Users/marcela-dev/Projects/motherboard-systems-hq-clean/node_modules/@types/send/node_modules' does not exist, skipping all lookups in it.
Resolution for module 'fs' was found in cache from location '/Users/marcela-dev/Projects/motherboard-systems-hq-clean/node_modules/@types'.
======== Module name 'fs' was not resolved. ========
======== Resolving module 'stream' from '/Users/marcela-dev/Projects/motherboard-systems-hq-clean/node_modules/@types/send/index.d.ts'. ========
Explicitly specified module resolution kind: 'Node10'.
'baseUrl' option is set to '/Users/marcela-dev/Projects/motherboard-systems-hq-clean', using this value to resolve non-relative module name 'stream'.
Resolving module name 'stream' relative to base url '/Users/marcela-dev/Projects/motherboard-systems-hq-clean' - '/Users/marcela-dev/Projects/motherboard-systems-hq-clean/stream'.
Loading module as file / folder, candidate module location '/Users/marcela-dev/Projects/motherboard-systems-hq-clean/stream', target file types: TypeScript, Declaration.
File '/Users/marcela-dev/Projects/motherboard-systems-hq-clean/stream.ts' does not exist.
File '/Users/marcela-dev/Projects/motherboard-systems-hq-clean/stream.tsx' does not exist.
File '/Users/marcela-dev/Projects/motherboard-systems-hq-clean/stream.d.ts' does not exist.
Directory '/Users/marcela-dev/Projects/motherboard-systems-hq-clean/stream' does not exist, skipping all lookups in it.
Loading module 'stream' from 'node_modules' folder, target file types: TypeScript, Declaration.
Searching all ancestor node_modules directories for preferred extensions: TypeScript, Declaration.
Directory '/Users/marcela-dev/Projects/motherboard-systems-hq-clean/node_modules/@types/send/node_modules' does not exist, skipping all lookups in it.
Resolution for module 'stream' was found in cache from location '/Users/marcela-dev/Projects/motherboard-systems-hq-clean/node_modules/@types'.
======== Module name 'stream' was not resolved. ========
File '/Users/marcela-dev/Projects/motherboard-systems-hq-clean/node_modules/@types/qs/package.json' exists according to earlier cached lookups.
File '/Users/marcela-dev/Projects/motherboard-systems-hq-clean/node_modules/@types/range-parser/package.json' exists according to earlier cached lookups.
File '/Users/marcela-dev/Projects/motherboard-systems-hq-clean/node_modules/@types/serve-static/package.json' exists according to earlier cached lookups.
======== Resolving type reference directive 'node', containing file '/Users/marcela-dev/Projects/motherboard-systems-hq-clean/node_modules/@types/serve-static/index.d.ts', root directory '/Users/marcela-dev/Projects/motherboard-systems-hq-clean/node_modules/@types,/Users/marcela-dev/Projects/node_modules/@types,/Users/marcela-dev/node_modules/@types,/Users/node_modules/@types,/node_modules/@types'. ========
Resolving with primary search path '/Users/marcela-dev/Projects/motherboard-systems-hq-clean/node_modules/@types, /Users/marcela-dev/Projects/node_modules/@types, /Users/marcela-dev/node_modules/@types, /Users/node_modules/@types, /node_modules/@types'.
File '/Users/marcela-dev/Projects/motherboard-systems-hq-clean/node_modules/@types/node/package.json' exists according to earlier cached lookups.
'package.json' does not have a 'typings' field.
'package.json' has 'types' field 'index.d.ts' that references '/Users/marcela-dev/Projects/motherboard-systems-hq-clean/node_modules/@types/node/index.d.ts'.
File '/Users/marcela-dev/Projects/motherboard-systems-hq-clean/node_modules/@types/node/index.d.ts' exists - use it as a name resolution result.
Resolving real path for '/Users/marcela-dev/Projects/motherboard-systems-hq-clean/node_modules/@types/node/index.d.ts', result '/Users/marcela-dev/Projects/motherboard-systems-hq-clean/node_modules/@types/node/index.d.ts'.
======== Type reference directive 'node' was successfully resolved to '/Users/marcela-dev/Projects/motherboard-systems-hq-clean/node_modules/@types/node/index.d.ts' with Package ID '@types/node/index.d.ts@20.19.43', primary: true. ========
======== Resolving module 'http' from '/Users/marcela-dev/Projects/motherboard-systems-hq-clean/node_modules/@types/serve-static/index.d.ts'. ========
Explicitly specified module resolution kind: 'Node10'.
'baseUrl' option is set to '/Users/marcela-dev/Projects/motherboard-systems-hq-clean', using this value to resolve non-relative module name 'http'.
Resolving module name 'http' relative to base url '/Users/marcela-dev/Projects/motherboard-systems-hq-clean' - '/Users/marcela-dev/Projects/motherboard-systems-hq-clean/http'.
Loading module as file / folder, candidate module location '/Users/marcela-dev/Projects/motherboard-systems-hq-clean/http', target file types: TypeScript, Declaration.
File '/Users/marcela-dev/Projects/motherboard-systems-hq-clean/http.ts' does not exist.
File '/Users/marcela-dev/Projects/motherboard-systems-hq-clean/http.tsx' does not exist.
File '/Users/marcela-dev/Projects/motherboard-systems-hq-clean/http.d.ts' does not exist.
Directory '/Users/marcela-dev/Projects/motherboard-systems-hq-clean/http' does not exist, skipping all lookups in it.
Loading module 'http' from 'node_modules' folder, target file types: TypeScript, Declaration.
Searching all ancestor node_modules directories for preferred extensions: TypeScript, Declaration.
Directory '/Users/marcela-dev/Projects/motherboard-systems-hq-clean/node_modules/@types/serve-static/node_modules' does not exist, skipping all lookups in it.
Resolution for module 'http' was found in cache from location '/Users/marcela-dev/Projects/motherboard-systems-hq-clean/node_modules/@types'.
======== Module name 'http' was not resolved. ========
======== Resolving module 'http-errors' from '/Users/marcela-dev/Projects/motherboard-systems-hq-clean/node_modules/@types/serve-static/index.d.ts'. ========
Explicitly specified module resolution kind: 'Node10'.
'baseUrl' option is set to '/Users/marcela-dev/Projects/motherboard-systems-hq-clean', using this value to resolve non-relative module name 'http-errors'.
Resolving module name 'http-errors' relative to base url '/Users/marcela-dev/Projects/motherboard-systems-hq-clean' - '/Users/marcela-dev/Projects/motherboard-systems-hq-clean/http-errors'.
Loading module as file / folder, candidate module location '/Users/marcela-dev/Projects/motherboard-systems-hq-clean/http-errors', target file types: TypeScript, Declaration.
File '/Users/marcela-dev/Projects/motherboard-systems-hq-clean/http-errors.ts' does not exist.
File '/Users/marcela-dev/Projects/motherboard-systems-hq-clean/http-errors.tsx' does not exist.
File '/Users/marcela-dev/Projects/motherboard-systems-hq-clean/http-errors.d.ts' does not exist.
Directory '/Users/marcela-dev/Projects/motherboard-systems-hq-clean/http-errors' does not exist, skipping all lookups in it.
Loading module 'http-errors' from 'node_modules' folder, target file types: TypeScript, Declaration.
Searching all ancestor node_modules directories for preferred extensions: TypeScript, Declaration.
Directory '/Users/marcela-dev/Projects/motherboard-systems-hq-clean/node_modules/@types/serve-static/node_modules' does not exist, skipping all lookups in it.
Directory '/Users/marcela-dev/Projects/motherboard-systems-hq-clean/node_modules/@types/node_modules' does not exist, skipping all lookups in it.
Found 'package.json' at '/Users/marcela-dev/Projects/motherboard-systems-hq-clean/node_modules/http-errors/package.json'.
File '/Users/marcela-dev/Projects/motherboard-systems-hq-clean/node_modules/http-errors.ts' does not exist.
File '/Users/marcela-dev/Projects/motherboard-systems-hq-clean/node_modules/http-errors.tsx' does not exist.
File '/Users/marcela-dev/Projects/motherboard-systems-hq-clean/node_modules/http-errors.d.ts' does not exist.
'package.json' does not have a 'typesVersions' field.
'package.json' does not have a 'typings' field.
'package.json' does not have a 'types' field.
'package.json' does not have a 'main' field.
File '/Users/marcela-dev/Projects/motherboard-systems-hq-clean/node_modules/http-errors/index.ts' does not exist.
File '/Users/marcela-dev/Projects/motherboard-systems-hq-clean/node_modules/http-errors/index.tsx' does not exist.
File '/Users/marcela-dev/Projects/motherboard-systems-hq-clean/node_modules/http-errors/index.d.ts' does not exist.
Found 'package.json' at '/Users/marcela-dev/Projects/motherboard-systems-hq-clean/node_modules/@types/http-errors/package.json'.
File '/Users/marcela-dev/Projects/motherboard-systems-hq-clean/node_modules/@types/http-errors.d.ts' does not exist.
'package.json' does not have a 'typesVersions' field.
'package.json' does not have a 'typings' field.
'package.json' has 'types' field 'index.d.ts' that references '/Users/marcela-dev/Projects/motherboard-systems-hq-clean/node_modules/@types/http-errors/index.d.ts'.
File '/Users/marcela-dev/Projects/motherboard-systems-hq-clean/node_modules/@types/http-errors/index.d.ts' exists - use it as a name resolution result.
'package.json' has a 'peerDependencies' field.
Resolving real path for '/Users/marcela-dev/Projects/motherboard-systems-hq-clean/node_modules/@types/http-errors', result '/Users/marcela-dev/Projects/motherboard-systems-hq-clean/node_modules/@types/http-errors'.
Resolving real path for '/Users/marcela-dev/Projects/motherboard-systems-hq-clean/node_modules/@types/http-errors/index.d.ts', result '/Users/marcela-dev/Projects/motherboard-systems-hq-clean/node_modules/@types/http-errors/index.d.ts'.
======== Module name 'http-errors' was successfully resolved to '/Users/marcela-dev/Projects/motherboard-systems-hq-clean/node_modules/@types/http-errors/index.d.ts' with Package ID '@types/http-errors/index.d.ts@2.0.5'. ========
File '/Users/marcela-dev/Projects/motherboard-systems-hq-clean/node_modules/@types/http-errors/package.json' exists according to earlier cached lookups.
======== Resolving module 'body-parser' from '/Users/marcela-dev/Projects/motherboard-systems-hq-clean/node_modules/@types/express/index.d.ts'. ========
Explicitly specified module resolution kind: 'Node10'.
'baseUrl' option is set to '/Users/marcela-dev/Projects/motherboard-systems-hq-clean', using this value to resolve non-relative module name 'body-parser'.
Resolving module name 'body-parser' relative to base url '/Users/marcela-dev/Projects/motherboard-systems-hq-clean' - '/Users/marcela-dev/Projects/motherboard-systems-hq-clean/body-parser'.
Loading module as file / folder, candidate module location '/Users/marcela-dev/Projects/motherboard-systems-hq-clean/body-parser', target file types: TypeScript, Declaration.
File '/Users/marcela-dev/Projects/motherboard-systems-hq-clean/body-parser.ts' does not exist.
File '/Users/marcela-dev/Projects/motherboard-systems-hq-clean/body-parser.tsx' does not exist.
File '/Users/marcela-dev/Projects/motherboard-systems-hq-clean/body-parser.d.ts' does not exist.
Directory '/Users/marcela-dev/Projects/motherboard-systems-hq-clean/body-parser' does not exist, skipping all lookups in it.
Loading module 'body-parser' from 'node_modules' folder, target file types: TypeScript, Declaration.
Searching all ancestor node_modules directories for preferred extensions: TypeScript, Declaration.
Directory '/Users/marcela-dev/Projects/motherboard-systems-hq-clean/node_modules/@types/express/node_modules' does not exist, skipping all lookups in it.
Directory '/Users/marcela-dev/Projects/motherboard-systems-hq-clean/node_modules/@types/node_modules' does not exist, skipping all lookups in it.
Found 'package.json' at '/Users/marcela-dev/Projects/motherboard-systems-hq-clean/node_modules/body-parser/package.json'.
File '/Users/marcela-dev/Projects/motherboard-systems-hq-clean/node_modules/body-parser.ts' does not exist.
File '/Users/marcela-dev/Projects/motherboard-systems-hq-clean/node_modules/body-parser.tsx' does not exist.
File '/Users/marcela-dev/Projects/motherboard-systems-hq-clean/node_modules/body-parser.d.ts' does not exist.
'package.json' does not have a 'typesVersions' field.
'package.json' does not have a 'typings' field.
'package.json' does not have a 'types' field.
'package.json' does not have a 'main' field.
File '/Users/marcela-dev/Projects/motherboard-systems-hq-clean/node_modules/body-parser/index.ts' does not exist.
File '/Users/marcela-dev/Projects/motherboard-systems-hq-clean/node_modules/body-parser/index.tsx' does not exist.
File '/Users/marcela-dev/Projects/motherboard-systems-hq-clean/node_modules/body-parser/index.d.ts' does not exist.
Found 'package.json' at '/Users/marcela-dev/Projects/motherboard-systems-hq-clean/node_modules/@types/body-parser/package.json'.
File '/Users/marcela-dev/Projects/motherboard-systems-hq-clean/node_modules/@types/body-parser.d.ts' does not exist.
'package.json' does not have a 'typesVersions' field.
'package.json' does not have a 'typings' field.
'package.json' has 'types' field 'index.d.ts' that references '/Users/marcela-dev/Projects/motherboard-systems-hq-clean/node_modules/@types/body-parser/index.d.ts'.
File '/Users/marcela-dev/Projects/motherboard-systems-hq-clean/node_modules/@types/body-parser/index.d.ts' exists - use it as a name resolution result.
'package.json' has a 'peerDependencies' field.
Resolving real path for '/Users/marcela-dev/Projects/motherboard-systems-hq-clean/node_modules/@types/body-parser', result '/Users/marcela-dev/Projects/motherboard-systems-hq-clean/node_modules/@types/body-parser'.
Resolving real path for '/Users/marcela-dev/Projects/motherboard-systems-hq-clean/node_modules/@types/body-parser/index.d.ts', result '/Users/marcela-dev/Projects/motherboard-systems-hq-clean/node_modules/@types/body-parser/index.d.ts'.
======== Module name 'body-parser' was successfully resolved to '/Users/marcela-dev/Projects/motherboard-systems-hq-clean/node_modules/@types/body-parser/index.d.ts' with Package ID '@types/body-parser/index.d.ts@1.19.6'. ========
======== Resolving module 'express-serve-static-core' from '/Users/marcela-dev/Projects/motherboard-systems-hq-clean/node_modules/@types/express/index.d.ts'. ========
Explicitly specified module resolution kind: 'Node10'.
'baseUrl' option is set to '/Users/marcela-dev/Projects/motherboard-systems-hq-clean', using this value to resolve non-relative module name 'express-serve-static-core'.
Resolving module name 'express-serve-static-core' relative to base url '/Users/marcela-dev/Projects/motherboard-systems-hq-clean' - '/Users/marcela-dev/Projects/motherboard-systems-hq-clean/express-serve-static-core'.
Loading module as file / folder, candidate module location '/Users/marcela-dev/Projects/motherboard-systems-hq-clean/express-serve-static-core', target file types: TypeScript, Declaration.
File '/Users/marcela-dev/Projects/motherboard-systems-hq-clean/express-serve-static-core.ts' does not exist.
File '/Users/marcela-dev/Projects/motherboard-systems-hq-clean/express-serve-static-core.tsx' does not exist.
File '/Users/marcela-dev/Projects/motherboard-systems-hq-clean/express-serve-static-core.d.ts' does not exist.
Directory '/Users/marcela-dev/Projects/motherboard-systems-hq-clean/express-serve-static-core' does not exist, skipping all lookups in it.
Loading module 'express-serve-static-core' from 'node_modules' folder, target file types: TypeScript, Declaration.
Searching all ancestor node_modules directories for preferred extensions: TypeScript, Declaration.
Directory '/Users/marcela-dev/Projects/motherboard-systems-hq-clean/node_modules/@types/express/node_modules' does not exist, skipping all lookups in it.
Directory '/Users/marcela-dev/Projects/motherboard-systems-hq-clean/node_modules/@types/node_modules' does not exist, skipping all lookups in it.
File '/Users/marcela-dev/Projects/motherboard-systems-hq-clean/node_modules/express-serve-static-core.ts' does not exist.
File '/Users/marcela-dev/Projects/motherboard-systems-hq-clean/node_modules/express-serve-static-core.tsx' does not exist.
File '/Users/marcela-dev/Projects/motherboard-systems-hq-clean/node_modules/express-serve-static-core.d.ts' does not exist.
File '/Users/marcela-dev/Projects/motherboard-systems-hq-clean/node_modules/@types/express-serve-static-core/package.json' exists according to earlier cached lookups.
File '/Users/marcela-dev/Projects/motherboard-systems-hq-clean/node_modules/@types/express-serve-static-core.d.ts' does not exist.
'package.json' does not have a 'typings' field.
'package.json' has 'types' field 'index.d.ts' that references '/Users/marcela-dev/Projects/motherboard-systems-hq-clean/node_modules/@types/express-serve-static-core/index.d.ts'.
File '/Users/marcela-dev/Projects/motherboard-systems-hq-clean/node_modules/@types/express-serve-static-core/index.d.ts' exists - use it as a name resolution result.
Resolving real path for '/Users/marcela-dev/Projects/motherboard-systems-hq-clean/node_modules/@types/express-serve-static-core/index.d.ts', result '/Users/marcela-dev/Projects/motherboard-systems-hq-clean/node_modules/@types/express-serve-static-core/index.d.ts'.
======== Module name 'express-serve-static-core' was successfully resolved to '/Users/marcela-dev/Projects/motherboard-systems-hq-clean/node_modules/@types/express-serve-static-core/index.d.ts' with Package ID '@types/express-serve-static-core/index.d.ts@5.1.1'. ========
======== Resolving module 'serve-static' from '/Users/marcela-dev/Projects/motherboard-systems-hq-clean/node_modules/@types/express/index.d.ts'. ========
Explicitly specified module resolution kind: 'Node10'.
'baseUrl' option is set to '/Users/marcela-dev/Projects/motherboard-systems-hq-clean', using this value to resolve non-relative module name 'serve-static'.
Resolving module name 'serve-static' relative to base url '/Users/marcela-dev/Projects/motherboard-systems-hq-clean' - '/Users/marcela-dev/Projects/motherboard-systems-hq-clean/serve-static'.
Loading module as file / folder, candidate module location '/Users/marcela-dev/Projects/motherboard-systems-hq-clean/serve-static', target file types: TypeScript, Declaration.
File '/Users/marcela-dev/Projects/motherboard-systems-hq-clean/serve-static.ts' does not exist.
File '/Users/marcela-dev/Projects/motherboard-systems-hq-clean/serve-static.tsx' does not exist.
File '/Users/marcela-dev/Projects/motherboard-systems-hq-clean/serve-static.d.ts' does not exist.
Directory '/Users/marcela-dev/Projects/motherboard-systems-hq-clean/serve-static' does not exist, skipping all lookups in it.
Loading module 'serve-static' from 'node_modules' folder, target file types: TypeScript, Declaration.
Searching all ancestor node_modules directories for preferred extensions: TypeScript, Declaration.
Directory '/Users/marcela-dev/Projects/motherboard-systems-hq-clean/node_modules/@types/express/node_modules' does not exist, skipping all lookups in it.
Directory '/Users/marcela-dev/Projects/motherboard-systems-hq-clean/node_modules/@types/node_modules' does not exist, skipping all lookups in it.
Found 'package.json' at '/Users/marcela-dev/Projects/motherboard-systems-hq-clean/node_modules/serve-static/package.json'.
File '/Users/marcela-dev/Projects/motherboard-systems-hq-clean/node_modules/serve-static.ts' does not exist.
File '/Users/marcela-dev/Projects/motherboard-systems-hq-clean/node_modules/serve-static.tsx' does not exist.
File '/Users/marcela-dev/Projects/motherboard-systems-hq-clean/node_modules/serve-static.d.ts' does not exist.
'package.json' does not have a 'typesVersions' field.
'package.json' does not have a 'typings' field.
'package.json' does not have a 'types' field.
'package.json' does not have a 'main' field.
File '/Users/marcela-dev/Projects/motherboard-systems-hq-clean/node_modules/serve-static/index.ts' does not exist.
File '/Users/marcela-dev/Projects/motherboard-systems-hq-clean/node_modules/serve-static/index.tsx' does not exist.
File '/Users/marcela-dev/Projects/motherboard-systems-hq-clean/node_modules/serve-static/index.d.ts' does not exist.
File '/Users/marcela-dev/Projects/motherboard-systems-hq-clean/node_modules/@types/serve-static/package.json' exists according to earlier cached lookups.
File '/Users/marcela-dev/Projects/motherboard-systems-hq-clean/node_modules/@types/serve-static.d.ts' does not exist.
'package.json' does not have a 'typings' field.
'package.json' has 'types' field 'index.d.ts' that references '/Users/marcela-dev/Projects/motherboard-systems-hq-clean/node_modules/@types/serve-static/index.d.ts'.
File '/Users/marcela-dev/Projects/motherboard-systems-hq-clean/node_modules/@types/serve-static/index.d.ts' exists - use it as a name resolution result.
Resolving real path for '/Users/marcela-dev/Projects/motherboard-systems-hq-clean/node_modules/@types/serve-static/index.d.ts', result '/Users/marcela-dev/Projects/motherboard-systems-hq-clean/node_modules/@types/serve-static/index.d.ts'.
======== Module name 'serve-static' was successfully resolved to '/Users/marcela-dev/Projects/motherboard-systems-hq-clean/node_modules/@types/serve-static/index.d.ts' with Package ID '@types/serve-static/index.d.ts@2.2.0'. ========
File '/Users/marcela-dev/Projects/motherboard-systems-hq-clean/node_modules/@types/body-parser/package.json' exists according to earlier cached lookups.
======== Resolving type reference directive 'node', containing file '/Users/marcela-dev/Projects/motherboard-systems-hq-clean/node_modules/@types/body-parser/index.d.ts', root directory '/Users/marcela-dev/Projects/motherboard-systems-hq-clean/node_modules/@types,/Users/marcela-dev/Projects/node_modules/@types,/Users/marcela-dev/node_modules/@types,/Users/node_modules/@types,/node_modules/@types'. ========
Resolving with primary search path '/Users/marcela-dev/Projects/motherboard-systems-hq-clean/node_modules/@types, /Users/marcela-dev/Projects/node_modules/@types, /Users/marcela-dev/node_modules/@types, /Users/node_modules/@types, /node_modules/@types'.
File '/Users/marcela-dev/Projects/motherboard-systems-hq-clean/node_modules/@types/node/package.json' exists according to earlier cached lookups.
'package.json' does not have a 'typings' field.
'package.json' has 'types' field 'index.d.ts' that references '/Users/marcela-dev/Projects/motherboard-systems-hq-clean/node_modules/@types/node/index.d.ts'.
File '/Users/marcela-dev/Projects/motherboard-systems-hq-clean/node_modules/@types/node/index.d.ts' exists - use it as a name resolution result.
Resolving real path for '/Users/marcela-dev/Projects/motherboard-systems-hq-clean/node_modules/@types/node/index.d.ts', result '/Users/marcela-dev/Projects/motherboard-systems-hq-clean/node_modules/@types/node/index.d.ts'.
======== Type reference directive 'node' was successfully resolved to '/Users/marcela-dev/Projects/motherboard-systems-hq-clean/node_modules/@types/node/index.d.ts' with Package ID '@types/node/index.d.ts@20.19.43', primary: true. ========
======== Resolving module 'connect' from '/Users/marcela-dev/Projects/motherboard-systems-hq-clean/node_modules/@types/body-parser/index.d.ts'. ========
Explicitly specified module resolution kind: 'Node10'.
'baseUrl' option is set to '/Users/marcela-dev/Projects/motherboard-systems-hq-clean', using this value to resolve non-relative module name 'connect'.
Resolving module name 'connect' relative to base url '/Users/marcela-dev/Projects/motherboard-systems-hq-clean' - '/Users/marcela-dev/Projects/motherboard-systems-hq-clean/connect'.
Loading module as file / folder, candidate module location '/Users/marcela-dev/Projects/motherboard-systems-hq-clean/connect', target file types: TypeScript, Declaration.
File '/Users/marcela-dev/Projects/motherboard-systems-hq-clean/connect.ts' does not exist.
File '/Users/marcela-dev/Projects/motherboard-systems-hq-clean/connect.tsx' does not exist.
File '/Users/marcela-dev/Projects/motherboard-systems-hq-clean/connect.d.ts' does not exist.
Directory '/Users/marcela-dev/Projects/motherboard-systems-hq-clean/connect' does not exist, skipping all lookups in it.
Loading module 'connect' from 'node_modules' folder, target file types: TypeScript, Declaration.
Searching all ancestor node_modules directories for preferred extensions: TypeScript, Declaration.
Directory '/Users/marcela-dev/Projects/motherboard-systems-hq-clean/node_modules/@types/body-parser/node_modules' does not exist, skipping all lookups in it.
Directory '/Users/marcela-dev/Projects/motherboard-systems-hq-clean/node_modules/@types/node_modules' does not exist, skipping all lookups in it.
File '/Users/marcela-dev/Projects/motherboard-systems-hq-clean/node_modules/connect.ts' does not exist.
File '/Users/marcela-dev/Projects/motherboard-systems-hq-clean/node_modules/connect.tsx' does not exist.
File '/Users/marcela-dev/Projects/motherboard-systems-hq-clean/node_modules/connect.d.ts' does not exist.
Found 'package.json' at '/Users/marcela-dev/Projects/motherboard-systems-hq-clean/node_modules/@types/connect/package.json'.
File '/Users/marcela-dev/Projects/motherboard-systems-hq-clean/node_modules/@types/connect.d.ts' does not exist.
'package.json' does not have a 'typesVersions' field.
'package.json' does not have a 'typings' field.
'package.json' has 'types' field 'index.d.ts' that references '/Users/marcela-dev/Projects/motherboard-systems-hq-clean/node_modules/@types/connect/index.d.ts'.
File '/Users/marcela-dev/Projects/motherboard-systems-hq-clean/node_modules/@types/connect/index.d.ts' exists - use it as a name resolution result.
'package.json' does not have a 'peerDependencies' field.
Resolving real path for '/Users/marcela-dev/Projects/motherboard-systems-hq-clean/node_modules/@types/connect/index.d.ts', result '/Users/marcela-dev/Projects/motherboard-systems-hq-clean/node_modules/@types/connect/index.d.ts'.
======== Module name 'connect' was successfully resolved to '/Users/marcela-dev/Projects/motherboard-systems-hq-clean/node_modules/@types/connect/index.d.ts' with Package ID '@types/connect/index.d.ts@3.4.38'. ========
======== Resolving module 'http' from '/Users/marcela-dev/Projects/motherboard-systems-hq-clean/node_modules/@types/body-parser/index.d.ts'. ========
Explicitly specified module resolution kind: 'Node10'.
'baseUrl' option is set to '/Users/marcela-dev/Projects/motherboard-systems-hq-clean', using this value to resolve non-relative module name 'http'.
Resolving module name 'http' relative to base url '/Users/marcela-dev/Projects/motherboard-systems-hq-clean' - '/Users/marcela-dev/Projects/motherboard-systems-hq-clean/http'.
Loading module as file / folder, candidate module location '/Users/marcela-dev/Projects/motherboard-systems-hq-clean/http', target file types: TypeScript, Declaration.
File '/Users/marcela-dev/Projects/motherboard-systems-hq-clean/http.ts' does not exist.
File '/Users/marcela-dev/Projects/motherboard-systems-hq-clean/http.tsx' does not exist.
File '/Users/marcela-dev/Projects/motherboard-systems-hq-clean/http.d.ts' does not exist.
Directory '/Users/marcela-dev/Projects/motherboard-systems-hq-clean/http' does not exist, skipping all lookups in it.
Loading module 'http' from 'node_modules' folder, target file types: TypeScript, Declaration.
Searching all ancestor node_modules directories for preferred extensions: TypeScript, Declaration.
Directory '/Users/marcela-dev/Projects/motherboard-systems-hq-clean/node_modules/@types/body-parser/node_modules' does not exist, skipping all lookups in it.
Resolution for module 'http' was found in cache from location '/Users/marcela-dev/Projects/motherboard-systems-hq-clean/node_modules/@types'.
======== Module name 'http' was not resolved. ========
File '/Users/marcela-dev/Projects/motherboard-systems-hq-clean/node_modules/@types/connect/package.json' exists according to earlier cached lookups.
======== Resolving type reference directive 'node', containing file '/Users/marcela-dev/Projects/motherboard-systems-hq-clean/node_modules/@types/connect/index.d.ts', root directory '/Users/marcela-dev/Projects/motherboard-systems-hq-clean/node_modules/@types,/Users/marcela-dev/Projects/node_modules/@types,/Users/marcela-dev/node_modules/@types,/Users/node_modules/@types,/node_modules/@types'. ========
Resolving with primary search path '/Users/marcela-dev/Projects/motherboard-systems-hq-clean/node_modules/@types, /Users/marcela-dev/Projects/node_modules/@types, /Users/marcela-dev/node_modules/@types, /Users/node_modules/@types, /node_modules/@types'.
File '/Users/marcela-dev/Projects/motherboard-systems-hq-clean/node_modules/@types/node/package.json' exists according to earlier cached lookups.
'package.json' does not have a 'typings' field.
'package.json' has 'types' field 'index.d.ts' that references '/Users/marcela-dev/Projects/motherboard-systems-hq-clean/node_modules/@types/node/index.d.ts'.
File '/Users/marcela-dev/Projects/motherboard-systems-hq-clean/node_modules/@types/node/index.d.ts' exists - use it as a name resolution result.
Resolving real path for '/Users/marcela-dev/Projects/motherboard-systems-hq-clean/node_modules/@types/node/index.d.ts', result '/Users/marcela-dev/Projects/motherboard-systems-hq-clean/node_modules/@types/node/index.d.ts'.
======== Type reference directive 'node' was successfully resolved to '/Users/marcela-dev/Projects/motherboard-systems-hq-clean/node_modules/@types/node/index.d.ts' with Package ID '@types/node/index.d.ts@20.19.43', primary: true. ========
======== Resolving module 'http' from '/Users/marcela-dev/Projects/motherboard-systems-hq-clean/node_modules/@types/connect/index.d.ts'. ========
Explicitly specified module resolution kind: 'Node10'.
'baseUrl' option is set to '/Users/marcela-dev/Projects/motherboard-systems-hq-clean', using this value to resolve non-relative module name 'http'.
Resolving module name 'http' relative to base url '/Users/marcela-dev/Projects/motherboard-systems-hq-clean' - '/Users/marcela-dev/Projects/motherboard-systems-hq-clean/http'.
Loading module as file / folder, candidate module location '/Users/marcela-dev/Projects/motherboard-systems-hq-clean/http', target file types: TypeScript, Declaration.
File '/Users/marcela-dev/Projects/motherboard-systems-hq-clean/http.ts' does not exist.
File '/Users/marcela-dev/Projects/motherboard-systems-hq-clean/http.tsx' does not exist.
File '/Users/marcela-dev/Projects/motherboard-systems-hq-clean/http.d.ts' does not exist.
Directory '/Users/marcela-dev/Projects/motherboard-systems-hq-clean/http' does not exist, skipping all lookups in it.
Loading module 'http' from 'node_modules' folder, target file types: TypeScript, Declaration.
Searching all ancestor node_modules directories for preferred extensions: TypeScript, Declaration.
Directory '/Users/marcela-dev/Projects/motherboard-systems-hq-clean/node_modules/@types/connect/node_modules' does not exist, skipping all lookups in it.
Resolution for module 'http' was found in cache from location '/Users/marcela-dev/Projects/motherboard-systems-hq-clean/node_modules/@types'.
======== Module name 'http' was not resolved. ========
======== Resolving module 'express' from '/Users/marcela-dev/Projects/motherboard-systems-hq-clean/server/routes/governance-envelope-gate-route.ts'. ========
Resolution for module 'express' was found in cache from location '/Users/marcela-dev/Projects/motherboard-systems-hq-clean/server/routes'.
======== Module name 'express' was successfully resolved to '/Users/marcela-dev/Projects/motherboard-systems-hq-clean/node_modules/@types/express/index.d.ts' with Package ID '@types/express/index.d.ts@5.0.6'. ========
======== Resolving module '../gate/production-envelope-gate-consumer.js' from '/Users/marcela-dev/Projects/motherboard-systems-hq-clean/server/routes/governance-envelope-gate-route.ts'. ========
Explicitly specified module resolution kind: 'Node10'.
Loading module as file / folder, candidate module location '/Users/marcela-dev/Projects/motherboard-systems-hq-clean/server/gate/production-envelope-gate-consumer.js', target file types: TypeScript, Declaration.
File name '/Users/marcela-dev/Projects/motherboard-systems-hq-clean/server/gate/production-envelope-gate-consumer.js' has a '.js' extension - stripping it.
File '/Users/marcela-dev/Projects/motherboard-systems-hq-clean/server/gate/production-envelope-gate-consumer.ts' exists - use it as a name resolution result.
======== Module name '../gate/production-envelope-gate-consumer.js' was successfully resolved to '/Users/marcela-dev/Projects/motherboard-systems-hq-clean/server/gate/production-envelope-gate-consumer.ts'. ========
======== Resolving module '../gate/production-envelope-gate-entry-point.js' from '/Users/marcela-dev/Projects/motherboard-systems-hq-clean/server/routes/governance-envelope-gate-route.ts'. ========
Explicitly specified module resolution kind: 'Node10'.
Loading module as file / folder, candidate module location '/Users/marcela-dev/Projects/motherboard-systems-hq-clean/server/gate/production-envelope-gate-entry-point.js', target file types: TypeScript, Declaration.
File name '/Users/marcela-dev/Projects/motherboard-systems-hq-clean/server/gate/production-envelope-gate-entry-point.js' has a '.js' extension - stripping it.
File '/Users/marcela-dev/Projects/motherboard-systems-hq-clean/server/gate/production-envelope-gate-entry-point.ts' exists - use it as a name resolution result.
======== Module name '../gate/production-envelope-gate-entry-point.js' was successfully resolved to '/Users/marcela-dev/Projects/motherboard-systems-hq-clean/server/gate/production-envelope-gate-entry-point.ts'. ========
======== Resolving module 'express' from '/Users/marcela-dev/Projects/motherboard-systems-hq-clean/server/routes/governance-envelope-route.ts'. ========
Resolution for module 'express' was found in cache from location '/Users/marcela-dev/Projects/motherboard-systems-hq-clean/server/routes'.
======== Module name 'express' was successfully resolved to '/Users/marcela-dev/Projects/motherboard-systems-hq-clean/node_modules/@types/express/index.d.ts' with Package ID '@types/express/index.d.ts@5.0.6'. ========
======== Resolving module '../envelope/production-envelope-consumer.js' from '/Users/marcela-dev/Projects/motherboard-systems-hq-clean/server/routes/governance-envelope-route.ts'. ========
Explicitly specified module resolution kind: 'Node10'.
Loading module as file / folder, candidate module location '/Users/marcela-dev/Projects/motherboard-systems-hq-clean/server/envelope/production-envelope-consumer.js', target file types: TypeScript, Declaration.
File name '/Users/marcela-dev/Projects/motherboard-systems-hq-clean/server/envelope/production-envelope-consumer.js' has a '.js' extension - stripping it.
File '/Users/marcela-dev/Projects/motherboard-systems-hq-clean/server/envelope/production-envelope-consumer.ts' exists - use it as a name resolution result.
======== Module name '../envelope/production-envelope-consumer.js' was successfully resolved to '/Users/marcela-dev/Projects/motherboard-systems-hq-clean/server/envelope/production-envelope-consumer.ts'. ========
======== Resolving module '../envelope/production-envelope-entry-point.js' from '/Users/marcela-dev/Projects/motherboard-systems-hq-clean/server/routes/governance-envelope-route.ts'. ========
Explicitly specified module resolution kind: 'Node10'.
Loading module as file / folder, candidate module location '/Users/marcela-dev/Projects/motherboard-systems-hq-clean/server/envelope/production-envelope-entry-point.js', target file types: TypeScript, Declaration.
File name '/Users/marcela-dev/Projects/motherboard-systems-hq-clean/server/envelope/production-envelope-entry-point.js' has a '.js' extension - stripping it.
File '/Users/marcela-dev/Projects/motherboard-systems-hq-clean/server/envelope/production-envelope-entry-point.ts' exists - use it as a name resolution result.
======== Module name '../envelope/production-envelope-entry-point.js' was successfully resolved to '/Users/marcela-dev/Projects/motherboard-systems-hq-clean/server/envelope/production-envelope-entry-point.ts'. ========
======== Resolving module 'express' from '/Users/marcela-dev/Projects/motherboard-systems-hq-clean/server/routes/governance-lifecycle-route.ts'. ========
Resolution for module 'express' was found in cache from location '/Users/marcela-dev/Projects/motherboard-systems-hq-clean/server/routes'.
======== Module name 'express' was successfully resolved to '/Users/marcela-dev/Projects/motherboard-systems-hq-clean/node_modules/@types/express/index.d.ts' with Package ID '@types/express/index.d.ts@5.0.6'. ========
======== Resolving module '../lifecycle/production-lifecycle-consumer.js' from '/Users/marcela-dev/Projects/motherboard-systems-hq-clean/server/routes/governance-lifecycle-route.ts'. ========
Explicitly specified module resolution kind: 'Node10'.
Loading module as file / folder, candidate module location '/Users/marcela-dev/Projects/motherboard-systems-hq-clean/server/lifecycle/production-lifecycle-consumer.js', target file types: TypeScript, Declaration.
File name '/Users/marcela-dev/Projects/motherboard-systems-hq-clean/server/lifecycle/production-lifecycle-consumer.js' has a '.js' extension - stripping it.
File '/Users/marcela-dev/Projects/motherboard-systems-hq-clean/server/lifecycle/production-lifecycle-consumer.ts' exists - use it as a name resolution result.
======== Module name '../lifecycle/production-lifecycle-consumer.js' was successfully resolved to '/Users/marcela-dev/Projects/motherboard-systems-hq-clean/server/lifecycle/production-lifecycle-consumer.ts'. ========
======== Resolving module '../../db/governance-lifecycle-composition.js' from '/Users/marcela-dev/Projects/motherboard-systems-hq-clean/server/routes/governance-lifecycle-route.ts'. ========
Explicitly specified module resolution kind: 'Node10'.
Loading module as file / folder, candidate module location '/Users/marcela-dev/Projects/motherboard-systems-hq-clean/db/governance-lifecycle-composition.js', target file types: TypeScript, Declaration.
File name '/Users/marcela-dev/Projects/motherboard-systems-hq-clean/db/governance-lifecycle-composition.js' has a '.js' extension - stripping it.
File '/Users/marcela-dev/Projects/motherboard-systems-hq-clean/db/governance-lifecycle-composition.ts' exists - use it as a name resolution result.
======== Module name '../../db/governance-lifecycle-composition.js' was successfully resolved to '/Users/marcela-dev/Projects/motherboard-systems-hq-clean/db/governance-lifecycle-composition.ts'. ========
======== Resolving module 'express' from '/Users/marcela-dev/Projects/motherboard-systems-hq-clean/server/routes/governance-package-route.ts'. ========
Resolution for module 'express' was found in cache from location '/Users/marcela-dev/Projects/motherboard-systems-hq-clean/server/routes'.
======== Module name 'express' was successfully resolved to '/Users/marcela-dev/Projects/motherboard-systems-hq-clean/node_modules/@types/express/index.d.ts' with Package ID '@types/express/index.d.ts@5.0.6'. ========
======== Resolving module '../package/production-package-consumer.js' from '/Users/marcela-dev/Projects/motherboard-systems-hq-clean/server/routes/governance-package-route.ts'. ========
Explicitly specified module resolution kind: 'Node10'.
Loading module as file / folder, candidate module location '/Users/marcela-dev/Projects/motherboard-systems-hq-clean/server/package/production-package-consumer.js', target file types: TypeScript, Declaration.
File name '/Users/marcela-dev/Projects/motherboard-systems-hq-clean/server/package/production-package-consumer.js' has a '.js' extension - stripping it.
File '/Users/marcela-dev/Projects/motherboard-systems-hq-clean/server/package/production-package-consumer.ts' exists - use it as a name resolution result.
======== Module name '../package/production-package-consumer.js' was successfully resolved to '/Users/marcela-dev/Projects/motherboard-systems-hq-clean/server/package/production-package-consumer.ts'. ========
======== Resolving module '../package/production-package-entry-point.js' from '/Users/marcela-dev/Projects/motherboard-systems-hq-clean/server/routes/governance-package-route.ts'. ========
Explicitly specified module resolution kind: 'Node10'.
Loading module as file / folder, candidate module location '/Users/marcela-dev/Projects/motherboard-systems-hq-clean/server/package/production-package-entry-point.js', target file types: TypeScript, Declaration.
File name '/Users/marcela-dev/Projects/motherboard-systems-hq-clean/server/package/production-package-entry-point.js' has a '.js' extension - stripping it.
File '/Users/marcela-dev/Projects/motherboard-systems-hq-clean/server/package/production-package-entry-point.ts' exists - use it as a name resolution result.
======== Module name '../package/production-package-entry-point.js' was successfully resolved to '/Users/marcela-dev/Projects/motherboard-systems-hq-clean/server/package/production-package-entry-point.ts'. ========
======== Resolving module 'express' from '/Users/marcela-dev/Projects/motherboard-systems-hq-clean/server/routes/governance-validation-route.ts'. ========
Resolution for module 'express' was found in cache from location '/Users/marcela-dev/Projects/motherboard-systems-hq-clean/server/routes'.
======== Module name 'express' was successfully resolved to '/Users/marcela-dev/Projects/motherboard-systems-hq-clean/node_modules/@types/express/index.d.ts' with Package ID '@types/express/index.d.ts@5.0.6'. ========
======== Resolving module '../validation/production-validation-consumer.js' from '/Users/marcela-dev/Projects/motherboard-systems-hq-clean/server/routes/governance-validation-route.ts'. ========
Explicitly specified module resolution kind: 'Node10'.
Loading module as file / folder, candidate module location '/Users/marcela-dev/Projects/motherboard-systems-hq-clean/server/validation/production-validation-consumer.js', target file types: TypeScript, Declaration.
File name '/Users/marcela-dev/Projects/motherboard-systems-hq-clean/server/validation/production-validation-consumer.js' has a '.js' extension - stripping it.
File '/Users/marcela-dev/Projects/motherboard-systems-hq-clean/server/validation/production-validation-consumer.ts' exists - use it as a name resolution result.
======== Module name '../validation/production-validation-consumer.js' was successfully resolved to '/Users/marcela-dev/Projects/motherboard-systems-hq-clean/server/validation/production-validation-consumer.ts'. ========
======== Resolving module '../validation/production-validation-entry-point.js' from '/Users/marcela-dev/Projects/motherboard-systems-hq-clean/server/routes/governance-validation-route.ts'. ========
Explicitly specified module resolution kind: 'Node10'.
Loading module as file / folder, candidate module location '/Users/marcela-dev/Projects/motherboard-systems-hq-clean/server/validation/production-validation-entry-point.js', target file types: TypeScript, Declaration.
File name '/Users/marcela-dev/Projects/motherboard-systems-hq-clean/server/validation/production-validation-entry-point.js' has a '.js' extension - stripping it.
File '/Users/marcela-dev/Projects/motherboard-systems-hq-clean/server/validation/production-validation-entry-point.ts' exists - use it as a name resolution result.
======== Module name '../validation/production-validation-entry-point.js' was successfully resolved to '/Users/marcela-dev/Projects/motherboard-systems-hq-clean/server/validation/production-validation-entry-point.ts'. ========
======== Resolving module '../../db/governance-runtime.js' from '/Users/marcela-dev/Projects/motherboard-systems-hq-clean/server/validation/production-validation-consumer.ts'. ========
Explicitly specified module resolution kind: 'Node10'.
Loading module as file / folder, candidate module location '/Users/marcela-dev/Projects/motherboard-systems-hq-clean/db/governance-runtime.js', target file types: TypeScript, Declaration.
File name '/Users/marcela-dev/Projects/motherboard-systems-hq-clean/db/governance-runtime.js' has a '.js' extension - stripping it.
File '/Users/marcela-dev/Projects/motherboard-systems-hq-clean/db/governance-runtime.ts' exists - use it as a name resolution result.
======== Module name '../../db/governance-runtime.js' was successfully resolved to '/Users/marcela-dev/Projects/motherboard-systems-hq-clean/db/governance-runtime.ts'. ========
======== Resolving module './production-validation-entry-point' from '/Users/marcela-dev/Projects/motherboard-systems-hq-clean/server/validation/production-validation-consumer.ts'. ========
Explicitly specified module resolution kind: 'Node10'.
Loading module as file / folder, candidate module location '/Users/marcela-dev/Projects/motherboard-systems-hq-clean/server/validation/production-validation-entry-point', target file types: TypeScript, Declaration.
File '/Users/marcela-dev/Projects/motherboard-systems-hq-clean/server/validation/production-validation-entry-point.ts' exists - use it as a name resolution result.
======== Module name './production-validation-entry-point' was successfully resolved to '/Users/marcela-dev/Projects/motherboard-systems-hq-clean/server/validation/production-validation-entry-point.ts'. ========
======== Resolving module '../../db/governance-runtime.js' from '/Users/marcela-dev/Projects/motherboard-systems-hq-clean/server/validation/production-validation-entry-point.ts'. ========
Resolution for module '../../db/governance-runtime.js' was found in cache from location '/Users/marcela-dev/Projects/motherboard-systems-hq-clean/server/validation'.
======== Module name '../../db/governance-runtime.js' was successfully resolved to '/Users/marcela-dev/Projects/motherboard-systems-hq-clean/db/governance-runtime.ts'. ========
======== Resolving module 'express' from '/Users/marcela-dev/Projects/motherboard-systems-hq-clean/server/routes/matilda-assignment-route.ts'. ========
Resolution for module 'express' was found in cache from location '/Users/marcela-dev/Projects/motherboard-systems-hq-clean/server/routes'.
======== Module name 'express' was successfully resolved to '/Users/marcela-dev/Projects/motherboard-systems-hq-clean/node_modules/@types/express/index.d.ts' with Package ID '@types/express/index.d.ts@5.0.6'. ========
======== Resolving module '../../db/matilda-assignment-runtime.js' from '/Users/marcela-dev/Projects/motherboard-systems-hq-clean/server/routes/matilda-assignment-route.ts'. ========
Explicitly specified module resolution kind: 'Node10'.
Loading module as file / folder, candidate module location '/Users/marcela-dev/Projects/motherboard-systems-hq-clean/db/matilda-assignment-runtime.js', target file types: TypeScript, Declaration.
File name '/Users/marcela-dev/Projects/motherboard-systems-hq-clean/db/matilda-assignment-runtime.js' has a '.js' extension - stripping it.
File '/Users/marcela-dev/Projects/motherboard-systems-hq-clean/db/matilda-assignment-runtime.ts' exists - use it as a name resolution result.
======== Module name '../../db/matilda-assignment-runtime.js' was successfully resolved to '/Users/marcela-dev/Projects/motherboard-systems-hq-clean/db/matilda-assignment-runtime.ts'. ========
======== Resolving module 'express' from '/Users/marcela-dev/Projects/motherboard-systems-hq-clean/server/routes/matilda-canonical-package-route.ts'. ========
Resolution for module 'express' was found in cache from location '/Users/marcela-dev/Projects/motherboard-systems-hq-clean/server/routes'.
======== Module name 'express' was successfully resolved to '/Users/marcela-dev/Projects/motherboard-systems-hq-clean/node_modules/@types/express/index.d.ts' with Package ID '@types/express/index.d.ts@5.0.6'. ========
======== Resolving module '../../db/matilda-canonical-package-runtime.js' from '/Users/marcela-dev/Projects/motherboard-systems-hq-clean/server/routes/matilda-canonical-package-route.ts'. ========
Explicitly specified module resolution kind: 'Node10'.
Loading module as file / folder, candidate module location '/Users/marcela-dev/Projects/motherboard-systems-hq-clean/db/matilda-canonical-package-runtime.js', target file types: TypeScript, Declaration.
File name '/Users/marcela-dev/Projects/motherboard-systems-hq-clean/db/matilda-canonical-package-runtime.js' has a '.js' extension - stripping it.
File '/Users/marcela-dev/Projects/motherboard-systems-hq-clean/db/matilda-canonical-package-runtime.ts' exists - use it as a name resolution result.
======== Module name '../../db/matilda-canonical-package-runtime.js' was successfully resolved to '/Users/marcela-dev/Projects/motherboard-systems-hq-clean/db/matilda-canonical-package-runtime.ts'. ========
======== Resolving module 'express' from '/Users/marcela-dev/Projects/motherboard-systems-hq-clean/server/routes/matilda-delegation-route.ts'. ========
Resolution for module 'express' was found in cache from location '/Users/marcela-dev/Projects/motherboard-systems-hq-clean/server/routes'.
======== Module name 'express' was successfully resolved to '/Users/marcela-dev/Projects/motherboard-systems-hq-clean/node_modules/@types/express/index.d.ts' with Package ID '@types/express/index.d.ts@5.0.6'. ========
======== Resolving module '../../db/matilda-delegation-runtime.js' from '/Users/marcela-dev/Projects/motherboard-systems-hq-clean/server/routes/matilda-delegation-route.ts'. ========
Explicitly specified module resolution kind: 'Node10'.
Loading module as file / folder, candidate module location '/Users/marcela-dev/Projects/motherboard-systems-hq-clean/db/matilda-delegation-runtime.js', target file types: TypeScript, Declaration.
File name '/Users/marcela-dev/Projects/motherboard-systems-hq-clean/db/matilda-delegation-runtime.js' has a '.js' extension - stripping it.
File '/Users/marcela-dev/Projects/motherboard-systems-hq-clean/db/matilda-delegation-runtime.ts' exists - use it as a name resolution result.
======== Module name '../../db/matilda-delegation-runtime.js' was successfully resolved to '/Users/marcela-dev/Projects/motherboard-systems-hq-clean/db/matilda-delegation-runtime.ts'. ========
======== Resolving module 'express' from '/Users/marcela-dev/Projects/motherboard-systems-hq-clean/server/routes/matilda-draft-synthesis-route.ts'. ========
Resolution for module 'express' was found in cache from location '/Users/marcela-dev/Projects/motherboard-systems-hq-clean/server/routes'.
======== Module name 'express' was successfully resolved to '/Users/marcela-dev/Projects/motherboard-systems-hq-clean/node_modules/@types/express/index.d.ts' with Package ID '@types/express/index.d.ts@5.0.6'. ========
======== Resolving module '../../db/matilda-draft-synthesis-runtime.js' from '/Users/marcela-dev/Projects/motherboard-systems-hq-clean/server/routes/matilda-draft-synthesis-route.ts'. ========
Explicitly specified module resolution kind: 'Node10'.
Loading module as file / folder, candidate module location '/Users/marcela-dev/Projects/motherboard-systems-hq-clean/db/matilda-draft-synthesis-runtime.js', target file types: TypeScript, Declaration.
File name '/Users/marcela-dev/Projects/motherboard-systems-hq-clean/db/matilda-draft-synthesis-runtime.js' has a '.js' extension - stripping it.
File '/Users/marcela-dev/Projects/motherboard-systems-hq-clean/db/matilda-draft-synthesis-runtime.ts' exists - use it as a name resolution result.
======== Module name '../../db/matilda-draft-synthesis-runtime.js' was successfully resolved to '/Users/marcela-dev/Projects/motherboard-systems-hq-clean/db/matilda-draft-synthesis-runtime.ts'. ========
======== Resolving module 'express' from '/Users/marcela-dev/Projects/motherboard-systems-hq-clean/server/routes/matilda-envelope-route.ts'. ========
Resolution for module 'express' was found in cache from location '/Users/marcela-dev/Projects/motherboard-systems-hq-clean/server/routes'.
======== Module name 'express' was successfully resolved to '/Users/marcela-dev/Projects/motherboard-systems-hq-clean/node_modules/@types/express/index.d.ts' with Package ID '@types/express/index.d.ts@5.0.6'. ========
======== Resolving module '../../db/matilda-envelope-runtime.js' from '/Users/marcela-dev/Projects/motherboard-systems-hq-clean/server/routes/matilda-envelope-route.ts'. ========
Explicitly specified module resolution kind: 'Node10'.
Loading module as file / folder, candidate module location '/Users/marcela-dev/Projects/motherboard-systems-hq-clean/db/matilda-envelope-runtime.js', target file types: TypeScript, Declaration.
File name '/Users/marcela-dev/Projects/motherboard-systems-hq-clean/db/matilda-envelope-runtime.js' has a '.js' extension - stripping it.
File '/Users/marcela-dev/Projects/motherboard-systems-hq-clean/db/matilda-envelope-runtime.ts' exists - use it as a name resolution result.
======== Module name '../../db/matilda-envelope-runtime.js' was successfully resolved to '/Users/marcela-dev/Projects/motherboard-systems-hq-clean/db/matilda-envelope-runtime.ts'. ========
======== Resolving module 'express' from '/Users/marcela-dev/Projects/motherboard-systems-hq-clean/server/routes/matilda-execution-authorization-route.ts'. ========
Resolution for module 'express' was found in cache from location '/Users/marcela-dev/Projects/motherboard-systems-hq-clean/server/routes'.
======== Module name 'express' was successfully resolved to '/Users/marcela-dev/Projects/motherboard-systems-hq-clean/node_modules/@types/express/index.d.ts' with Package ID '@types/express/index.d.ts@5.0.6'. ========
======== Resolving module '../../db/matilda-execution-authorization-runtime.js' from '/Users/marcela-dev/Projects/motherboard-systems-hq-clean/server/routes/matilda-execution-authorization-route.ts'. ========
Explicitly specified module resolution kind: 'Node10'.
Loading module as file / folder, candidate module location '/Users/marcela-dev/Projects/motherboard-systems-hq-clean/db/matilda-execution-authorization-runtime.js', target file types: TypeScript, Declaration.
File name '/Users/marcela-dev/Projects/motherboard-systems-hq-clean/db/matilda-execution-authorization-runtime.js' has a '.js' extension - stripping it.
File '/Users/marcela-dev/Projects/motherboard-systems-hq-clean/db/matilda-execution-authorization-runtime.ts' exists - use it as a name resolution result.
======== Module name '../../db/matilda-execution-authorization-runtime.js' was successfully resolved to '/Users/marcela-dev/Projects/motherboard-systems-hq-clean/db/matilda-execution-authorization-runtime.ts'. ========
======== Resolving module 'express' from '/Users/marcela-dev/Projects/motherboard-systems-hq-clean/server/routes/matilda-execution-planning-route.ts'. ========
Resolution for module 'express' was found in cache from location '/Users/marcela-dev/Projects/motherboard-systems-hq-clean/server/routes'.
======== Module name 'express' was successfully resolved to '/Users/marcela-dev/Projects/motherboard-systems-hq-clean/node_modules/@types/express/index.d.ts' with Package ID '@types/express/index.d.ts@5.0.6'. ========
======== Resolving module '../../db/matilda-execution-planning-runtime.js' from '/Users/marcela-dev/Projects/motherboard-systems-hq-clean/server/routes/matilda-execution-planning-route.ts'. ========
Explicitly specified module resolution kind: 'Node10'.
Loading module as file / folder, candidate module location '/Users/marcela-dev/Projects/motherboard-systems-hq-clean/db/matilda-execution-planning-runtime.js', target file types: TypeScript, Declaration.
File name '/Users/marcela-dev/Projects/motherboard-systems-hq-clean/db/matilda-execution-planning-runtime.js' has a '.js' extension - stripping it.
File '/Users/marcela-dev/Projects/motherboard-systems-hq-clean/db/matilda-execution-planning-runtime.ts' exists - use it as a name resolution result.
======== Module name '../../db/matilda-execution-planning-runtime.js' was successfully resolved to '/Users/marcela-dev/Projects/motherboard-systems-hq-clean/db/matilda-execution-planning-runtime.ts'. ========
======== Resolving module 'express' from '/Users/marcela-dev/Projects/motherboard-systems-hq-clean/server/routes/matilda-governance-validation-route.ts'. ========
Resolution for module 'express' was found in cache from location '/Users/marcela-dev/Projects/motherboard-systems-hq-clean/server/routes'.
======== Module name 'express' was successfully resolved to '/Users/marcela-dev/Projects/motherboard-systems-hq-clean/node_modules/@types/express/index.d.ts' with Package ID '@types/express/index.d.ts@5.0.6'. ========
======== Resolving module '../../db/matilda-governance-validation-runtime.js' from '/Users/marcela-dev/Projects/motherboard-systems-hq-clean/server/routes/matilda-governance-validation-route.ts'. ========
Explicitly specified module resolution kind: 'Node10'.
Loading module as file / folder, candidate module location '/Users/marcela-dev/Projects/motherboard-systems-hq-clean/db/matilda-governance-validation-runtime.js', target file types: TypeScript, Declaration.
File name '/Users/marcela-dev/Projects/motherboard-systems-hq-clean/db/matilda-governance-validation-runtime.js' has a '.js' extension - stripping it.
File '/Users/marcela-dev/Projects/motherboard-systems-hq-clean/db/matilda-governance-validation-runtime.ts' exists - use it as a name resolution result.
======== Module name '../../db/matilda-governance-validation-runtime.js' was successfully resolved to '/Users/marcela-dev/Projects/motherboard-systems-hq-clean/db/matilda-governance-validation-runtime.ts'. ========
======== Resolving module 'express' from '/Users/marcela-dev/Projects/motherboard-systems-hq-clean/server/routes/matilda-interpretation-ledger-route.ts'. ========
Resolution for module 'express' was found in cache from location '/Users/marcela-dev/Projects/motherboard-systems-hq-clean/server/routes'.
======== Module name 'express' was successfully resolved to '/Users/marcela-dev/Projects/motherboard-systems-hq-clean/node_modules/@types/express/index.d.ts' with Package ID '@types/express/index.d.ts@5.0.6'. ========
======== Resolving module '../../db/matilda-interpretation-runtime.js' from '/Users/marcela-dev/Projects/motherboard-systems-hq-clean/server/routes/matilda-interpretation-ledger-route.ts'. ========
Explicitly specified module resolution kind: 'Node10'.
Loading module as file / folder, candidate module location '/Users/marcela-dev/Projects/motherboard-systems-hq-clean/db/matilda-interpretation-runtime.js', target file types: TypeScript, Declaration.
File name '/Users/marcela-dev/Projects/motherboard-systems-hq-clean/db/matilda-interpretation-runtime.js' has a '.js' extension - stripping it.
File '/Users/marcela-dev/Projects/motherboard-systems-hq-clean/db/matilda-interpretation-runtime.ts' exists - use it as a name resolution result.
======== Module name '../../db/matilda-interpretation-runtime.js' was successfully resolved to '/Users/marcela-dev/Projects/motherboard-systems-hq-clean/db/matilda-interpretation-runtime.ts'. ========
======== Resolving module 'express' from '/Users/marcela-dev/Projects/motherboard-systems-hq-clean/server/routes/matilda-living-draft-route.ts'. ========
Resolution for module 'express' was found in cache from location '/Users/marcela-dev/Projects/motherboard-systems-hq-clean/server/routes'.
======== Module name 'express' was successfully resolved to '/Users/marcela-dev/Projects/motherboard-systems-hq-clean/node_modules/@types/express/index.d.ts' with Package ID '@types/express/index.d.ts@5.0.6'. ========
======== Resolving module '../../db/matilda-living-draft-runtime.js' from '/Users/marcela-dev/Projects/motherboard-systems-hq-clean/server/routes/matilda-living-draft-route.ts'. ========
Explicitly specified module resolution kind: 'Node10'.
Loading module as file / folder, candidate module location '/Users/marcela-dev/Projects/motherboard-systems-hq-clean/db/matilda-living-draft-runtime.js', target file types: TypeScript, Declaration.
File name '/Users/marcela-dev/Projects/motherboard-systems-hq-clean/db/matilda-living-draft-runtime.js' has a '.js' extension - stripping it.
File '/Users/marcela-dev/Projects/motherboard-systems-hq-clean/db/matilda-living-draft-runtime.ts' exists - use it as a name resolution result.
======== Module name '../../db/matilda-living-draft-runtime.js' was successfully resolved to '/Users/marcela-dev/Projects/motherboard-systems-hq-clean/db/matilda-living-draft-runtime.ts'. ========
======== Resolving module 'express' from '/Users/marcela-dev/Projects/motherboard-systems-hq-clean/server/routes/matilda-preview-confirmation-route.ts'. ========
Resolution for module 'express' was found in cache from location '/Users/marcela-dev/Projects/motherboard-systems-hq-clean/server/routes'.
======== Module name 'express' was successfully resolved to '/Users/marcela-dev/Projects/motherboard-systems-hq-clean/node_modules/@types/express/index.d.ts' with Package ID '@types/express/index.d.ts@5.0.6'. ========
======== Resolving module '../../db/matilda-preview-confirmation-runtime.js' from '/Users/marcela-dev/Projects/motherboard-systems-hq-clean/server/routes/matilda-preview-confirmation-route.ts'. ========
Explicitly specified module resolution kind: 'Node10'.
Loading module as file / folder, candidate module location '/Users/marcela-dev/Projects/motherboard-systems-hq-clean/db/matilda-preview-confirmation-runtime.js', target file types: TypeScript, Declaration.
File name '/Users/marcela-dev/Projects/motherboard-systems-hq-clean/db/matilda-preview-confirmation-runtime.js' has a '.js' extension - stripping it.
File '/Users/marcela-dev/Projects/motherboard-systems-hq-clean/db/matilda-preview-confirmation-runtime.ts' exists - use it as a name resolution result.
======== Module name '../../db/matilda-preview-confirmation-runtime.js' was successfully resolved to '/Users/marcela-dev/Projects/motherboard-systems-hq-clean/db/matilda-preview-confirmation-runtime.ts'. ========
======== Resolving module 'express' from '/Users/marcela-dev/Projects/motherboard-systems-hq-clean/server/routes/matilda-preview-route.ts'. ========
Resolution for module 'express' was found in cache from location '/Users/marcela-dev/Projects/motherboard-systems-hq-clean/server/routes'.
======== Module name 'express' was successfully resolved to '/Users/marcela-dev/Projects/motherboard-systems-hq-clean/node_modules/@types/express/index.d.ts' with Package ID '@types/express/index.d.ts@5.0.6'. ========
======== Resolving module '../../db/matilda-preview-runtime.js' from '/Users/marcela-dev/Projects/motherboard-systems-hq-clean/server/routes/matilda-preview-route.ts'. ========
Explicitly specified module resolution kind: 'Node10'.
Loading module as file / folder, candidate module location '/Users/marcela-dev/Projects/motherboard-systems-hq-clean/db/matilda-preview-runtime.js', target file types: TypeScript, Declaration.
File name '/Users/marcela-dev/Projects/motherboard-systems-hq-clean/db/matilda-preview-runtime.js' has a '.js' extension - stripping it.
File '/Users/marcela-dev/Projects/motherboard-systems-hq-clean/db/matilda-preview-runtime.ts' exists - use it as a name resolution result.
======== Module name '../../db/matilda-preview-runtime.js' was successfully resolved to '/Users/marcela-dev/Projects/motherboard-systems-hq-clean/db/matilda-preview-runtime.ts'. ========
======== Resolving module 'express' from '/Users/marcela-dev/Projects/motherboard-systems-hq-clean/server/routes/matilda-reconciled-intent-route.ts'. ========
Resolution for module 'express' was found in cache from location '/Users/marcela-dev/Projects/motherboard-systems-hq-clean/server/routes'.
======== Module name 'express' was successfully resolved to '/Users/marcela-dev/Projects/motherboard-systems-hq-clean/node_modules/@types/express/index.d.ts' with Package ID '@types/express/index.d.ts@5.0.6'. ========
======== Resolving module '../../db/matilda-reconciled-intent-runtime.js' from '/Users/marcela-dev/Projects/motherboard-systems-hq-clean/server/routes/matilda-reconciled-intent-route.ts'. ========
Explicitly specified module resolution kind: 'Node10'.
Loading module as file / folder, candidate module location '/Users/marcela-dev/Projects/motherboard-systems-hq-clean/db/matilda-reconciled-intent-runtime.js', target file types: TypeScript, Declaration.
File name '/Users/marcela-dev/Projects/motherboard-systems-hq-clean/db/matilda-reconciled-intent-runtime.js' has a '.js' extension - stripping it.
File '/Users/marcela-dev/Projects/motherboard-systems-hq-clean/db/matilda-reconciled-intent-runtime.ts' exists - use it as a name resolution result.
======== Module name '../../db/matilda-reconciled-intent-runtime.js' was successfully resolved to '/Users/marcela-dev/Projects/motherboard-systems-hq-clean/db/matilda-reconciled-intent-runtime.ts'. ========
======== Resolving module 'express' from '/Users/marcela-dev/Projects/motherboard-systems-hq-clean/server/routes/matilda-routing-route.ts'. ========
Resolution for module 'express' was found in cache from location '/Users/marcela-dev/Projects/motherboard-systems-hq-clean/server/routes'.
======== Module name 'express' was successfully resolved to '/Users/marcela-dev/Projects/motherboard-systems-hq-clean/node_modules/@types/express/index.d.ts' with Package ID '@types/express/index.d.ts@5.0.6'. ========
======== Resolving module '../../db/matilda-routing-runtime.js' from '/Users/marcela-dev/Projects/motherboard-systems-hq-clean/server/routes/matilda-routing-route.ts'. ========
Explicitly specified module resolution kind: 'Node10'.
Loading module as file / folder, candidate module location '/Users/marcela-dev/Projects/motherboard-systems-hq-clean/db/matilda-routing-runtime.js', target file types: TypeScript, Declaration.
File name '/Users/marcela-dev/Projects/motherboard-systems-hq-clean/db/matilda-routing-runtime.js' has a '.js' extension - stripping it.
File '/Users/marcela-dev/Projects/motherboard-systems-hq-clean/db/matilda-routing-runtime.ts' exists - use it as a name resolution result.
======== Module name '../../db/matilda-routing-runtime.js' was successfully resolved to '/Users/marcela-dev/Projects/motherboard-systems-hq-clean/db/matilda-routing-runtime.ts'. ========
======== Resolving module 'express' from '/Users/marcela-dev/Projects/motherboard-systems-hq-clean/routes/agentsStatus.ts'. ========
Explicitly specified module resolution kind: 'Node10'.
'baseUrl' option is set to '/Users/marcela-dev/Projects/motherboard-systems-hq-clean', using this value to resolve non-relative module name 'express'.
Resolving module name 'express' relative to base url '/Users/marcela-dev/Projects/motherboard-systems-hq-clean' - '/Users/marcela-dev/Projects/motherboard-systems-hq-clean/express'.
Loading module as file / folder, candidate module location '/Users/marcela-dev/Projects/motherboard-systems-hq-clean/express', target file types: TypeScript, Declaration.
File '/Users/marcela-dev/Projects/motherboard-systems-hq-clean/express.ts' does not exist.
File '/Users/marcela-dev/Projects/motherboard-systems-hq-clean/express.tsx' does not exist.
File '/Users/marcela-dev/Projects/motherboard-systems-hq-clean/express.d.ts' does not exist.
Directory '/Users/marcela-dev/Projects/motherboard-systems-hq-clean/express' does not exist, skipping all lookups in it.
Loading module 'express' from 'node_modules' folder, target file types: TypeScript, Declaration.
Searching all ancestor node_modules directories for preferred extensions: TypeScript, Declaration.
Directory '/Users/marcela-dev/Projects/motherboard-systems-hq-clean/routes/node_modules' does not exist, skipping all lookups in it.
Resolution for module 'express' was found in cache from location '/Users/marcela-dev/Projects/motherboard-systems-hq-clean'.
======== Module name 'express' was successfully resolved to '/Users/marcela-dev/Projects/motherboard-systems-hq-clean/node_modules/@types/express/index.d.ts' with Package ID '@types/express/index.d.ts@5.0.6'. ========
======== Resolving module 'express' from '/Users/marcela-dev/Projects/motherboard-systems-hq-clean/routes/api-chat.ts'. ========
Resolution for module 'express' was found in cache from location '/Users/marcela-dev/Projects/motherboard-systems-hq-clean/routes'.
======== Module name 'express' was successfully resolved to '/Users/marcela-dev/Projects/motherboard-systems-hq-clean/node_modules/@types/express/index.d.ts' with Package ID '@types/express/index.d.ts@5.0.6'. ========
======== Resolving module '../matilda-chat-stub.js' from '/Users/marcela-dev/Projects/motherboard-systems-hq-clean/routes/api-chat.ts'. ========
Explicitly specified module resolution kind: 'Node10'.
Loading module as file / folder, candidate module location '/Users/marcela-dev/Projects/motherboard-systems-hq-clean/matilda-chat-stub.js', target file types: TypeScript, Declaration.
File name '/Users/marcela-dev/Projects/motherboard-systems-hq-clean/matilda-chat-stub.js' has a '.js' extension - stripping it.
File '/Users/marcela-dev/Projects/motherboard-systems-hq-clean/matilda-chat-stub.ts' exists - use it as a name resolution result.
======== Module name '../matilda-chat-stub.js' was successfully resolved to '/Users/marcela-dev/Projects/motherboard-systems-hq-clean/matilda-chat-stub.ts'. ========
======== Resolving module '../db/matilda-chat-draft-integration.js' from '/Users/marcela-dev/Projects/motherboard-systems-hq-clean/routes/api-chat.ts'. ========
Explicitly specified module resolution kind: 'Node10'.
Loading module as file / folder, candidate module location '/Users/marcela-dev/Projects/motherboard-systems-hq-clean/db/matilda-chat-draft-integration.js', target file types: TypeScript, Declaration.
File name '/Users/marcela-dev/Projects/motherboard-systems-hq-clean/db/matilda-chat-draft-integration.js' has a '.js' extension - stripping it.
File '/Users/marcela-dev/Projects/motherboard-systems-hq-clean/db/matilda-chat-draft-integration.ts' exists - use it as a name resolution result.
======== Module name '../db/matilda-chat-draft-integration.js' was successfully resolved to '/Users/marcela-dev/Projects/motherboard-systems-hq-clean/db/matilda-chat-draft-integration.ts'. ========
======== Resolving module './db/matilda-interpretation-runtime' from '/Users/marcela-dev/Projects/motherboard-systems-hq-clean/matilda-chat-stub.ts'. ========
Explicitly specified module resolution kind: 'Node10'.
Loading module as file / folder, candidate module location '/Users/marcela-dev/Projects/motherboard-systems-hq-clean/db/matilda-interpretation-runtime', target file types: TypeScript, Declaration.
File '/Users/marcela-dev/Projects/motherboard-systems-hq-clean/db/matilda-interpretation-runtime.ts' exists - use it as a name resolution result.
======== Module name './db/matilda-interpretation-runtime' was successfully resolved to '/Users/marcela-dev/Projects/motherboard-systems-hq-clean/db/matilda-interpretation-runtime.ts'. ========
======== Resolving module 'express' from '/Users/marcela-dev/Projects/motherboard-systems-hq-clean/routes/cade.ts'. ========
Resolution for module 'express' was found in cache from location '/Users/marcela-dev/Projects/motherboard-systems-hq-clean/routes'.
======== Module name 'express' was successfully resolved to '/Users/marcela-dev/Projects/motherboard-systems-hq-clean/node_modules/@types/express/index.d.ts' with Package ID '@types/express/index.d.ts@5.0.6'. ========
======== Resolving module 'express' from '/Users/marcela-dev/Projects/motherboard-systems-hq-clean/routes/delegate.ts'. ========
Resolution for module 'express' was found in cache from location '/Users/marcela-dev/Projects/motherboard-systems-hq-clean/routes'.
======== Module name 'express' was successfully resolved to '/Users/marcela-dev/Projects/motherboard-systems-hq-clean/node_modules/@types/express/index.d.ts' with Package ID '@types/express/index.d.ts@5.0.6'. ========
======== Resolving module '../scripts/agents/cade-create-webpage.js' from '/Users/marcela-dev/Projects/motherboard-systems-hq-clean/routes/delegate.ts'. ========
Explicitly specified module resolution kind: 'Node10'.
Loading module as file / folder, candidate module location '/Users/marcela-dev/Projects/motherboard-systems-hq-clean/scripts/agents/cade-create-webpage.js', target file types: TypeScript, Declaration.
File name '/Users/marcela-dev/Projects/motherboard-systems-hq-clean/scripts/agents/cade-create-webpage.js' has a '.js' extension - stripping it.
File '/Users/marcela-dev/Projects/motherboard-systems-hq-clean/scripts/agents/cade-create-webpage.ts' exists - use it as a name resolution result.
======== Module name '../scripts/agents/cade-create-webpage.js' was successfully resolved to '/Users/marcela-dev/Projects/motherboard-systems-hq-clean/scripts/agents/cade-create-webpage.ts'. ========
======== Resolving module 'fs' from '/Users/marcela-dev/Projects/motherboard-systems-hq-clean/scripts/agents/cade-create-webpage.ts'. ========
Explicitly specified module resolution kind: 'Node10'.
'baseUrl' option is set to '/Users/marcela-dev/Projects/motherboard-systems-hq-clean', using this value to resolve non-relative module name 'fs'.
Resolving module name 'fs' relative to base url '/Users/marcela-dev/Projects/motherboard-systems-hq-clean' - '/Users/marcela-dev/Projects/motherboard-systems-hq-clean/fs'.
Loading module as file / folder, candidate module location '/Users/marcela-dev/Projects/motherboard-systems-hq-clean/fs', target file types: TypeScript, Declaration.
File '/Users/marcela-dev/Projects/motherboard-systems-hq-clean/fs.ts' does not exist.
File '/Users/marcela-dev/Projects/motherboard-systems-hq-clean/fs.tsx' does not exist.
File '/Users/marcela-dev/Projects/motherboard-systems-hq-clean/fs.d.ts' does not exist.
Directory '/Users/marcela-dev/Projects/motherboard-systems-hq-clean/fs' does not exist, skipping all lookups in it.
Loading module 'fs' from 'node_modules' folder, target file types: TypeScript, Declaration.
Searching all ancestor node_modules directories for preferred extensions: TypeScript, Declaration.
Directory '/Users/marcela-dev/Projects/motherboard-systems-hq-clean/scripts/agents/node_modules' does not exist, skipping all lookups in it.
Directory '/Users/marcela-dev/Projects/motherboard-systems-hq-clean/scripts/node_modules' does not exist, skipping all lookups in it.
Resolution for module 'fs' was found in cache from location '/Users/marcela-dev/Projects/motherboard-systems-hq-clean'.
======== Module name 'fs' was not resolved. ========
======== Resolving module 'path' from '/Users/marcela-dev/Projects/motherboard-systems-hq-clean/scripts/agents/cade-create-webpage.ts'. ========
Explicitly specified module resolution kind: 'Node10'.
'baseUrl' option is set to '/Users/marcela-dev/Projects/motherboard-systems-hq-clean', using this value to resolve non-relative module name 'path'.
Resolving module name 'path' relative to base url '/Users/marcela-dev/Projects/motherboard-systems-hq-clean' - '/Users/marcela-dev/Projects/motherboard-systems-hq-clean/path'.
Loading module as file / folder, candidate module location '/Users/marcela-dev/Projects/motherboard-systems-hq-clean/path', target file types: TypeScript, Declaration.
File '/Users/marcela-dev/Projects/motherboard-systems-hq-clean/path.ts' does not exist.
File '/Users/marcela-dev/Projects/motherboard-systems-hq-clean/path.tsx' does not exist.
File '/Users/marcela-dev/Projects/motherboard-systems-hq-clean/path.d.ts' does not exist.
Directory '/Users/marcela-dev/Projects/motherboard-systems-hq-clean/path' does not exist, skipping all lookups in it.
Loading module 'path' from 'node_modules' folder, target file types: TypeScript, Declaration.
Searching all ancestor node_modules directories for preferred extensions: TypeScript, Declaration.
Directory '/Users/marcela-dev/Projects/motherboard-systems-hq-clean/scripts/agents/node_modules' does not exist, skipping all lookups in it.
Directory '/Users/marcela-dev/Projects/motherboard-systems-hq-clean/scripts/node_modules' does not exist, skipping all lookups in it.
Resolution for module 'path' was found in cache from location '/Users/marcela-dev/Projects/motherboard-systems-hq-clean'.
======== Module name 'path' was not resolved. ========
======== Resolving module 'express' from '/Users/marcela-dev/Projects/motherboard-systems-hq-clean/routes/delegations-result-stub.ts'. ========
Resolution for module 'express' was found in cache from location '/Users/marcela-dev/Projects/motherboard-systems-hq-clean/routes'.
======== Module name 'express' was successfully resolved to '/Users/marcela-dev/Projects/motherboard-systems-hq-clean/node_modules/@types/express/index.d.ts' with Package ID '@types/express/index.d.ts@5.0.6'. ========
======== Resolving module 'express' from '/Users/marcela-dev/Projects/motherboard-systems-hq-clean/routes/delegations.ts'. ========
Resolution for module 'express' was found in cache from location '/Users/marcela-dev/Projects/motherboard-systems-hq-clean/routes'.
======== Module name 'express' was successfully resolved to '/Users/marcela-dev/Projects/motherboard-systems-hq-clean/node_modules/@types/express/index.d.ts' with Package ID '@types/express/index.d.ts@5.0.6'. ========
======== Resolving module 'express' from '/Users/marcela-dev/Projects/motherboard-systems-hq-clean/routes/eventsAgents.ts'. ========
Resolution for module 'express' was found in cache from location '/Users/marcela-dev/Projects/motherboard-systems-hq-clean/routes'.
======== Module name 'express' was successfully resolved to '/Users/marcela-dev/Projects/motherboard-systems-hq-clean/node_modules/@types/express/index.d.ts' with Package ID '@types/express/index.d.ts@5.0.6'. ========
======== Resolving module 'express' from '/Users/marcela-dev/Projects/motherboard-systems-hq-clean/routes/logs.ts'. ========
Resolution for module 'express' was found in cache from location '/Users/marcela-dev/Projects/motherboard-systems-hq-clean/routes'.
======== Module name 'express' was successfully resolved to '/Users/marcela-dev/Projects/motherboard-systems-hq-clean/node_modules/@types/express/index.d.ts' with Package ID '@types/express/index.d.ts@5.0.6'. ========
======== Resolving module 'express' from '/Users/marcela-dev/Projects/motherboard-systems-hq-clean/routes/matilda.ts'. ========
Resolution for module 'express' was found in cache from location '/Users/marcela-dev/Projects/motherboard-systems-hq-clean/routes'.
======== Module name 'express' was successfully resolved to '/Users/marcela-dev/Projects/motherboard-systems-hq-clean/node_modules/@types/express/index.d.ts' with Package ID '@types/express/index.d.ts@5.0.6'. ========
======== Resolving module '../scripts/utils/ollamaChat.js' from '/Users/marcela-dev/Projects/motherboard-systems-hq-clean/routes/matilda.ts'. ========
Explicitly specified module resolution kind: 'Node10'.
Loading module as file / folder, candidate module location '/Users/marcela-dev/Projects/motherboard-systems-hq-clean/scripts/utils/ollamaChat.js', target file types: TypeScript, Declaration.
File name '/Users/marcela-dev/Projects/motherboard-systems-hq-clean/scripts/utils/ollamaChat.js' has a '.js' extension - stripping it.
File '/Users/marcela-dev/Projects/motherboard-systems-hq-clean/scripts/utils/ollamaChat.ts' exists - use it as a name resolution result.
======== Module name '../scripts/utils/ollamaChat.js' was successfully resolved to '/Users/marcela-dev/Projects/motherboard-systems-hq-clean/scripts/utils/ollamaChat.ts'. ========
======== Resolving module 'express' from '/Users/marcela-dev/Projects/motherboard-systems-hq-clean/routes/reflections.ts'. ========
Resolution for module 'express' was found in cache from location '/Users/marcela-dev/Projects/motherboard-systems-hq-clean/routes'.
======== Module name 'express' was successfully resolved to '/Users/marcela-dev/Projects/motherboard-systems-hq-clean/node_modules/@types/express/index.d.ts' with Package ID '@types/express/index.d.ts@5.0.6'. ========
======== Resolving module 'express' from '/Users/marcela-dev/Projects/motherboard-systems-hq-clean/routes/reset.ts'. ========
Resolution for module 'express' was found in cache from location '/Users/marcela-dev/Projects/motherboard-systems-hq-clean/routes'.
======== Module name 'express' was successfully resolved to '/Users/marcela-dev/Projects/motherboard-systems-hq-clean/node_modules/@types/express/index.d.ts' with Package ID '@types/express/index.d.ts@5.0.6'. ========
======== Resolving module '../scripts/reset-roundtrip.js' from '/Users/marcela-dev/Projects/motherboard-systems-hq-clean/routes/reset.ts'. ========
Explicitly specified module resolution kind: 'Node10'.
Loading module as file / folder, candidate module location '/Users/marcela-dev/Projects/motherboard-systems-hq-clean/scripts/reset-roundtrip.js', target file types: TypeScript, Declaration.
File name '/Users/marcela-dev/Projects/motherboard-systems-hq-clean/scripts/reset-roundtrip.js' has a '.js' extension - stripping it.
File '/Users/marcela-dev/Projects/motherboard-systems-hq-clean/scripts/reset-roundtrip.ts' exists - use it as a name resolution result.
======== Module name '../scripts/reset-roundtrip.js' was successfully resolved to '/Users/marcela-dev/Projects/motherboard-systems-hq-clean/scripts/reset-roundtrip.ts'. ========
======== Resolving module 'url' from '/Users/marcela-dev/Projects/motherboard-systems-hq-clean/scripts/reset-roundtrip.ts'. ========
Explicitly specified module resolution kind: 'Node10'.
'baseUrl' option is set to '/Users/marcela-dev/Projects/motherboard-systems-hq-clean', using this value to resolve non-relative module name 'url'.
Resolving module name 'url' relative to base url '/Users/marcela-dev/Projects/motherboard-systems-hq-clean' - '/Users/marcela-dev/Projects/motherboard-systems-hq-clean/url'.
Loading module as file / folder, candidate module location '/Users/marcela-dev/Projects/motherboard-systems-hq-clean/url', target file types: TypeScript, Declaration.
File '/Users/marcela-dev/Projects/motherboard-systems-hq-clean/url.ts' does not exist.
File '/Users/marcela-dev/Projects/motherboard-systems-hq-clean/url.tsx' does not exist.
File '/Users/marcela-dev/Projects/motherboard-systems-hq-clean/url.d.ts' does not exist.
Directory '/Users/marcela-dev/Projects/motherboard-systems-hq-clean/url' does not exist, skipping all lookups in it.
Loading module 'url' from 'node_modules' folder, target file types: TypeScript, Declaration.
Searching all ancestor node_modules directories for preferred extensions: TypeScript, Declaration.
Directory '/Users/marcela-dev/Projects/motherboard-systems-hq-clean/scripts/node_modules' does not exist, skipping all lookups in it.
Resolution for module 'url' was found in cache from location '/Users/marcela-dev/Projects/motherboard-systems-hq-clean'.
======== Module name 'url' was not resolved. ========
======== Resolving module 'path' from '/Users/marcela-dev/Projects/motherboard-systems-hq-clean/scripts/reset-roundtrip.ts'. ========
Explicitly specified module resolution kind: 'Node10'.
'baseUrl' option is set to '/Users/marcela-dev/Projects/motherboard-systems-hq-clean', using this value to resolve non-relative module name 'path'.
Resolving module name 'path' relative to base url '/Users/marcela-dev/Projects/motherboard-systems-hq-clean' - '/Users/marcela-dev/Projects/motherboard-systems-hq-clean/path'.
Loading module as file / folder, candidate module location '/Users/marcela-dev/Projects/motherboard-systems-hq-clean/path', target file types: TypeScript, Declaration.
File '/Users/marcela-dev/Projects/motherboard-systems-hq-clean/path.ts' does not exist.
File '/Users/marcela-dev/Projects/motherboard-systems-hq-clean/path.tsx' does not exist.
File '/Users/marcela-dev/Projects/motherboard-systems-hq-clean/path.d.ts' does not exist.
Directory '/Users/marcela-dev/Projects/motherboard-systems-hq-clean/path' does not exist, skipping all lookups in it.
Loading module 'path' from 'node_modules' folder, target file types: TypeScript, Declaration.
Searching all ancestor node_modules directories for preferred extensions: TypeScript, Declaration.
Resolution for module 'path' was found in cache from location '/Users/marcela-dev/Projects/motherboard-systems-hq-clean/scripts'.
======== Module name 'path' was not resolved. ========
======== Resolving module 'express' from '/Users/marcela-dev/Projects/motherboard-systems-hq-clean/routes/tasks.ts'. ========
Resolution for module 'express' was found in cache from location '/Users/marcela-dev/Projects/motherboard-systems-hq-clean/routes'.
======== Module name 'express' was successfully resolved to '/Users/marcela-dev/Projects/motherboard-systems-hq-clean/node_modules/@types/express/index.d.ts' with Package ID '@types/express/index.d.ts@5.0.6'. ========
======== Resolving module 'express' from '/Users/marcela-dev/Projects/motherboard-systems-hq-clean/routes/api/delegate.ts'. ========
Explicitly specified module resolution kind: 'Node10'.
'baseUrl' option is set to '/Users/marcela-dev/Projects/motherboard-systems-hq-clean', using this value to resolve non-relative module name 'express'.
Resolving module name 'express' relative to base url '/Users/marcela-dev/Projects/motherboard-systems-hq-clean' - '/Users/marcela-dev/Projects/motherboard-systems-hq-clean/express'.
Loading module as file / folder, candidate module location '/Users/marcela-dev/Projects/motherboard-systems-hq-clean/express', target file types: TypeScript, Declaration.
File '/Users/marcela-dev/Projects/motherboard-systems-hq-clean/express.ts' does not exist.
File '/Users/marcela-dev/Projects/motherboard-systems-hq-clean/express.tsx' does not exist.
File '/Users/marcela-dev/Projects/motherboard-systems-hq-clean/express.d.ts' does not exist.
Directory '/Users/marcela-dev/Projects/motherboard-systems-hq-clean/express' does not exist, skipping all lookups in it.
Loading module 'express' from 'node_modules' folder, target file types: TypeScript, Declaration.
Searching all ancestor node_modules directories for preferred extensions: TypeScript, Declaration.
Directory '/Users/marcela-dev/Projects/motherboard-systems-hq-clean/routes/api/node_modules' does not exist, skipping all lookups in it.
Resolution for module 'express' was found in cache from location '/Users/marcela-dev/Projects/motherboard-systems-hq-clean/routes'.
======== Module name 'express' was successfully resolved to '/Users/marcela-dev/Projects/motherboard-systems-hq-clean/node_modules/@types/express/index.d.ts' with Package ID '@types/express/index.d.ts@5.0.6'. ========
======== Resolving module 'express' from '/Users/marcela-dev/Projects/motherboard-systems-hq-clean/routes/api/logs.ts'. ========
Resolution for module 'express' was found in cache from location '/Users/marcela-dev/Projects/motherboard-systems-hq-clean/routes/api'.
======== Module name 'express' was successfully resolved to '/Users/marcela-dev/Projects/motherboard-systems-hq-clean/node_modules/@types/express/index.d.ts' with Package ID '@types/express/index.d.ts@5.0.6'. ========
======== Resolving module 'express' from '/Users/marcela-dev/Projects/motherboard-systems-hq-clean/routes/api/tasks.ts'. ========
Resolution for module 'express' was found in cache from location '/Users/marcela-dev/Projects/motherboard-systems-hq-clean/routes/api'.
======== Module name 'express' was successfully resolved to '/Users/marcela-dev/Projects/motherboard-systems-hq-clean/node_modules/@types/express/index.d.ts' with Package ID '@types/express/index.d.ts@5.0.6'. ========
======== Resolving module 'express' from '/Users/marcela-dev/Projects/motherboard-systems-hq-clean/routes/diagnostics/autonomicAdaptation.ts'. ========
Explicitly specified module resolution kind: 'Node10'.
'baseUrl' option is set to '/Users/marcela-dev/Projects/motherboard-systems-hq-clean', using this value to resolve non-relative module name 'express'.
Resolving module name 'express' relative to base url '/Users/marcela-dev/Projects/motherboard-systems-hq-clean' - '/Users/marcela-dev/Projects/motherboard-systems-hq-clean/express'.
Loading module as file / folder, candidate module location '/Users/marcela-dev/Projects/motherboard-systems-hq-clean/express', target file types: TypeScript, Declaration.
File '/Users/marcela-dev/Projects/motherboard-systems-hq-clean/express.ts' does not exist.
File '/Users/marcela-dev/Projects/motherboard-systems-hq-clean/express.tsx' does not exist.
File '/Users/marcela-dev/Projects/motherboard-systems-hq-clean/express.d.ts' does not exist.
Directory '/Users/marcela-dev/Projects/motherboard-systems-hq-clean/express' does not exist, skipping all lookups in it.
Loading module 'express' from 'node_modules' folder, target file types: TypeScript, Declaration.
Searching all ancestor node_modules directories for preferred extensions: TypeScript, Declaration.
Directory '/Users/marcela-dev/Projects/motherboard-systems-hq-clean/routes/diagnostics/node_modules' does not exist, skipping all lookups in it.
Resolution for module 'express' was found in cache from location '/Users/marcela-dev/Projects/motherboard-systems-hq-clean/routes'.
======== Module name 'express' was successfully resolved to '/Users/marcela-dev/Projects/motherboard-systems-hq-clean/node_modules/@types/express/index.d.ts' with Package ID '@types/express/index.d.ts@5.0.6'. ========
======== Resolving module 'express' from '/Users/marcela-dev/Projects/motherboard-systems-hq-clean/routes/diagnostics/introspectiveSim.ts'. ========
Resolution for module 'express' was found in cache from location '/Users/marcela-dev/Projects/motherboard-systems-hq-clean/routes/diagnostics'.
======== Module name 'express' was successfully resolved to '/Users/marcela-dev/Projects/motherboard-systems-hq-clean/node_modules/@types/express/index.d.ts' with Package ID '@types/express/index.d.ts@5.0.6'. ========
======== Resolving module 'express' from '/Users/marcela-dev/Projects/motherboard-systems-hq-clean/routes/diagnostics/persistentInsight.ts'. ========
Resolution for module 'express' was found in cache from location '/Users/marcela-dev/Projects/motherboard-systems-hq-clean/routes/diagnostics'.
======== Module name 'express' was successfully resolved to '/Users/marcela-dev/Projects/motherboard-systems-hq-clean/node_modules/@types/express/index.d.ts' with Package ID '@types/express/index.d.ts@5.0.6'. ========
======== Resolving module 'express' from '/Users/marcela-dev/Projects/motherboard-systems-hq-clean/routes/diagnostics/systemChronicle.ts'. ========
Resolution for module 'express' was found in cache from location '/Users/marcela-dev/Projects/motherboard-systems-hq-clean/routes/diagnostics'.
======== Module name 'express' was successfully resolved to '/Users/marcela-dev/Projects/motherboard-systems-hq-clean/node_modules/@types/express/index.d.ts' with Package ID '@types/express/index.d.ts@5.0.6'. ========
======== Resolving module 'express' from '/Users/marcela-dev/Projects/motherboard-systems-hq-clean/routes/diagnostics/systemHealth.fix.ts'. ========
Resolution for module 'express' was found in cache from location '/Users/marcela-dev/Projects/motherboard-systems-hq-clean/routes/diagnostics'.
======== Module name 'express' was successfully resolved to '/Users/marcela-dev/Projects/motherboard-systems-hq-clean/node_modules/@types/express/index.d.ts' with Package ID '@types/express/index.d.ts@5.0.6'. ========
======== Resolving module 'express' from '/Users/marcela-dev/Projects/motherboard-systems-hq-clean/routes/diagnostics/systemHealth.js.route.smoke.ts'. ========
Resolution for module 'express' was found in cache from location '/Users/marcela-dev/Projects/motherboard-systems-hq-clean/routes/diagnostics'.
======== Module name 'express' was successfully resolved to '/Users/marcela-dev/Projects/motherboard-systems-hq-clean/node_modules/@types/express/index.d.ts' with Package ID '@types/express/index.d.ts@5.0.6'. ========
======== Resolving module './systemHealth' from '/Users/marcela-dev/Projects/motherboard-systems-hq-clean/routes/diagnostics/systemHealth.js.route.smoke.ts'. ========
Explicitly specified module resolution kind: 'Node10'.
Loading module as file / folder, candidate module location '/Users/marcela-dev/Projects/motherboard-systems-hq-clean/routes/diagnostics/systemHealth', target file types: TypeScript, Declaration.
File '/Users/marcela-dev/Projects/motherboard-systems-hq-clean/routes/diagnostics/systemHealth.ts' exists - use it as a name resolution result.
======== Module name './systemHealth' was successfully resolved to '/Users/marcela-dev/Projects/motherboard-systems-hq-clean/routes/diagnostics/systemHealth.ts'. ========
======== Resolving module 'express' from '/Users/marcela-dev/Projects/motherboard-systems-hq-clean/routes/diagnostics/systemHealth.ts'. ========
Resolution for module 'express' was found in cache from location '/Users/marcela-dev/Projects/motherboard-systems-hq-clean/routes/diagnostics'.
======== Module name 'express' was successfully resolved to '/Users/marcela-dev/Projects/motherboard-systems-hq-clean/node_modules/@types/express/index.d.ts' with Package ID '@types/express/index.d.ts@5.0.6'. ========
======== Resolving module 'express' from '/Users/marcela-dev/Projects/motherboard-systems-hq-clean/routes/diagnostics/systemHealth.route.smoke.ts'. ========
Resolution for module 'express' was found in cache from location '/Users/marcela-dev/Projects/motherboard-systems-hq-clean/routes/diagnostics'.
======== Module name 'express' was successfully resolved to '/Users/marcela-dev/Projects/motherboard-systems-hq-clean/node_modules/@types/express/index.d.ts' with Package ID '@types/express/index.d.ts@5.0.6'. ========
======== Resolving module './systemHealth' from '/Users/marcela-dev/Projects/motherboard-systems-hq-clean/routes/diagnostics/systemHealth.route.smoke.ts'. ========
Resolution for module './systemHealth' was found in cache from location '/Users/marcela-dev/Projects/motherboard-systems-hq-clean/routes/diagnostics'.
======== Module name './systemHealth' was successfully resolved to '/Users/marcela-dev/Projects/motherboard-systems-hq-clean/routes/diagnostics/systemHealth.ts'. ========
======== Resolving module 'express' from '/Users/marcela-dev/Projects/motherboard-systems-hq-clean/routes/diagnostics/systemHealthSituationSummary.smoke.ts'. ========
Resolution for module 'express' was found in cache from location '/Users/marcela-dev/Projects/motherboard-systems-hq-clean/routes/diagnostics'.
======== Module name 'express' was successfully resolved to '/Users/marcela-dev/Projects/motherboard-systems-hq-clean/node_modules/@types/express/index.d.ts' with Package ID '@types/express/index.d.ts@5.0.6'. ========
======== Resolving module './systemHealthSituationSummary' from '/Users/marcela-dev/Projects/motherboard-systems-hq-clean/routes/diagnostics/systemHealthSituationSummary.smoke.ts'. ========
Explicitly specified module resolution kind: 'Node10'.
Loading module as file / folder, candidate module location '/Users/marcela-dev/Projects/motherboard-systems-hq-clean/routes/diagnostics/systemHealthSituationSummary', target file types: TypeScript, Declaration.
File '/Users/marcela-dev/Projects/motherboard-systems-hq-clean/routes/diagnostics/systemHealthSituationSummary.ts' exists - use it as a name resolution result.
======== Module name './systemHealthSituationSummary' was successfully resolved to '/Users/marcela-dev/Projects/motherboard-systems-hq-clean/routes/diagnostics/systemHealthSituationSummary.ts'. ========
======== Resolving module '../../src/cognition' from '/Users/marcela-dev/Projects/motherboard-systems-hq-clean/routes/diagnostics/systemHealthSituationSummary.ts'. ========
Explicitly specified module resolution kind: 'Node10'.
Loading module as file / folder, candidate module location '/Users/marcela-dev/Projects/motherboard-systems-hq-clean/src/cognition', target file types: TypeScript, Declaration.
File '/Users/marcela-dev/Projects/motherboard-systems-hq-clean/src/cognition.ts' does not exist.
File '/Users/marcela-dev/Projects/motherboard-systems-hq-clean/src/cognition.tsx' does not exist.
File '/Users/marcela-dev/Projects/motherboard-systems-hq-clean/src/cognition.d.ts' does not exist.
File '/Users/marcela-dev/Projects/motherboard-systems-hq-clean/src/cognition/package.json' does not exist.
File '/Users/marcela-dev/Projects/motherboard-systems-hq-clean/src/cognition/index.ts' exists - use it as a name resolution result.
======== Module name '../../src/cognition' was successfully resolved to '/Users/marcela-dev/Projects/motherboard-systems-hq-clean/src/cognition/index.ts'. ========
======== Resolving module 'better-sqlite3' from '/Users/marcela-dev/Projects/motherboard-systems-hq-clean/types/custom-any.d.ts'. ========
Explicitly specified module resolution kind: 'Node10'.
'baseUrl' option is set to '/Users/marcela-dev/Projects/motherboard-systems-hq-clean', using this value to resolve non-relative module name 'better-sqlite3'.
Resolving module name 'better-sqlite3' relative to base url '/Users/marcela-dev/Projects/motherboard-systems-hq-clean' - '/Users/marcela-dev/Projects/motherboard-systems-hq-clean/better-sqlite3'.
Loading module as file / folder, candidate module location '/Users/marcela-dev/Projects/motherboard-systems-hq-clean/better-sqlite3', target file types: TypeScript, Declaration.
File '/Users/marcela-dev/Projects/motherboard-systems-hq-clean/better-sqlite3.ts' does not exist.
File '/Users/marcela-dev/Projects/motherboard-systems-hq-clean/better-sqlite3.tsx' does not exist.
File '/Users/marcela-dev/Projects/motherboard-systems-hq-clean/better-sqlite3.d.ts' does not exist.
Directory '/Users/marcela-dev/Projects/motherboard-systems-hq-clean/better-sqlite3' does not exist, skipping all lookups in it.
Loading module 'better-sqlite3' from 'node_modules' folder, target file types: TypeScript, Declaration.
Searching all ancestor node_modules directories for preferred extensions: TypeScript, Declaration.
Directory '/Users/marcela-dev/Projects/motherboard-systems-hq-clean/types/node_modules' does not exist, skipping all lookups in it.
Resolution for module 'better-sqlite3' was found in cache from location '/Users/marcela-dev/Projects/motherboard-systems-hq-clean'.
======== Module name 'better-sqlite3' was successfully resolved to '/Users/marcela-dev/Projects/motherboard-systems-hq-clean/node_modules/better-sqlite3/lib/index.js' with Package ID 'better-sqlite3/lib/index.js@12.11.1'. ========
======== Resolving module 'better-sqlite3' from '/Users/marcela-dev/Projects/motherboard-systems-hq-clean/types/custom.d.ts'. ========
Resolution for module 'better-sqlite3' was found in cache from location '/Users/marcela-dev/Projects/motherboard-systems-hq-clean/types'.
======== Module name 'better-sqlite3' was successfully resolved to '/Users/marcela-dev/Projects/motherboard-systems-hq-clean/node_modules/better-sqlite3/lib/index.js' with Package ID 'better-sqlite3/lib/index.js@12.11.1'. ========
======== Resolving module 'express' from '/Users/marcela-dev/Projects/motherboard-systems-hq-clean/types/express-override.d.ts'. ========
Explicitly specified module resolution kind: 'Node10'.
'baseUrl' option is set to '/Users/marcela-dev/Projects/motherboard-systems-hq-clean', using this value to resolve non-relative module name 'express'.
Resolving module name 'express' relative to base url '/Users/marcela-dev/Projects/motherboard-systems-hq-clean' - '/Users/marcela-dev/Projects/motherboard-systems-hq-clean/express'.
Loading module as file / folder, candidate module location '/Users/marcela-dev/Projects/motherboard-systems-hq-clean/express', target file types: TypeScript, Declaration.
File '/Users/marcela-dev/Projects/motherboard-systems-hq-clean/express.ts' does not exist.
File '/Users/marcela-dev/Projects/motherboard-systems-hq-clean/express.tsx' does not exist.
File '/Users/marcela-dev/Projects/motherboard-systems-hq-clean/express.d.ts' does not exist.
Directory '/Users/marcela-dev/Projects/motherboard-systems-hq-clean/express' does not exist, skipping all lookups in it.
Loading module 'express' from 'node_modules' folder, target file types: TypeScript, Declaration.
Searching all ancestor node_modules directories for preferred extensions: TypeScript, Declaration.
Directory '/Users/marcela-dev/Projects/motherboard-systems-hq-clean/types/node_modules' does not exist, skipping all lookups in it.
Resolution for module 'express' was found in cache from location '/Users/marcela-dev/Projects/motherboard-systems-hq-clean'.
======== Module name 'express' was successfully resolved to '/Users/marcela-dev/Projects/motherboard-systems-hq-clean/node_modules/@types/express/index.d.ts' with Package ID '@types/express/index.d.ts@5.0.6'. ========
======== Resolving module 'express-serve-static-core' from '/Users/marcela-dev/Projects/motherboard-systems-hq-clean/types/express-override.d.ts'. ========
Explicitly specified module resolution kind: 'Node10'.
'baseUrl' option is set to '/Users/marcela-dev/Projects/motherboard-systems-hq-clean', using this value to resolve non-relative module name 'express-serve-static-core'.
Resolving module name 'express-serve-static-core' relative to base url '/Users/marcela-dev/Projects/motherboard-systems-hq-clean' - '/Users/marcela-dev/Projects/motherboard-systems-hq-clean/express-serve-static-core'.
Loading module as file / folder, candidate module location '/Users/marcela-dev/Projects/motherboard-systems-hq-clean/express-serve-static-core', target file types: TypeScript, Declaration.
File '/Users/marcela-dev/Projects/motherboard-systems-hq-clean/express-serve-static-core.ts' does not exist.
File '/Users/marcela-dev/Projects/motherboard-systems-hq-clean/express-serve-static-core.tsx' does not exist.
File '/Users/marcela-dev/Projects/motherboard-systems-hq-clean/express-serve-static-core.d.ts' does not exist.
Directory '/Users/marcela-dev/Projects/motherboard-systems-hq-clean/express-serve-static-core' does not exist, skipping all lookups in it.
Loading module 'express-serve-static-core' from 'node_modules' folder, target file types: TypeScript, Declaration.
Searching all ancestor node_modules directories for preferred extensions: TypeScript, Declaration.
Directory '/Users/marcela-dev/Projects/motherboard-systems-hq-clean/types/node_modules' does not exist, skipping all lookups in it.
File '/Users/marcela-dev/Projects/motherboard-systems-hq-clean/node_modules/express-serve-static-core.ts' does not exist.
File '/Users/marcela-dev/Projects/motherboard-systems-hq-clean/node_modules/express-serve-static-core.tsx' does not exist.
File '/Users/marcela-dev/Projects/motherboard-systems-hq-clean/node_modules/express-serve-static-core.d.ts' does not exist.
File '/Users/marcela-dev/Projects/motherboard-systems-hq-clean/node_modules/@types/express-serve-static-core/package.json' exists according to earlier cached lookups.
File '/Users/marcela-dev/Projects/motherboard-systems-hq-clean/node_modules/@types/express-serve-static-core.d.ts' does not exist.
'package.json' does not have a 'typings' field.
'package.json' has 'types' field 'index.d.ts' that references '/Users/marcela-dev/Projects/motherboard-systems-hq-clean/node_modules/@types/express-serve-static-core/index.d.ts'.
File '/Users/marcela-dev/Projects/motherboard-systems-hq-clean/node_modules/@types/express-serve-static-core/index.d.ts' exists - use it as a name resolution result.
Resolving real path for '/Users/marcela-dev/Projects/motherboard-systems-hq-clean/node_modules/@types/express-serve-static-core/index.d.ts', result '/Users/marcela-dev/Projects/motherboard-systems-hq-clean/node_modules/@types/express-serve-static-core/index.d.ts'.
======== Module name 'express-serve-static-core' was successfully resolved to '/Users/marcela-dev/Projects/motherboard-systems-hq-clean/node_modules/@types/express-serve-static-core/index.d.ts' with Package ID '@types/express-serve-static-core/index.d.ts@5.1.1'. ========
======== Resolving module 'better-sqlite3' from '/Users/marcela-dev/Projects/motherboard-systems-hq-clean/types/globals.d.ts'. ========
Resolution for module 'better-sqlite3' was found in cache from location '/Users/marcela-dev/Projects/motherboard-systems-hq-clean/types'.
======== Module name 'better-sqlite3' was successfully resolved to '/Users/marcela-dev/Projects/motherboard-systems-hq-clean/node_modules/better-sqlite3/lib/index.js' with Package ID 'better-sqlite3/lib/index.js@12.11.1'. ========
======== Resolving type reference directive 'node', containing file '/Users/marcela-dev/Projects/motherboard-systems-hq-clean/__inferred type names__.ts', root directory '/Users/marcela-dev/Projects/motherboard-systems-hq-clean/node_modules/@types,/Users/marcela-dev/Projects/node_modules/@types,/Users/marcela-dev/node_modules/@types,/Users/node_modules/@types,/node_modules/@types'. ========
Resolving with primary search path '/Users/marcela-dev/Projects/motherboard-systems-hq-clean/node_modules/@types, /Users/marcela-dev/Projects/node_modules/@types, /Users/marcela-dev/node_modules/@types, /Users/node_modules/@types, /node_modules/@types'.
File '/Users/marcela-dev/Projects/motherboard-systems-hq-clean/node_modules/@types/node/package.json' exists according to earlier cached lookups.
'package.json' does not have a 'typings' field.
'package.json' has 'types' field 'index.d.ts' that references '/Users/marcela-dev/Projects/motherboard-systems-hq-clean/node_modules/@types/node/index.d.ts'.
File '/Users/marcela-dev/Projects/motherboard-systems-hq-clean/node_modules/@types/node/index.d.ts' exists - use it as a name resolution result.
Resolving real path for '/Users/marcela-dev/Projects/motherboard-systems-hq-clean/node_modules/@types/node/index.d.ts', result '/Users/marcela-dev/Projects/motherboard-systems-hq-clean/node_modules/@types/node/index.d.ts'.
======== Type reference directive 'node' was successfully resolved to '/Users/marcela-dev/Projects/motherboard-systems-hq-clean/node_modules/@types/node/index.d.ts' with Package ID '@types/node/index.d.ts@20.19.43', primary: true. ========
======== Resolving type reference directive 'express', containing file '/Users/marcela-dev/Projects/motherboard-systems-hq-clean/__inferred type names__.ts', root directory '/Users/marcela-dev/Projects/motherboard-systems-hq-clean/node_modules/@types,/Users/marcela-dev/Projects/node_modules/@types,/Users/marcela-dev/node_modules/@types,/Users/node_modules/@types,/node_modules/@types'. ========
Resolving with primary search path '/Users/marcela-dev/Projects/motherboard-systems-hq-clean/node_modules/@types, /Users/marcela-dev/Projects/node_modules/@types, /Users/marcela-dev/node_modules/@types, /Users/node_modules/@types, /node_modules/@types'.
File '/Users/marcela-dev/Projects/motherboard-systems-hq-clean/node_modules/@types/express/package.json' exists according to earlier cached lookups.
'package.json' does not have a 'typings' field.
'package.json' has 'types' field 'index.d.ts' that references '/Users/marcela-dev/Projects/motherboard-systems-hq-clean/node_modules/@types/express/index.d.ts'.
File '/Users/marcela-dev/Projects/motherboard-systems-hq-clean/node_modules/@types/express/index.d.ts' exists - use it as a name resolution result.
Resolving real path for '/Users/marcela-dev/Projects/motherboard-systems-hq-clean/node_modules/@types/express/index.d.ts', result '/Users/marcela-dev/Projects/motherboard-systems-hq-clean/node_modules/@types/express/index.d.ts'.
======== Type reference directive 'express' was successfully resolved to '/Users/marcela-dev/Projects/motherboard-systems-hq-clean/node_modules/@types/express/index.d.ts' with Package ID '@types/express/index.d.ts@5.0.6', primary: true. ========
File '/Users/marcela-dev/Projects/motherboard-systems-hq-clean/node_modules/typescript/lib/package.json' does not exist according to earlier cached lookups.
File '/Users/marcela-dev/Projects/motherboard-systems-hq-clean/node_modules/typescript/package.json' exists according to earlier cached lookups.
======== Resolving module '@typescript/lib-es2021' from '/Users/marcela-dev/Projects/motherboard-systems-hq-clean/__lib_node_modules_lookup_lib.es2021.d.ts__.ts'. ========
Explicitly specified module resolution kind: 'Node10'.
Loading module '@typescript/lib-es2021' from 'node_modules' folder, target file types: TypeScript, Declaration.
Searching all ancestor node_modules directories for preferred extensions: TypeScript, Declaration.
Scoped package detected, looking in 'typescript__lib-es2021'
File '/Users/marcela-dev/Projects/motherboard-systems-hq-clean/node_modules/@types/typescript__lib-es2021.d.ts' does not exist.
Directory '/Users/marcela-dev/Projects/node_modules' does not exist, skipping all lookups in it.
Scoped package detected, looking in 'typescript__lib-es2021'
Scoped package detected, looking in 'typescript__lib-es2021'
File '/Users/marcela-dev/node_modules/@types/typescript__lib-es2021.d.ts' does not exist.
Directory '/Users/node_modules' does not exist, skipping all lookups in it.
Scoped package detected, looking in 'typescript__lib-es2021'
Directory '/node_modules' does not exist, skipping all lookups in it.
Scoped package detected, looking in 'typescript__lib-es2021'
Loading module '@typescript/lib-es2021' from 'node_modules' folder, target file types: JavaScript.
Searching all ancestor node_modules directories for fallback extensions: JavaScript.
Directory '/Users/marcela-dev/Projects/node_modules' does not exist, skipping all lookups in it.
Directory '/Users/node_modules' does not exist, skipping all lookups in it.
Directory '/node_modules' does not exist, skipping all lookups in it.
======== Module name '@typescript/lib-es2021' was not resolved. ========
File '/Users/marcela-dev/Projects/motherboard-systems-hq-clean/node_modules/typescript/lib/package.json' does not exist according to earlier cached lookups.
File '/Users/marcela-dev/Projects/motherboard-systems-hq-clean/node_modules/typescript/package.json' exists according to earlier cached lookups.
======== Resolving module '@typescript/lib-es2021/promise' from '/Users/marcela-dev/Projects/motherboard-systems-hq-clean/__lib_node_modules_lookup_lib.es2021.promise.d.ts__.ts'. ========
Explicitly specified module resolution kind: 'Node10'.
Loading module '@typescript/lib-es2021/promise' from 'node_modules' folder, target file types: TypeScript, Declaration.
Searching all ancestor node_modules directories for preferred extensions: TypeScript, Declaration.
Scoped package detected, looking in 'typescript__lib-es2021/promise'
Directory '/Users/marcela-dev/Projects/node_modules' does not exist, skipping all lookups in it.
Scoped package detected, looking in 'typescript__lib-es2021/promise'
Scoped package detected, looking in 'typescript__lib-es2021/promise'
Directory '/Users/node_modules' does not exist, skipping all lookups in it.
Scoped package detected, looking in 'typescript__lib-es2021/promise'
Directory '/node_modules' does not exist, skipping all lookups in it.
Scoped package detected, looking in 'typescript__lib-es2021/promise'
Loading module '@typescript/lib-es2021/promise' from 'node_modules' folder, target file types: JavaScript.
Searching all ancestor node_modules directories for fallback extensions: JavaScript.
Directory '/Users/marcela-dev/Projects/node_modules' does not exist, skipping all lookups in it.
Directory '/Users/node_modules' does not exist, skipping all lookups in it.
Directory '/node_modules' does not exist, skipping all lookups in it.
======== Module name '@typescript/lib-es2021/promise' was not resolved. ========
File '/Users/marcela-dev/Projects/motherboard-systems-hq-clean/node_modules/typescript/lib/package.json' does not exist according to earlier cached lookups.
File '/Users/marcela-dev/Projects/motherboard-systems-hq-clean/node_modules/typescript/package.json' exists according to earlier cached lookups.
======== Resolving module '@typescript/lib-es2021/string' from '/Users/marcela-dev/Projects/motherboard-systems-hq-clean/__lib_node_modules_lookup_lib.es2021.string.d.ts__.ts'. ========
Explicitly specified module resolution kind: 'Node10'.
Loading module '@typescript/lib-es2021/string' from 'node_modules' folder, target file types: TypeScript, Declaration.
Searching all ancestor node_modules directories for preferred extensions: TypeScript, Declaration.
Scoped package detected, looking in 'typescript__lib-es2021/string'
Directory '/Users/marcela-dev/Projects/node_modules' does not exist, skipping all lookups in it.
Scoped package detected, looking in 'typescript__lib-es2021/string'
Scoped package detected, looking in 'typescript__lib-es2021/string'
Directory '/Users/node_modules' does not exist, skipping all lookups in it.
Scoped package detected, looking in 'typescript__lib-es2021/string'
Directory '/node_modules' does not exist, skipping all lookups in it.
Scoped package detected, looking in 'typescript__lib-es2021/string'
Loading module '@typescript/lib-es2021/string' from 'node_modules' folder, target file types: JavaScript.
Searching all ancestor node_modules directories for fallback extensions: JavaScript.
Directory '/Users/marcela-dev/Projects/node_modules' does not exist, skipping all lookups in it.
Directory '/Users/node_modules' does not exist, skipping all lookups in it.
Directory '/node_modules' does not exist, skipping all lookups in it.
======== Module name '@typescript/lib-es2021/string' was not resolved. ========
File '/Users/marcela-dev/Projects/motherboard-systems-hq-clean/node_modules/typescript/lib/package.json' does not exist according to earlier cached lookups.
File '/Users/marcela-dev/Projects/motherboard-systems-hq-clean/node_modules/typescript/package.json' exists according to earlier cached lookups.
======== Resolving module '@typescript/lib-es2021/weakref' from '/Users/marcela-dev/Projects/motherboard-systems-hq-clean/__lib_node_modules_lookup_lib.es2021.weakref.d.ts__.ts'. ========
Explicitly specified module resolution kind: 'Node10'.
Loading module '@typescript/lib-es2021/weakref' from 'node_modules' folder, target file types: TypeScript, Declaration.
Searching all ancestor node_modules directories for preferred extensions: TypeScript, Declaration.
Scoped package detected, looking in 'typescript__lib-es2021/weakref'
Directory '/Users/marcela-dev/Projects/node_modules' does not exist, skipping all lookups in it.
Scoped package detected, looking in 'typescript__lib-es2021/weakref'
Scoped package detected, looking in 'typescript__lib-es2021/weakref'
Directory '/Users/node_modules' does not exist, skipping all lookups in it.
Scoped package detected, looking in 'typescript__lib-es2021/weakref'
Directory '/node_modules' does not exist, skipping all lookups in it.
Scoped package detected, looking in 'typescript__lib-es2021/weakref'
Loading module '@typescript/lib-es2021/weakref' from 'node_modules' folder, target file types: JavaScript.
Searching all ancestor node_modules directories for fallback extensions: JavaScript.
Directory '/Users/marcela-dev/Projects/node_modules' does not exist, skipping all lookups in it.
Directory '/Users/node_modules' does not exist, skipping all lookups in it.
Directory '/node_modules' does not exist, skipping all lookups in it.
======== Module name '@typescript/lib-es2021/weakref' was not resolved. ========
File '/Users/marcela-dev/Projects/motherboard-systems-hq-clean/node_modules/typescript/lib/package.json' does not exist according to earlier cached lookups.
File '/Users/marcela-dev/Projects/motherboard-systems-hq-clean/node_modules/typescript/package.json' exists according to earlier cached lookups.
======== Resolving module '@typescript/lib-es2021/intl' from '/Users/marcela-dev/Projects/motherboard-systems-hq-clean/__lib_node_modules_lookup_lib.es2021.intl.d.ts__.ts'. ========
Explicitly specified module resolution kind: 'Node10'.
Loading module '@typescript/lib-es2021/intl' from 'node_modules' folder, target file types: TypeScript, Declaration.
Searching all ancestor node_modules directories for preferred extensions: TypeScript, Declaration.
Scoped package detected, looking in 'typescript__lib-es2021/intl'
Directory '/Users/marcela-dev/Projects/node_modules' does not exist, skipping all lookups in it.
Scoped package detected, looking in 'typescript__lib-es2021/intl'
Scoped package detected, looking in 'typescript__lib-es2021/intl'
Directory '/Users/node_modules' does not exist, skipping all lookups in it.
Scoped package detected, looking in 'typescript__lib-es2021/intl'
Directory '/node_modules' does not exist, skipping all lookups in it.
Scoped package detected, looking in 'typescript__lib-es2021/intl'
Loading module '@typescript/lib-es2021/intl' from 'node_modules' folder, target file types: JavaScript.
Searching all ancestor node_modules directories for fallback extensions: JavaScript.
Directory '/Users/marcela-dev/Projects/node_modules' does not exist, skipping all lookups in it.
Directory '/Users/node_modules' does not exist, skipping all lookups in it.
Directory '/node_modules' does not exist, skipping all lookups in it.
======== Module name '@typescript/lib-es2021/intl' was not resolved. ========
File '/Users/marcela-dev/Projects/motherboard-systems-hq-clean/node_modules/typescript/lib/package.json' does not exist according to earlier cached lookups.
File '/Users/marcela-dev/Projects/motherboard-systems-hq-clean/node_modules/typescript/package.json' exists according to earlier cached lookups.
======== Resolving module '@typescript/lib-dom' from '/Users/marcela-dev/Projects/motherboard-systems-hq-clean/__lib_node_modules_lookup_lib.dom.d.ts__.ts'. ========
Explicitly specified module resolution kind: 'Node10'.
Loading module '@typescript/lib-dom' from 'node_modules' folder, target file types: TypeScript, Declaration.
Searching all ancestor node_modules directories for preferred extensions: TypeScript, Declaration.
Scoped package detected, looking in 'typescript__lib-dom'
File '/Users/marcela-dev/Projects/motherboard-systems-hq-clean/node_modules/@types/typescript__lib-dom.d.ts' does not exist.
Directory '/Users/marcela-dev/Projects/node_modules' does not exist, skipping all lookups in it.
Scoped package detected, looking in 'typescript__lib-dom'
Scoped package detected, looking in 'typescript__lib-dom'
File '/Users/marcela-dev/node_modules/@types/typescript__lib-dom.d.ts' does not exist.
Directory '/Users/node_modules' does not exist, skipping all lookups in it.
Scoped package detected, looking in 'typescript__lib-dom'
Directory '/node_modules' does not exist, skipping all lookups in it.
Scoped package detected, looking in 'typescript__lib-dom'
Loading module '@typescript/lib-dom' from 'node_modules' folder, target file types: JavaScript.
Searching all ancestor node_modules directories for fallback extensions: JavaScript.
Directory '/Users/marcela-dev/Projects/node_modules' does not exist, skipping all lookups in it.
Directory '/Users/node_modules' does not exist, skipping all lookups in it.
Directory '/node_modules' does not exist, skipping all lookups in it.
======== Module name '@typescript/lib-dom' was not resolved. ========
File '/Users/marcela-dev/Projects/motherboard-systems-hq-clean/node_modules/typescript/lib/package.json' does not exist according to earlier cached lookups.
File '/Users/marcela-dev/Projects/motherboard-systems-hq-clean/node_modules/typescript/package.json' exists according to earlier cached lookups.
======== Resolving module '@typescript/lib-webworker/importscripts' from '/Users/marcela-dev/Projects/motherboard-systems-hq-clean/__lib_node_modules_lookup_lib.webworker.importscripts.d.ts__.ts'. ========
Explicitly specified module resolution kind: 'Node10'.
Loading module '@typescript/lib-webworker/importscripts' from 'node_modules' folder, target file types: TypeScript, Declaration.
Searching all ancestor node_modules directories for preferred extensions: TypeScript, Declaration.
Scoped package detected, looking in 'typescript__lib-webworker/importscripts'
Directory '/Users/marcela-dev/Projects/node_modules' does not exist, skipping all lookups in it.
Scoped package detected, looking in 'typescript__lib-webworker/importscripts'
Scoped package detected, looking in 'typescript__lib-webworker/importscripts'
Directory '/Users/node_modules' does not exist, skipping all lookups in it.
Scoped package detected, looking in 'typescript__lib-webworker/importscripts'
Directory '/node_modules' does not exist, skipping all lookups in it.
Scoped package detected, looking in 'typescript__lib-webworker/importscripts'
Loading module '@typescript/lib-webworker/importscripts' from 'node_modules' folder, target file types: JavaScript.
Searching all ancestor node_modules directories for fallback extensions: JavaScript.
Directory '/Users/marcela-dev/Projects/node_modules' does not exist, skipping all lookups in it.
Directory '/Users/node_modules' does not exist, skipping all lookups in it.
Directory '/node_modules' does not exist, skipping all lookups in it.
======== Module name '@typescript/lib-webworker/importscripts' was not resolved. ========
File '/Users/marcela-dev/Projects/motherboard-systems-hq-clean/node_modules/typescript/lib/package.json' does not exist according to earlier cached lookups.
File '/Users/marcela-dev/Projects/motherboard-systems-hq-clean/node_modules/typescript/package.json' exists according to earlier cached lookups.
======== Resolving module '@typescript/lib-scripthost' from '/Users/marcela-dev/Projects/motherboard-systems-hq-clean/__lib_node_modules_lookup_lib.scripthost.d.ts__.ts'. ========
Explicitly specified module resolution kind: 'Node10'.
Loading module '@typescript/lib-scripthost' from 'node_modules' folder, target file types: TypeScript, Declaration.
Searching all ancestor node_modules directories for preferred extensions: TypeScript, Declaration.
Scoped package detected, looking in 'typescript__lib-scripthost'
File '/Users/marcela-dev/Projects/motherboard-systems-hq-clean/node_modules/@types/typescript__lib-scripthost.d.ts' does not exist.
Directory '/Users/marcela-dev/Projects/node_modules' does not exist, skipping all lookups in it.
Scoped package detected, looking in 'typescript__lib-scripthost'
Scoped package detected, looking in 'typescript__lib-scripthost'
File '/Users/marcela-dev/node_modules/@types/typescript__lib-scripthost.d.ts' does not exist.
Directory '/Users/node_modules' does not exist, skipping all lookups in it.
Scoped package detected, looking in 'typescript__lib-scripthost'
Directory '/node_modules' does not exist, skipping all lookups in it.
Scoped package detected, looking in 'typescript__lib-scripthost'
Loading module '@typescript/lib-scripthost' from 'node_modules' folder, target file types: JavaScript.
Searching all ancestor node_modules directories for fallback extensions: JavaScript.
Directory '/Users/marcela-dev/Projects/node_modules' does not exist, skipping all lookups in it.
Directory '/Users/node_modules' does not exist, skipping all lookups in it.
Directory '/node_modules' does not exist, skipping all lookups in it.
======== Module name '@typescript/lib-scripthost' was not resolved. ========
File '/Users/marcela-dev/Projects/motherboard-systems-hq-clean/node_modules/typescript/lib/package.json' does not exist according to earlier cached lookups.
File '/Users/marcela-dev/Projects/motherboard-systems-hq-clean/node_modules/typescript/package.json' exists according to earlier cached lookups.
======== Resolving module '@typescript/lib-dom/iterable' from '/Users/marcela-dev/Projects/motherboard-systems-hq-clean/__lib_node_modules_lookup_lib.dom.iterable.d.ts__.ts'. ========
Explicitly specified module resolution kind: 'Node10'.
Loading module '@typescript/lib-dom/iterable' from 'node_modules' folder, target file types: TypeScript, Declaration.
Searching all ancestor node_modules directories for preferred extensions: TypeScript, Declaration.
Scoped package detected, looking in 'typescript__lib-dom/iterable'
Directory '/Users/marcela-dev/Projects/node_modules' does not exist, skipping all lookups in it.
Scoped package detected, looking in 'typescript__lib-dom/iterable'
Scoped package detected, looking in 'typescript__lib-dom/iterable'
Directory '/Users/node_modules' does not exist, skipping all lookups in it.
Scoped package detected, looking in 'typescript__lib-dom/iterable'
Directory '/node_modules' does not exist, skipping all lookups in it.
Scoped package detected, looking in 'typescript__lib-dom/iterable'
Loading module '@typescript/lib-dom/iterable' from 'node_modules' folder, target file types: JavaScript.
Searching all ancestor node_modules directories for fallback extensions: JavaScript.
Directory '/Users/marcela-dev/Projects/node_modules' does not exist, skipping all lookups in it.
Directory '/Users/node_modules' does not exist, skipping all lookups in it.
Directory '/node_modules' does not exist, skipping all lookups in it.
======== Module name '@typescript/lib-dom/iterable' was not resolved. ========
File '/Users/marcela-dev/Projects/motherboard-systems-hq-clean/node_modules/typescript/lib/package.json' does not exist according to earlier cached lookups.
File '/Users/marcela-dev/Projects/motherboard-systems-hq-clean/node_modules/typescript/package.json' exists according to earlier cached lookups.
======== Resolving module '@typescript/lib-dom/asynciterable' from '/Users/marcela-dev/Projects/motherboard-systems-hq-clean/__lib_node_modules_lookup_lib.dom.asynciterable.d.ts__.ts'. ========
Explicitly specified module resolution kind: 'Node10'.
Loading module '@typescript/lib-dom/asynciterable' from 'node_modules' folder, target file types: TypeScript, Declaration.
Searching all ancestor node_modules directories for preferred extensions: TypeScript, Declaration.
Scoped package detected, looking in 'typescript__lib-dom/asynciterable'
Directory '/Users/marcela-dev/Projects/node_modules' does not exist, skipping all lookups in it.
Scoped package detected, looking in 'typescript__lib-dom/asynciterable'
Scoped package detected, looking in 'typescript__lib-dom/asynciterable'
Directory '/Users/node_modules' does not exist, skipping all lookups in it.
Scoped package detected, looking in 'typescript__lib-dom/asynciterable'
Directory '/node_modules' does not exist, skipping all lookups in it.
Scoped package detected, looking in 'typescript__lib-dom/asynciterable'
Loading module '@typescript/lib-dom/asynciterable' from 'node_modules' folder, target file types: JavaScript.
Searching all ancestor node_modules directories for fallback extensions: JavaScript.
Directory '/Users/marcela-dev/Projects/node_modules' does not exist, skipping all lookups in it.
Directory '/Users/node_modules' does not exist, skipping all lookups in it.
Directory '/node_modules' does not exist, skipping all lookups in it.
======== Module name '@typescript/lib-dom/asynciterable' was not resolved. ========
File '/Users/marcela-dev/Projects/motherboard-systems-hq-clean/node_modules/typescript/lib/package.json' does not exist according to earlier cached lookups.
File '/Users/marcela-dev/Projects/motherboard-systems-hq-clean/node_modules/typescript/package.json' exists according to earlier cached lookups.
db/matilda-canonical-package-runtime.ts(6,49): error TS5097: An import path can only end with a '.ts' extension when 'allowImportingTsExtensions' is enabled.
routes/agentsStatus.ts(2,24): error TS2339: Property 'Router' does not exist on type 'typeof import("express")'.
routes/api-chat.ts(10,24): error TS2339: Property 'Router' does not exist on type 'typeof import("express")'.
routes/api-chat.ts(16,37): error TS2339: Property 'body' does not exist on type 'Request'.
routes/api-chat.ts(26,18): error TS2339: Property 'status' does not exist on type 'Response'.
routes/api-chat.ts(66,16): error TS2339: Property 'json' does not exist on type 'Response'.
routes/api-chat.ts(88,16): error TS2339: Property 'status' does not exist on type 'Response'.
routes/api/delegate.ts(2,24): error TS2339: Property 'Router' does not exist on type 'typeof import("express")'.
routes/api/logs.ts(2,24): error TS2339: Property 'Router' does not exist on type 'typeof import("express")'.
routes/api/tasks.ts(2,24): error TS2339: Property 'Router' does not exist on type 'typeof import("express")'.
routes/cade.ts(5,24): error TS2339: Property 'Router' does not exist on type 'typeof import("express")'.
routes/delegate.ts(2,24): error TS2339: Property 'Router' does not exist on type 'typeof import("express")'.
routes/delegations-result-stub.ts(2,24): error TS2339: Property 'Router' does not exist on type 'typeof import("express")'.
routes/delegations.ts(2,24): error TS2339: Property 'Router' does not exist on type 'typeof import("express")'.
routes/diagnostics/autonomicAdaptation.ts(2,24): error TS2339: Property 'Router' does not exist on type 'typeof import("express")'.
routes/diagnostics/introspectiveSim.ts(2,24): error TS2339: Property 'Router' does not exist on type 'typeof import("express")'.
routes/diagnostics/persistentInsight.ts(2,24): error TS2339: Property 'Router' does not exist on type 'typeof import("express")'.
routes/diagnostics/systemChronicle.ts(2,24): error TS2339: Property 'Router' does not exist on type 'typeof import("express")'.
routes/diagnostics/systemHealth.fix.ts(4,24): error TS2339: Property 'Router' does not exist on type 'typeof import("express")'.
routes/diagnostics/systemHealth.js.route.smoke.ts(2,24): error TS2339: Property 'Router' does not exist on type 'typeof import("express")'.
routes/diagnostics/systemHealth.js.route.smoke.ts(4,10): error TS2440: Import declaration conflicts with local declaration of 'router'.
routes/diagnostics/systemHealth.route.smoke.ts(2,24): error TS2339: Property 'Router' does not exist on type 'typeof import("express")'.
routes/diagnostics/systemHealth.route.smoke.ts(4,10): error TS2440: Import declaration conflicts with local declaration of 'router'.
routes/diagnostics/systemHealth.ts(4,24): error TS2339: Property 'Router' does not exist on type 'typeof import("express")'.
routes/diagnostics/systemHealthSituationSummary.smoke.ts(2,24): error TS2339: Property 'Router' does not exist on type 'typeof import("express")'.
routes/diagnostics/systemHealthSituationSummary.smoke.ts(5,3): error TS2724: '"./systemHealthSituationSummary"' has no exported member named 'buildSystemHealthSituationSummaryPayload'. Did you mean 'buildSystemHealthSituationSummary'?
routes/eventsAgents.ts(2,24): error TS2339: Property 'Router' does not exist on type 'typeof import("express")'.
routes/logs.ts(2,24): error TS2339: Property 'Router' does not exist on type 'typeof import("express")'.
routes/matilda.ts(2,24): error TS2339: Property 'Router' does not exist on type 'typeof import("express")'.
routes/reflections.ts(4,24): error TS2339: Property 'Router' does not exist on type 'typeof import("express")'.
routes/reset.ts(2,24): error TS2339: Property 'Router' does not exist on type 'typeof import("express")'.
routes/tasks.ts(5,24): error TS2339: Property 'Router' does not exist on type 'typeof import("express")'.
scripts/reset-roundtrip.ts(33,34): error TS1343: The 'import.meta' meta-property is only allowed when the '--module' option is 'es2020', 'es2022', 'esnext', 'system', 'node16', 'node18', 'node20', or 'nodenext'.
scripts/utils/ollamaChat.ts(21,24): error TS2304: Cannot find name 'reson'.
server/ellis/assignment-boundary.ts(396,48): error TS2339: Property 'requires_ellis_recoordination' does not exist on type '{ ok: true; capability_status: "CAPABILITY_CONFIRMED"; findings: string[]; } | { ok: false; capability_status?: "CAPABILITY_CONFIRMED" | "CAPABILITY_CONFLICT_REPORTED"; requires_ellis_recoordination: boolean; findings: string[]; }'.
  Property 'requires_ellis_recoordination' does not exist on type '{ ok: true; capability_status: "CAPABILITY_CONFIRMED"; findings: string[]; }'.
server/execution/matilda-execution-registry-validate.ts(10,54): error TS2339: Property 'transitions' does not exist on type '{ states: string[]; final_state_is_derived_only: boolean; }'.
server/execution/matilda-execution-switch-evaluator.ts(24,54): error TS2339: Property 'transitions' does not exist on type '{ states: string[]; final_state_is_derived_only: boolean; }'.
server/execution/matilda-execution-transition-table.ts(10,41): error TS2339: Property 'transitions' does not exist on type '{ states: string[]; final_state_is_derived_only: boolean; }'.
server/execution/package-to-execution-compiler.ts(2,36): error TS2307: Cannot find module '../orchestrator/phase18_store.mjs.js' or its corresponding type declarations.
server/execution/pec-runtime-binder.ts(4,23): error TS2307: Cannot find module '../orchestrator/phase18_store.mjs.js' or its corresponding type declarations.
server/lifecycle/production-lifecycle-consumer.ts(26,3): error TS2305: Module '"../../db/operational-intake-runtime.js"' has no exported member 'createOperationalIntakeRecord'.
server/lifecycle/production-lifecycle-consumer.ts(28,8): error TS2305: Module '"../../db/operational-intake-runtime.js"' has no exported member 'CreateOperationalIntakeRecordInput'.
server/lifecycle/production-lifecycle-consumer.ts(30,8): error TS2724: '"../../db/operational-intake-runtime.js"' has no exported member named 'OperationalIntakeRecord'. Did you mean 'mapOperationalIntake'?
server/operational/production-operational-consumer.ts(2,15): error TS2724: '"../../db/operational-intake-runtime.js"' has no exported member named 'OperationalIntakeRecord'. Did you mean 'mapOperationalIntake'?
server/operational/production-operational-consumer.ts(30,29): error TS2503: Cannot find namespace 'authority'.
server/operational/production-operational-consumer.ts(56,29): error TS2503: Cannot find namespace 'authority'.
server/operational/production-operational-consumer.ts(92,29): error TS2304: Cannot find name 'authority'.
server/operational/production-operational-consumer.ts(126,29): error TS2304: Cannot find name 'authority'.
server/operational/production-operational-consumer.ts(158,27): error TS2304: Cannot find name 'authority'.
server/operational/production-scheduler-consumer.ts(28,29): error TS2503: Cannot find namespace 'authority'.
server/operational/production-scheduler-consumer.ts(52,29): error TS2503: Cannot find namespace 'authority'.
server/operational/production-scheduler-consumer.ts(86,29): error TS2304: Cannot find name 'authority'.
server/operational/production-scheduler-consumer.ts(116,27): error TS2304: Cannot find name 'authority'.
server/operational/production-scheduler-dispatch-consumer.ts(28,29): error TS2503: Cannot find namespace 'authority'.
server/operational/production-scheduler-dispatch-consumer.ts(52,29): error TS2503: Cannot find namespace 'authority'.
server/operational/production-scheduler-dispatch-consumer.ts(86,29): error TS2304: Cannot find name 'authority'.
server/operational/production-scheduler-dispatch-consumer.ts(116,27): error TS2304: Cannot find name 'authority'.
server/operational/production-scheduler-execution-consumer.ts(28,29): error TS2503: Cannot find namespace 'authority'.
server/operational/production-scheduler-execution-consumer.ts(52,29): error TS2503: Cannot find namespace 'authority'.
server/operational/production-scheduler-execution-consumer.ts(86,29): error TS2304: Cannot find name 'authority'.
server/operational/production-scheduler-execution-consumer.ts(116,27): error TS2304: Cannot find name 'authority'.
server/operational/production-scheduler-runtime-consumer.ts(2,15): error TS2724: '"./scheduler-runtime-entry-point"' has no exported member named 'SchedulerRuntimeEntryPointResult'. Did you mean 'schedulerRuntimeEntryPoint'?
server/operational/production-scheduler-runtime-consumer.ts(28,29): error TS2503: Cannot find namespace 'authority'.
server/operational/production-scheduler-runtime-consumer.ts(52,29): error TS2503: Cannot find namespace 'authority'.
server/operational/production-scheduler-runtime-consumer.ts(86,29): error TS2304: Cannot find name 'authority'.
server/operational/production-scheduler-runtime-consumer.ts(116,27): error TS2304: Cannot find name 'authority'.
server/operational/production-scheduler-runtime-dispatch-consumer.ts(28,29): error TS2503: Cannot find namespace 'authority'.
server/operational/production-scheduler-runtime-dispatch-consumer.ts(52,29): error TS2503: Cannot find namespace 'authority'.
server/operational/production-scheduler-runtime-dispatch-consumer.ts(86,29): error TS2304: Cannot find name 'authority'.
server/operational/production-scheduler-runtime-dispatch-consumer.ts(116,27): error TS2304: Cannot find name 'authority'.
server/operational/production-scheduler-runtime-finalization-consumer.ts(28,29): error TS2503: Cannot find namespace 'authority'.
server/operational/production-scheduler-runtime-finalization-consumer.ts(52,29): error TS2503: Cannot find namespace 'authority'.
server/operational/production-scheduler-runtime-finalization-consumer.ts(92,29): error TS2304: Cannot find name 'authority'.
server/operational/production-scheduler-runtime-finalization-consumer.ts(122,27): error TS2304: Cannot find name 'authority'.
server/operational/production-scheduler-runtime-finalization-readiness-completion-consumer.ts(28,29): error TS2503: Cannot find namespace 'authority'.
server/operational/production-scheduler-runtime-finalization-readiness-completion-consumer.ts(52,29): error TS2503: Cannot find namespace 'authority'.
server/operational/production-scheduler-runtime-finalization-readiness-completion-consumer.ts(94,29): error TS2304: Cannot find name 'authority'.
server/operational/production-scheduler-runtime-finalization-readiness-completion-consumer.ts(124,27): error TS2304: Cannot find name 'authority'.
server/operational/production-scheduler-runtime-finalization-readiness-consumer.ts(28,29): error TS2503: Cannot find namespace 'authority'.
server/operational/production-scheduler-runtime-finalization-readiness-consumer.ts(52,29): error TS2503: Cannot find namespace 'authority'.
server/operational/production-scheduler-runtime-finalization-readiness-consumer.ts(94,29): error TS2304: Cannot find name 'authority'.
server/operational/production-scheduler-runtime-finalization-readiness-consumer.ts(124,27): error TS2304: Cannot find name 'authority'.
server/operational/scheduler-dispatch-contract.ts(4,15): error TS2724: '"../../db/operational-intake-runtime.js"' has no exported member named 'OperationalIntakeRecord'. Did you mean 'mapOperationalIntake'?
server/operational/scheduler-entry-point.ts(28,29): error TS2503: Cannot find namespace 'authority'.
server/operational/scheduler-entry-point.ts(52,29): error TS2503: Cannot find namespace 'authority'.
server/operational/scheduler-entry-point.ts(86,29): error TS2304: Cannot find name 'authority'.
server/operational/scheduler-entry-point.ts(116,27): error TS2304: Cannot find name 'authority'.
server/operational/scheduler-execution-entry-point.ts(28,29): error TS2503: Cannot find namespace 'authority'.
server/operational/scheduler-execution-entry-point.ts(52,29): error TS2503: Cannot find namespace 'authority'.
server/operational/scheduler-execution-entry-point.ts(86,29): error TS2304: Cannot find name 'authority'.
server/operational/scheduler-execution-entry-point.ts(116,27): error TS2304: Cannot find name 'authority'.
server/operational/scheduler-runtime-finalization-entry-point.ts(28,29): error TS2503: Cannot find namespace 'authority'.
server/operational/scheduler-runtime-finalization-entry-point.ts(52,29): error TS2503: Cannot find namespace 'authority'.
server/operational/scheduler-runtime-finalization-entry-point.ts(92,29): error TS2304: Cannot find name 'authority'.
server/operational/scheduler-runtime-finalization-entry-point.ts(122,27): error TS2304: Cannot find name 'authority'.
server/operational/scheduler-runtime-finalization-readiness-completion-entry-point.ts(28,29): error TS2503: Cannot find namespace 'authority'.
server/operational/scheduler-runtime-finalization-readiness-completion-entry-point.ts(52,29): error TS2503: Cannot find namespace 'authority'.
server/operational/scheduler-runtime-finalization-readiness-completion-entry-point.ts(94,29): error TS2304: Cannot find name 'authority'.
server/operational/scheduler-runtime-finalization-readiness-completion-entry-point.ts(124,27): error TS2304: Cannot find name 'authority'.
server/operational/scheduler-runtime-finalization-readiness-entry-point.ts(28,29): error TS2503: Cannot find namespace 'authority'.
server/operational/scheduler-runtime-finalization-readiness-entry-point.ts(52,29): error TS2503: Cannot find namespace 'authority'.
server/operational/scheduler-runtime-finalization-readiness-entry-point.ts(86,29): error TS2304: Cannot find name 'authority'.
server/operational/scheduler-runtime-finalization-readiness-entry-point.ts(116,27): error TS2304: Cannot find name 'authority'.
server/orchestration/deps.ts(43,81): error TS2339: Property 'error' does not exist on type 'DepsResolution'.
  Property 'error' does not exist on type '{ ok: true; blockedBy: string[]; }'.
server/routes/governance-delegation-route.ts(252,12): error TS2694: Namespace '"express"' has no exported member 'Router'.
server/routes/governance-delegation-route.ts(254,26): error TS2339: Property 'Router' does not exist on type 'typeof import("express")'.
server/routes/governance-envelope-gate-route.ts(260,12): error TS2694: Namespace '"express"' has no exported member 'Router'.
server/routes/governance-envelope-gate-route.ts(262,26): error TS2339: Property 'Router' does not exist on type 'typeof import("express")'.
server/routes/governance-envelope-route.ts(260,12): error TS2694: Namespace '"express"' has no exported member 'Router'.
server/routes/governance-envelope-route.ts(262,26): error TS2339: Property 'Router' does not exist on type 'typeof import("express")'.
server/routes/governance-lifecycle-route.ts(238,12): error TS2694: Namespace '"express"' has no exported member 'Router'.
server/routes/governance-lifecycle-route.ts(240,26): error TS2339: Property 'Router' does not exist on type 'typeof import("express")'.
server/routes/governance-package-route.ts(272,12): error TS2694: Namespace '"express"' has no exported member 'Router'.
server/routes/governance-package-route.ts(274,26): error TS2339: Property 'Router' does not exist on type 'typeof import("express")'.
server/routes/governance-validation-route.ts(270,12): error TS2694: Namespace '"express"' has no exported member 'Router'.
server/routes/governance-validation-route.ts(272,26): error TS2339: Property 'Router' does not exist on type 'typeof import("express")'.
server/routes/matilda-assignment-route.ts(6,24): error TS2339: Property 'Router' does not exist on type 'typeof import("express")'.
server/routes/matilda-canonical-package-route.ts(6,24): error TS2339: Property 'Router' does not exist on type 'typeof import("express")'.
server/routes/matilda-delegation-route.ts(6,24): error TS2339: Property 'Router' does not exist on type 'typeof import("express")'.
server/routes/matilda-draft-synthesis-route.ts(6,24): error TS2339: Property 'Router' does not exist on type 'typeof import("express")'.
server/routes/matilda-envelope-route.ts(6,24): error TS2339: Property 'Router' does not exist on type 'typeof import("express")'.
server/routes/matilda-execution-authorization-route.ts(6,24): error TS2339: Property 'Router' does not exist on type 'typeof import("express")'.
server/routes/matilda-execution-planning-route.ts(6,24): error TS2339: Property 'Router' does not exist on type 'typeof import("express")'.
server/routes/matilda-governance-validation-route.ts(6,24): error TS2339: Property 'Router' does not exist on type 'typeof import("express")'.
server/routes/matilda-interpretation-ledger-route.ts(12,68): error TS2694: Namespace '"express"' has no exported member 'Router'.
server/routes/matilda-interpretation-ledger-route.ts(14,26): error TS2339: Property 'Router' does not exist on type 'typeof import("express")'.
server/routes/matilda-living-draft-route.ts(12,59): error TS2694: Namespace '"express"' has no exported member 'Router'.
server/routes/matilda-living-draft-route.ts(14,26): error TS2339: Property 'Router' does not exist on type 'typeof import("express")'.
server/routes/matilda-preview-confirmation-route.ts(6,24): error TS2339: Property 'Router' does not exist on type 'typeof import("express")'.
server/routes/matilda-preview-route.ts(6,24): error TS2339: Property 'Router' does not exist on type 'typeof import("express")'.
server/routes/matilda-reconciled-intent-route.ts(6,24): error TS2339: Property 'Router' does not exist on type 'typeof import("express")'.
server/routes/matilda-routing-route.ts(6,24): error TS2339: Property 'Router' does not exist on type 'typeof import("express")'.
